7003.0,1970071500.0,11.833026025911742,26.0,81.24123960938374,287.41002983926734,297.0566511939117,44.05441913554338,296.6817989692938
7003.0,1970071506.0,15.749715389858702,25.0,83.84716432679616,284.5638309721432,284.5645961221202,44.99992297017284,296.6817989692938
7004.0,1970080112.0,24.2358211969553,14.0,133.7202001013979,-109.4244277630736,285.93794418558565,-20.94114523838547,296.65685059725575
7004.0,1970080118.0,20.352143326993016,14.0,133.7202001013979,-75.04168617367925,164.35405632255308,-24.540753642697318,296.65685059725575
7004.0,1970080200.0,18.023571301820187,18.0,109.22843718657725,73.15882269526006,80.29842501016465,42.33623328370689,81.13872883082676
7004.0,1970080206.0,17.099892535315103,20.0,100.3462021112321,61.032318980656186,101.6721010779128,30.97579573881317,274.0383987092965
7004.0,1970080212.0,64.78902943660317,20.0,100.3462021112321,-58.39948761660021,191.97171373129876,-16.92022326439639,274.0383987092965
7004.0,1970080100.0,11.625138097540178,9.0,190.8380043790661,-149.59505320575389,217.57148265484295,-34.51114422546726,290.00520077145694
7004.0,1970080106.0,36.53404869014251,12.0,151.3872093946261,254.86498620257584,272.5060641651038,43.08411447105925,290.00520077145694
7010.0,1970090800.0,15.55228941271807,15.0,126.49595057933435,284.92350468026734,298.99985728467533,43.619066347216005,299.09569390388486
7010.0,1970090806.0,12.212947414184441,14.0,133.7202001013979,-57.44719078166787,283.8237539155478,-11.442337199359498,299.09569390388486
7010.0,1970090812.0,16.92335187431334,14.0,133.7202001013979,206.65146753924904,212.2467441963423,44.23473849927836,293.9847503670927
7010.0,1970090818.0,14.655444484942885,14.0,133.7202001013979,196.66131983123202,208.92489901975875,43.26809373832134,293.9847503670927
7010.0,1970090900.0,9.264939372656881,13.0,141.94028990686283,194.9171616505929,248.1914336066737,38.144321948318414,77.89500946840252
7114.0,1971072018.0,24.891278848954542,65.0,38.853919355861585,-160.58230021201618,285.97593836480286,-29.315248009677386,77.89500946840252
7114.0,1971072100.0,16.529233956950034,65.0,38.853919355861585,-154.68088096999819,185.78182225249643,-39.78057144476021,18.419144951715857
7114.0,1971072106.0,17.6598598700563,55.0,44.44655669143675,152.81354434772442,154.26276656247285,44.72959913523995,18.419144951715857
7114.0,1971072112.0,11.741874517855221,55.0,44.44655669143675,175.84402447667068,195.39339507748372,41.985587345546335,301.41120800872426
7114.0,1971072118.0,17.680614878239734,50.0,47.99093740128585,197.16704276419924,230.97185571983184,40.48542986967729,301.41120800872426
7114.0,1971072000.0,2.514114904536584,13.0,141.94028990686283,-55.96207814347036,208.77620119651758,-15.00529084637796,257.4552382026677
7114.0,1971072006.0,5.812761998369727,18.0,109.22843718657725,-146.69643462513702,223.2886040091632,-33.304165056107806,257.4552382026677
7114.0,1971072012.0,5.811615957549233,20.0,100.3462021112321,-147.54051590627614,250.6986878770072,-30.477547694809797,153.4526881899474
7114.0,1971072018.0,20.474041536350967,20.0,100.3462021112321,-61.04686355306361,279.74468920448294,-12.310295150987317,153.4526881899474
7115.0,1971072600.0,21.483577251214044,50.0,47.99093740128585,159.7243814177894,162.35386357638,44.53224135684775,246.00000780289028
7115.0,1971072606.0,27.59458634507634,35.0,63.95217374784219,229.20425786953723,229.98408471932066,44.90269625740782,246.00000780289028
7115.0,1971072612.0,44.061200010929724,30.0,72.40148542303059,-247.7286335556995,281.58953216182783,-41.33973149219328,249.4029158529503
7122.0,1971091900.0,15.393503308518381,25.0,83.84716432679616,261.67805261539206,279.92548666550397,43.07034931865515,249.4029158529503
7122.0,1971091906.0,20.297116958397115,20.0,100.3462021112321,227.11518262452972,268.79109017383854,40.196157265142624,248.1580797643545
7122.0,1971091912.0,5.011354670990271,12.0,151.3872093946261,168.17467764411842,231.36627188820083,36.01251756989084,248.1580797643545
7204.0,1972071100.0,11.558402715131892,30.0,72.40148542303059,-70.38606954924268,271.6985611133529,-14.523725337716051,123.63207131508383
7204.0,1972071106.0,10.251174567796573,25.0,83.84716432679616,1.9556174305084253,205.30015792160765,0.5457630301223884,282.08442586469465
7204.0,1972071112.0,5.056182600032078,25.0,83.84716432679616,-32.91071858756118,143.80413289042016,-12.890601787651814,282.08442586469465
7204.0,1972071118.0,5.818682760011934,25.0,83.84716432679616,-78.26863995401787,114.46826446370731,-34.36269721180779,288.47240421651003
7204.0,1972071200.0,4.083369489472671,25.0,83.84716432679616,89.67241849922083,91.72775332630003,44.35084420846945,288.47240421651003
7204.0,1972071206.0,5.458884667920369,25.0,83.84716432679616,33.13709299785032,98.6392600474539,18.569374263069477,281.31094757756443
7204.0,1972071212.0,5.455377235225055,25.0,83.84716432679616,33.083405589725764,129.6895264921169,14.310768619288533,281.31094757756443
7204.0,1972071218.0,7.568063743709064,25.0,83.84716432679616,126.70620288938021,161.37735977115435,38.137399718679774,296.6282575519034
7204.0,1972071300.0,4.083885749520102,25.0,83.84716432679616,176.54584864769495,191.59826290616613,42.65863513087117,296.6282575519034
7204.0,1972071306.0,3.901246559500701,25.0,83.84716432679616,110.77251101003878,184.45174995518323,30.986924867725456,306.9266548405212
7204.0,1972071312.0,5.476205237564195,25.0,83.84716432679616,92.3731567607694,167.1353488336147,28.92875907637668,306.9266548405212
7204.0,1972071318.0,6.873207420903295,25.0,83.84716432679616,54.145903797692704,141.97123639266908,20.876172621474733,75.50668734987676
7204.0,1972071400.0,7.804632437489114,25.0,83.84716432679616,8.439555886518905,105.71481754562276,4.564426973897009,44.96154109311913
7204.0,1972071406.0,18.86191499428865,23.0,89.66835004458707,-6.5437403626585535,59.19245000107805,-6.3084469178142415,44.96154109311913
7204.0,1972071412.0,18.723502990131095,23.0,89.66835004458707,-12.056704861054639,54.787567818148275,-12.410849828884581,18.415911747324248
7204.0,1972071418.0,20.663502650929725,23.0,89.66835004458707,-64.68768305581688,166.22857525494194,-21.263449604026615,18.415911747324248
7301.0,1973070118.0,13.429552221503178,20.0,100.3462021112321,79.97784631364843,269.1634812591577,16.548518455113072,18.41992241363482
7301.0,1973070200.0,11.25311073423657,28.0,76.53637190808041,59.68099385564859,193.13326908241655,17.17191098645077,18.41992241363482
7301.0,1973070206.0,11.252024892692665,28.0,76.53637190808041,59.42401103071436,129.9540341752902,24.5731709764612,217.8232407030886
7301.0,1973070212.0,14.924667525329882,28.0,76.53637190808041,-42.134570717923616,74.72712718685472,-29.41629143770224,217.8232407030886
7301.0,1973070218.0,15.212356595537342,30.0,72.40148542303059,-44.156223462560334,48.31077362935148,-42.42742584227698,340.02837620962964
7301.0,1973070300.0,17.434826039308135,32.0,68.73601561075849,-54.70476650914203,121.20100770108559,-24.29230819826638,340.02837620962964
7301.0,1973070306.0,53.17743346887951,32.0,68.73601561075849,200.13394414914694,220.6281782871384,42.21147463327565,291.78615760302773
7304.0,1973071706.0,23.82647953624669,28.0,76.53637190808041,-241.42135196167638,299.03895231975923,-38.914773576316556,291.78615760302773
7304.0,1973071712.0,25.073187488003757,26.0,81.24123960938374,-247.67101592041033,252.206306347763,-44.4801807180975,105.69157243481416
7310.0,1973082006.0,22.545588485799342,15.0,126.49595057933435,-152.82577094531086,208.86871321176415,-36.19231491763209,105.69157243481416
7310.0,1973082012.0,24.205851924902607,15.0,126.49595057933435,-157.77716642298134,158.5568398442482,-44.858782473290155,296.565531222213
7310.0,1973082000.0,13.082663139381737,15.0,126.49595057933435,-183.43907262696646,237.8630752358219,-37.63926886636964,296.565531222213
7310.0,1973082006.0,11.541615744649627,15.0,126.49595057933435,275.95561272161376,294.9470367858312,43.094723612727336,265.21309959944347
7310.0,1973082018.0,9.861428403646313,12.0,151.3872093946261,-56.93491282835218,283.3406017356134,-11.361797585462982,265.21309959944347
7310.0,1973082100.0,4.0743095235897115,10.0,175.31944474510186,-38.45659134383934,225.64924985470984,-9.671788841096422,224.97672621284923
7310.0,1973082106.0,5.0220768770857465,10.0,175.31944474510186,26.09271804680674,201.6043381439791,7.374533601870885,224.97672621284923
7315.0,1973100900.0,9.426276215799131,35.0,63.95217374784219,136.6976850535315,255.5381387902512,28.144128120839948,207.7856654252521
7315.0,1973100906.0,15.220698035343423,35.0,63.95217374784219,127.43186384486063,208.9057962707764,31.38305675546156,38.55584505622259
7315.0,1973100912.0,15.690549013253543,35.0,63.95217374784219,114.82024336773064,145.54292195507134,38.27025600350953,38.55584505622259
7315.0,1973100918.0,18.014312714888447,35.0,63.95217374784219,114.4891337029296,114.74007348229082,44.93727769378744,58.96278450362468
7315.0,1973101000.0,26.241945958081942,35.0,63.95217374784219,150.75215416105596,156.64749466439503,43.901310627628035,58.96278450362468
7412.0,1974080918.0,13.427195197416689,20.0,100.3462021112321,120.87173271280164,287.83248167364303,22.77937516893275,44.910948298899555
7412.0,1974081000.0,13.422980069665542,16.0,120.0918404217308,119.31355829001919,216.33221972522108,28.878022918241523,44.910948298899555
7412.0,1974081006.0,12.972741441865262,16.0,120.0918404217308,-139.9438396483129,154.2126399099936,-42.22290082170822,18.386566873538367
7412.0,1974081012.0,13.084505999702706,16.0,120.0918404217308,137.43337041339652,137.8861396578644,44.90577586234793,18.386566873538367
7412.0,1974081018.0,8.155131648913974,17.0,114.3717338112809,153.02521729812298,153.79305326088985,44.85661327109866,333.4934251735782
7412.0,1974081100.0,11.24764044829292,17.0,114.3717338112809,130.82112964215935,168.90362493995582,37.75889988288379,333.4934251735782
7412.0,1974081106.0,11.618967028142523,20.0,100.3462021112321,158.75590178286217,219.94188772052706,35.822067437879,288.4677110952233
7417.0,1974082618.0,12.783999006900567,10.0,175.31944474510186,235.1618532409993,235.2328624106634,44.99135082609944,288.4677110952233
7417.0,1974082700.0,17.47431951761358,12.0,151.3872093946261,238.54992619219246,253.5673870988771,43.252103375918566,288.4658596875681
7417.0,1974082706.0,30.40797751958178,12.0,151.3872093946261,-240.00519736222677,240.08988134267915,-44.98989359642041,288.4658596875681
7417.0,1974082712.0,61.55989658183528,15.0,126.49595057933435,-111.90594183479874,292.3730035460501,-20.94437710415767,224.91710707154877
7419.0,1974090412.0,6.383649233695535,10.0,175.31944474510186,57.518677745627414,234.93814796576166,13.756828816621383,224.91710707154877
7420.0,1974092700.0,52.7414575349986,18.0,109.22843718657725,-179.61369110879383,291.4530547780007,-31.644270596480244,153.50385279477413
7426.0,1974110806.0,15.707137198866008,23.0,89.66835004458707,128.28388689293598,210.49146718554772,31.360191342606583,153.50385279477413
7426.0,1974110812.0,11.639862490682487,21.0,96.48139057295128,122.69419470588568,143.95751775265302,40.440771149249215,116.64270497634391
7426.0,1974110818.0,7.575594562590616,20.0,100.3462021112321,108.95043112335263,118.62305199476418,42.56620595668212,116.64270497634391
7426.0,1974110900.0,7.102171251547645,18.0,109.22843718657725,22.16126042840911,140.38917990865534,8.97045557425528,108.50166736661473
7426.0,1974110906.0,8.834669789472978,18.0,109.22843718657725,90.98125759235512,182.568625837625,26.488914030298442,108.50166736661473
7426.0,1974110912.0,6.538035315625128,12.0,151.3872093946261,156.40355773256036,229.67582362176472,34.25389547803353,89.9838903027265
7503.0,1975080312.0,17.762990277555144,40.0,57.43436099052307,233.19735716801515,259.18503785037996,41.97876257095204,89.9838903027265
7503.0,1975080318.0,43.87774575006125,35.0,63.95217374784219,190.17237613136263,240.30711492929893,38.357113263308804,63.37935451338365
7506.0,1975081512.0,17.838553457179742,15.0,126.49595057933435,-198.4644673133095,222.74056641697405,-41.701414120443644,63.37935451338365
7506.0,1975081518.0,20.74228720852628,15.0,126.49595057933435,-206.1911439647144,206.40516658532732,-44.97027944393089,48.77138892850928
7506.0,1975081600.0,15.27213262332137,15.0,126.49595057933435,-243.63463505370402,243.6349442174779,-44.99996364685961,48.77138892850928
7506.0,1975081606.0,9.210605621322932,15.0,126.49595057933435,-256.9862557844642,258.8280687445682,-44.79541541255586,29.029647400497353
7506.0,1975081612.0,9.222839594155795,15.0,126.49595057933435,-252.86055431156436,267.73238746742555,-43.363670486911175,29.029647400497353
7506.0,1975081618.0,32.23188023898536,15.0,126.49595057933435,-260.43791265808125,287.4233608939021,-42.1801187937959,10.301058238698056
7511.0,1975092212.0,17.121754314936464,45.0,52.23889874427604,-1.4812243827665468,260.92349618213296,-0.32525623500386475,10.301058238698056
7511.0,1975092218.0,14.077667857783583,40.0,57.43436099052307,76.91286639971248,158.20879619652723,25.9266042064125,178.7608733321275
7511.0,1975092300.0,19.39661539084351,30.0,72.40148542303059,74.57424600656438,95.96495401311776,37.85073467409186,262.7869134413088
7511.0,1975092306.0,19.497264857097687,30.0,72.40148542303059,89.52952561764812,99.21328407394809,42.0629217033992,249.27408712246853
7511.0,1975092312.0,20.110930768079715,22.0,92.93511238619287,164.22581923411283,183.90381919617357,41.76480327220296,63.30447916375189
7514.0,1975101300.0,19.351439931767718,80.0,32.87325033719918,-109.26208797939651,216.33221972522108,-26.79679690242699,344.1314593182311
7514.0,1975101306.0,19.32595610271206,60.0,41.4398648134883,-112.77555193919397,132.54686701895676,-40.392309476595905,344.1314593182311
7514.0,1975101312.0,17.613499517780156,50.0,47.99093740128585,111.97235709139338,122.84611014224485,42.34869487250942,350.57591743317937
7514.0,1975101318.0,15.59153345334469,45.0,52.23889874427604,93.72547807088374,188.76547769301365,26.405230883327537,350.57591743317937
7514.0,1975101400.0,39.39279198368181,45.0,52.23889874427604,237.32607126795193,272.4018778519409,41.063522588417335,350.5675844857192
7607.0,1976062712.0,9.442914438234412,25.0,83.84716432679616,182.94612484085891,270.13947365779666,34.106973034901465,350.5675844857192
7607.0,1976062718.0,12.686530965695736,25.0,83.84716432679616,113.9182105305981,231.9633155384599,26.155858952923158,7.109634152822688
7607.0,1976062800.0,8.650780394763137,30.0,72.40148542303059,168.99599070596832,169.12982179585137,44.9773221802832,7.109634152822688
7607.0,1976062806.0,8.844225143750903,30.0,72.40148542303059,-174.41104697928486,175.01736657991367,-44.90058187045154,14.01831825160107
7607.0,1976062812.0,8.844225143750903,30.0,72.40148542303059,-131.42015880867768,185.33137939996718,-35.34079863957172,14.01831825160107
7607.0,1976062818.0,12.11108781456089,30.0,72.40148542303059,-163.6269046494456,225.12101479382528,-36.011144842787196,18.424598725891705
7607.0,1976062900.0,48.788617008152244,35.0,63.95217374784219,-232.45573788203814,278.2142036508061,-39.87969894739404,18.424598725891705
7616.0,1976082306.0,16.642734008691995,16.0,120.0918404217308,220.22840391372085,284.2359784978057,37.7688226840652,249.14388191939645
7616.0,1976082312.0,21.665296118617174,20.0,100.3462021112321,218.51219985452786,230.13525997246367,43.51597652725318,249.14388191939645
7616.0,1976082318.0,25.264203823988627,25.0,83.84716432679616,205.874517685376,217.26767287249638,43.457676771943156,53.96771366300659
7616.0,1976082400.0,21.512408714439264,25.0,83.84716432679616,273.1492356263406,293.81241461513736,42.91275269106503,53.96771366300659
7701.0,1977061512.0,15.224962640310864,30.0,72.40148542303059,-6.002649751679911,231.9633155384599,-1.482345415946222,56.31582368550001
7701.0,1977061518.0,14.925645780534978,30.0,72.40148542303059,-22.728487466036817,140.64941143995495,-9.179457937781551,56.31582368550001
7701.0,1977061600.0,23.266684614000223,25.0,83.84716432679616,-12.369968297030207,53.81855015210668,-12.94437370077015,153.53027882468237
7701.0,1977061606.0,27.863021985662982,20.0,100.3462021112321,-19.836803112749546,87.90937351985394,-12.715859125576426,265.5194747532288
7704.0,1977072412.0,11.645459533594371,50.0,47.99093740128585,-219.68349731609956,257.48426801500887,-40.47054284168818,265.5194747532288
7704.0,1977072418.0,22.12565531907835,50.0,47.99093740128585,-221.10988049665448,224.99492291429513,-44.501034499466485,270.067340472259
7704.0,1977072500.0,49.951940333346755,50.0,47.99093740128585,205.90124186025741,230.5675181696444,41.765468717542,270.067340472259
7707.0,1977082012.0,12.64997041589267,25.0,83.84716432679616,-91.31366074951697,247.00332498802715,-20.288645459482446,50.957491840978925
7707.0,1977082018.0,9.38987825123654,25.0,83.84716432679616,-76.24197565595598,179.53676435034146,-23.008960928387125,8.124327204945875
7707.0,1977082100.0,15.707137198866008,22.0,92.93511238619287,-104.10284206048544,131.21268732972135,-38.42813471910563,8.124327204945875
7707.0,1977082106.0,13.971916269866986,22.0,92.93511238619287,-113.88595258971404,205.40409425541893,-29.006103124704563,296.5689439405538
7707.0,1977082112.0,13.962730938183467,20.0,100.3462021112321,-112.30698083326749,140.94596626553775,-38.548144023785774,296.5689439405538
7707.0,1977082118.0,21.579493030933392,20.0,100.3462021112321,-102.4206931581147,107.38559078969124,-43.64439428413434,201.78353371056014
7707.0,1977082200.0,20.66694636666817,20.0,100.3462021112321,-167.6487549033039,186.22434410800065,-41.995174427314,201.78353371056014
7710.0,1977091912.0,6.557673118804892,40.0,57.43436099052307,-233.62985400490768,286.165170827842,-39.22875379800863,206.5406995356041
7710.0,1977091918.0,2.5396449487421124,40.0,57.43436099052307,-75.3693947912829,263.60138172487166,-15.956390317271088,206.5406995356041
7710.0,1977092006.0,5.080060371225361,45.0,52.23889874427604,-229.60135589416683,244.75739734009693,-43.16998865840599,224.96300039029256
7710.0,1977092012.0,3.940414073292637,45.0,52.23889874427604,-255.74412919174245,258.4640534443202,-44.69693456439294,224.96300039029256
7710.0,1977092018.0,5.5387037993338515,45.0,52.23889874427604,-262.7530868134437,263.96245477040003,-44.868445958821695,224.95772566527194
7710.0,1977092100.0,5.221125119317337,45.0,52.23889874427604,-268.9162967606619,270.2375761758349,-44.85958816898827,162.26346472224924
7710.0,1977092106.0,14.050187397319208,40.0,57.43436099052307,266.11294006816826,269.1634812591577,44.67347479487391,348.7372140424492
7710.0,1977092112.0,3.7064975548187475,35.0,63.95217374784219,-94.79997788061866,294.0387003158868,-17.86965693900174,348.7372140424492
7801.0,1978042418.0,30.645941080092268,45.0,52.23889874427604,196.43573615919007,272.9094666019587,35.7457176431873,346.00474383921176
7807.0,1978073006.0,13.176278062060293,20.0,100.3462021112321,-130.5077097118494,264.5204574584858,-26.26056718845493,346.00474383921176
7807.0,1978073012.0,16.466354299879132,17.0,114.3717338112809,-152.8999397549524,201.25879132478806,-37.22459322990611,339.48167992443064
7905.0,1979070418.0,24.983822820266933,30.0,72.40148542303059,277.64279579838774,280.7012118699621,44.686156602555585,339.48167992443064
7908.0,1979080112.0,32.38048148843645,90.0,29.899564757820535,-66.39865717134221,250.3808074711039,-14.852434982256398,336.0604320656594
7908.0,1979080118.0,30.136841912377307,85.0,31.30746122196499,-71.36099934629742,83.7884536086781,-40.420391851899225,336.0604320656594
7908.0,1979080200.0,58.49728007868392,70.0,36.603799205979946,42.14331212679251,154.29621033062227,15.276727754359964,312.27357296023575
7907.0,1979072812.0,25.739200149850035,35.0,63.95217374784219,16.962070204790077,207.84401376591364,4.6655471948652885,312.27357296023575
7907.0,1979072818.0,18.63476468819009,30.0,72.40148542303059,18.719178656176737,55.515107097533715,18.6336286316425,153.02815498150773
7907.0,1979072900.0,18.778999322113503,30.0,72.40148542303059,40.377587769366656,63.3382096415368,32.517175585617636,344.1211548589703
7907.0,1979072906.0,19.15482990552363,30.0,72.40148542303059,67.67532033090008,165.49924708655297,22.240447256680458,344.1211548589703
7907.0,1979072912.0,43.03836146379521,20.0,100.3462021112321,250.39251889960974,273.7747096884165,42.44582794951077,344.1048934080091
7913.0,1979092206.0,8.183767273152036,12.0,151.3872093946261,276.2292695319456,295.75328985456997,43.045028130718435,344.1048934080091
8004.0,1980052312.0,13.072239832346282,25.0,83.84716432679616,-157.20146839268517,259.65282220247354,-31.191947874617064,0.0
8004.0,1980052318.0,25.040566328274945,25.0,83.84716432679616,-186.22353736031067,202.96099943271827,-42.53742693339868,0.0
8004.0,1980052400.0,22.504119605297632,22.0,92.93511238619287,-191.4676841258884,199.73380911727043,-43.7895148269211,351.88309695235495
8006.0,1980071006.0,14.894468476360169,25.0,83.84716432679616,-76.43746265780997,239.15600098670836,-17.72457635926683,351.88309695235495
8006.0,1980071012.0,11.741874517855221,25.0,83.84716432679616,-62.72676405016039,157.8182404435755,-21.675943978705863,333.46342056702116
8006.0,1980071018.0,9.368002461299929,25.0,83.84716432679616,-69.87998931437392,97.67579016544978,-35.58098938517898,333.46342056702116
8006.0,1980071100.0,12.692273417979706,25.0,83.84716432679616,66.89233899098244,70.8811447523978,43.34164088946848,350.54506104144235
8006.0,1980071106.0,18.740796975005434,25.0,83.84716432679616,79.81320069494451,81.86627938572866,44.272471548281864,350.54506104144235
8006.0,1980071112.0,16.284172113833616,27.0,78.81016856002348,31.558084935864375,149.61281513556594,11.91089708822301,341.57211374351385
8009.0,1980072612.0,13.109359395428106,22.0,92.93511238619287,211.5544214541644,269.7084260643577,38.109997032047566,341.57211374351385
8009.0,1980072618.0,18.053515575580096,22.0,92.93511238619287,191.07716964673267,225.71612650883216,40.24916655957808,199.48009151254254
8009.0,1980072700.0,17.13236453006767,22.0,92.93511238619287,184.2721962536185,184.7700057774472,44.92271245060827,224.80603173221
8009.0,1980072706.0,17.02486339389152,22.0,92.93511238619287,206.9750839079639,211.61998761832547,44.36424847131976,0.0
8015.0,1980091806.0,17.966633620561296,70.0,36.603799205979946,71.29853598053431,169.05358740158252,22.86763840864539,123.87307162740308
8015.0,1980091812.0,17.587997065981284,55.0,44.44655669143675,78.18344100966088,86.87290871289828,41.98641928247868,123.87307162740308
8015.0,1980091818.0,21.268216554293804,50.0,47.99093740128585,76.99003339202456,109.14391358610058,35.19911379287848,84.31002482292456
8103.0,1981061212.0,26.696277305386726,43.0,54.18611068487397,186.6416106808589,245.4269402385771,37.252163815613166,84.31002482292456
8103.0,1981061218.0,29.084382436275224,40.0,57.43436099052307,-181.62859300746976,185.4889980496782,-44.39753155506395,76.7787829028403
8103.0,1981061300.0,48.41007656125359,40.0,57.43436099052307,-193.1360407596803,217.74713808478964,-41.572190561557086,76.7787829028403
8111.0,1981080618.0,9.065185850413426,20.0,100.3462021112321,-146.08674868366842,281.31250744493417,-27.44303882576476,286.2941780004162
8111.0,1981080700.0,9.437717585008992,17.0,114.3717338112809,221.2104902624404,235.81499080651486,43.169704698271474,286.2941780004162
8111.0,1981080706.0,8.87230486199678,15.0,126.49595057933435,195.99257101074758,221.20845146769514,41.541216289343794,71.51784398972222
8111.0,1981080712.0,40.348825732021574,15.0,126.49595057933435,234.80990363960686,249.94851921806793,43.21128023718331,108.50710371210974
8116.0,1981092018.0,15.749715389858702,54.0,45.10795202575687,-166.35232992551445,288.1589774333761,-29.99756423486199,146.4180855605383
8116.0,1981092100.0,15.717592751571962,50.0,47.99093740128585,-168.38482065077784,218.2887963514116,-37.646074861125285,232.99530014246616
8116.0,1981092106.0,16.423354615461225,50.0,47.99093740128585,153.64696621344896,173.05656734017558,41.60002887213442,243.2974370505804
8116.0,1981092112.0,21.6106789836653,50.0,47.99093740128585,149.65079946911638,149.65829323725796,44.99856549200297,236.15799016243415
8116.0,1981092118.0,12.625971470848588,50.0,47.99093740128585,134.0495316437597,191.07702743863578,35.05146787635468,236.15799016243415
8205.0,1982070106.0,12.02810591668314,15.0,126.49595057933435,53.35800183028629,249.64765194103836,12.064488987043527,83.38858343320688
8205.0,1982070112.0,12.174224256366303,14.0,133.7202001013979,77.81611470026729,180.34608025029058,23.33933559967897,260.3459252139856
8205.0,1982070118.0,22.438075455484213,14.0,133.7202001013979,73.12549482899155,120.49663489803376,31.252203910646326,260.3459252139856
8205.0,1982070200.0,43.99863645636312,14.0,133.7202001013979,-84.45307044325894,87.3818771411239,-44.023527995354975,339.51673751813354
8209.0,1982072900.0,16.986995380990994,45.0,52.23889874427604,177.91678233252134,249.34122610642186,35.50965683864849,339.51673751813354
8209.0,1982072906.0,14.922041228135939,40.0,57.43436099052307,158.47222018643316,197.543635717824,38.73706523931385,341.61736433289946
8209.0,1982072912.0,29.600476298064766,30.0,72.40148542303059,-209.09460158515984,263.5603759914063,-38.426589593468094,341.61736433289946
8212.0,1982081500.0,16.302048751955237,20.0,100.3462021112321,117.23975772617601,199.31804854533593,30.464230814885525,315.0718845171698
8212.0,1982081506.0,22.37951006994332,18.0,109.22843718657725,125.20178560803397,137.2488800826763,42.37183561833594,315.0718845171698
8212.0,1982081512.0,30.542379594885784,15.0,126.49595057933435,151.2467379980891,155.73230760681096,44.16285517743001,255.9113996380897
8304.0,1983072418.0,26.680636537447388,75.0,34.626274653077736,89.07923569755357,282.5856423630404,17.496371417240994,255.9113996380897
8304.0,1983072500.0,30.23627223181742,65.0,38.853919355861585,81.6813100300286,139.90331303435858,30.278140764525574,233.03083518602506
8304.0,1983072506.0,26.2728851237536,60.0,41.4398648134883,90.93888771487393,109.9090032447967,39.60441082361191,233.03083518602506
8309.0,1983090718.0,14.987856245681963,47.0,50.44188537341481,283.2811078173429,286.15585997624703,44.71074978287858,213.59011640795407
8309.0,1983090800.0,16.69091140607208,45.0,52.23889874427604,284.1541416382776,284.1727899361133,44.99811997513871,213.59011640795407
8402.0,1984062318.0,29.80562385663662,28.0,76.53637190808041,-119.43508747890108,273.54532849565567,-23.586995905239085,224.88118794543254
8402.0,1984062400.0,22.415773275983828,30.0,72.40148542303059,-110.14967569574587,142.69702265047007,-37.6650143461588,14.013491422249382
8402.0,1984062406.0,24.439296160587045,30.0,72.40148542303059,103.73768962748875,122.93318019894447,40.15948940276415,72.55621618040993
8402.0,1984062412.0,44.76931475839339,30.0,72.40148542303059,201.5579136057835,234.98935427158486,40.620751458186966,286.6912091564055
8408.0,1984081600.0,8.69630194507642,18.0,109.22843718657725,-257.37263554824193,261.96456243038847,-44.493409724427224,286.6912091564055
8408.0,1984081606.0,11.080544693480446,22.0,92.93511238619287,242.39426724821476,258.04703105250115,43.208491151426635,249.37765947296006
8408.0,1984081612.0,19.15629179089381,25.0,83.84716432679616,278.9808523089824,288.43540427670575,44.045399573333704,249.37765947296006
8411.0,1984082918.0,15.613142634599052,25.0,83.84716432679616,-122.30874119542445,283.8958279886505,-23.307470131775823,60.94050721848567
8411.0,1984083000.0,15.590910547583816,25.0,83.84716432679616,122.74436826527031,202.46978922321262,31.225729790507508,60.94050721848567
8411.0,1984083006.0,15.178309590048562,30.0,72.40148542303059,130.1314431244167,137.27649259538268,43.46944035099469,65.56211509720005
8411.0,1984083012.0,19.069865092729255,30.0,72.40148542303059,126.86184824875053,132.63894302932954,43.72467255155369,65.56211509720005
8411.0,1984083018.0,16.31036265499606,30.0,72.40148542303059,102.44141654143175,193.37867324165566,27.912189376327913,96.35925194497983
8504.0,1985062218.0,21.666082893704086,45.0,52.23889874427604,-149.73737554747254,275.72363645247566,-28.505080137068777,96.35925194497983
8504.0,1985062300.0,18.10636602000793,45.0,52.23889874427604,160.5881040056147,180.24238339735092,41.699645275172465,111.82405582506215
8504.0,1985062306.0,15.955118775936372,45.0,52.23889874427604,140.45720082287173,159.0934115044782,41.439994675333345,111.82405582506215
8504.0,1985062312.0,10.976218293136222,45.0,52.23889874427604,153.058585406909,217.26767287249638,35.163551734636656,111.82760297281602
8504.0,1985062318.0,6.536766005549083,40.0,57.43436099052307,253.59379581317103,265.6788530861612,43.66679324324227,111.82760297281602
8504.0,1985062400.0,14.92452576592739,40.0,57.43436099052307,277.4550679661076,277.5898639877602,44.986085373382615,166.7911728432053
8504.0,1985062406.0,61.25794318564369,35.0,63.95217374784219,-217.3626316791142,286.2354959740597,-37.21245218560025,166.7911728432053
8516.0,1985091700.0,14.894468476360169,18.0,109.22843718657725,-57.08778183209532,280.0036301886071,-11.523655508276692,270.035925094122
8516.0,1985091706.0,33.13159624687699,12.0,151.3872093946261,38.74293345115096,193.80860300492859,11.304591933238106,270.035925094122
8516.0,1985091712.0,13.943627736265709,10.0,175.31944474510186,35.586186494612605,39.69681636592591,41.87461858967668,299.7784441202268
8604.0,1986052400.0,7.197488557263436,15.0,126.49595057933435,271.3036908432516,284.1727899361133,43.672827363580986,299.7784441202268
8604.0,1986052406.0,10.328671113035528,15.0,126.49595057933435,273.26661745680303,276.4614870787461,44.667016324933286,296.576213912315
8604.0,1986052412.0,10.61523810476832,15.0,126.49595057933435,278.3976665922885,295.2064475967981,43.32149620099154,296.576213912315
8604.0,1986052418.0,13.931860366245873,15.0,126.49595057933435,-280.1687710757973,280.58644566941894,-44.95732364803006,285.2460998222042
8604.0,1986052500.0,5.544974307559307,15.0,126.49595057933435,-296.50121095282117,296.6559515331198,-44.98505289570773,285.2460998222042
8607.0,1986071006.0,16.488402381276497,50.0,47.99093740128585,-173.76325819673514,298.7875522866697,-30.180623019794965,249.9602445730512
8607.0,1986071012.0,19.14892072176339,40.0,57.43436099052307,152.60408221335916,224.6994858732193,34.18228648341104,249.9602445730512
8607.0,1986071018.0,20.214290887026767,34.0,65.46204349166737,155.80451506655004,156.68409405902196,44.83872682250738,118.5085298564693
8607.0,1986071100.0,16.55458208110689,34.0,65.46204349166737,165.8009394086311,180.34608025029058,42.5938397270049,280.2971548169877
8607.0,1986071106.0,8.165699298697328,32.0,68.73601561075849,199.28996286648564,232.84582247437916,40.55982433838695,280.2971548169877
8616.0,1986082100.0,20.240230901831225,40.0,57.43436099052307,-51.40674933689967,213.16916299353448,-13.558274029526316,280.2958383935562
8616.0,1986082106.0,20.18913353666014,45.0,52.23889874427604,-51.28334169788249,100.55474658198483,-27.021771933607337,280.2958383935562
8616.0,1986082112.0,19.374184605906326,45.0,52.23889874427604,-50.53092888297736,66.07019122150786,-37.40900357418727,281.30750653359325
8616.0,1986082118.0,21.65592993024183,45.0,52.23889874427604,-71.05411370953566,167.40480907473804,-22.998546516694304,281.30750653359325
8616.0,1986082200.0,48.45661484128175,45.0,52.23889874427604,-261.1375736590008,290.20777055195276,-41.981821448914225,276.32449537908974
8616.0,1986082418.0,26.163591112726365,20.0,100.3462021112321,-152.58499179710066,299.3787994983902,-27.006665748690793,276.32449537908974
8616.0,1986082500.0,22.742065699959827,18.0,109.22843718657725,-178.91105390629428,188.1051670294738,-43.56498515560134,137.05007598469533
8616.0,1986082506.0,19.013573765462336,18.0,109.22843718657725,147.39298197455005,202.46978922321262,36.05368881411063,137.05007598469533
8712.0,1987090912.0,16.56371656140962,55.0,44.44655669143675,143.90332163917864,263.71577812985595,28.62022946709191,68.10890861919326
8712.0,1987090918.0,14.661418153427732,45.0,52.23889874427604,163.2626040905648,189.02274159706602,40.81780800004104,68.10890861919326
8712.0,1987091000.0,18.008470825586468,35.0,63.95217374784219,165.7376710301938,165.78907134301087,44.991116792131486,44.87522403851134
8712.0,1987091006.0,16.454522661664935,35.0,63.95217374784219,197.21369643053245,205.29082518755436,43.85038985006073,44.87522403851134
8719.0,1987102500.0,8.186655833038635,40.0,57.43436099052307,27.768822812578584,297.96387470861754,5.324316469496011,89.97551647903725
8719.0,1987102506.0,5.075404093850099,35.0,63.95217374784219,-51.97580767602705,249.04127897385382,-11.788618833118838,89.97551647903725
8719.0,1987102512.0,3.9283954982393046,25.0,83.84716432679616,-116.96072497883632,219.38235343320338,-28.06370291774084,78.66214021545635
8719.0,1987102606.0,3.926360829435689,15.0,126.49595057933435,-117.45095397916327,199.9465834829784,-30.430472727381215,78.66214021545635
8719.0,1987102612.0,5.190469590588581,15.0,126.49595057933435,-167.2954063881918,181.47871592352973,-42.67128292686988,101.38639235786671
8719.0,1987102618.0,6.920625331110672,14.0,133.7202001013979,-168.46790526808118,172.62467351079317,-44.30179223382584,101.38639235786671
8719.0,1987102700.0,12.11108781456089,14.0,133.7202001013979,169.00280075327217,169.12982179585137,44.97847658338336,89.96572292204446
8719.0,1987102706.0,15.5713904961319,10.0,175.31944474510186,166.81147969090034,186.3493784067133,41.83345664824788,89.96572292204446
8802.0,1988053118.0,6.560037629791531,35.0,63.95217374784219,193.9823052553572,293.71057697584314,33.44292411489232,248.71745586844952
8802.0,1988060100.0,11.418523562381706,35.0,63.95217374784219,161.54828856149308,264.40888617660653,31.42405592590066,248.71745586844952
8802.0,1988060106.0,14.213431884795817,35.0,63.95217374784219,181.87176591249852,213.58439589857622,40.41511792123016,319.5352909108697
8802.0,1988060112.0,20.537091259487415,35.0,63.95217374784219,-179.60610762677797,181.47871592352973,-44.70286319663242,319.5352909108697
8802.0,1988060118.0,26.853747579518853,30.0,72.40148542303059,-192.13600197241433,197.55534083839734,-44.20325345730203,318.4573975222718
8805.0,1988071812.0,22.12303687763146,45.0,52.23889874427604,-198.15941989770016,288.1589774333761,-34.515289893343784,318.4573975222718
8805.0,1988071818.0,21.629384887333945,45.0,52.23889874427604,-172.17151013608648,213.5343246289448,-38.87903479049085,315.04874485087373
8805.0,1988071900.0,24.515473819086882,40.0,57.43436099052307,151.79723930494362,167.96061429314116,42.10623026879666,315.04874485087373
8805.0,1988071906.0,22.673503343180187,40.0,57.43436099052307,114.71780945528646,160.26303402211457,35.595448894639276,160.09100292128522
8817.0,1988092100.0,12.694324963633036,25.0,83.84716432679616,-155.15448615860382,248.0996655378325,-32.02069133951631,160.09100292128522
8817.0,1988092106.0,19.636569632104912,30.0,72.40148542303059,129.67715959802754,193.13326908241655,33.87894153545565,82.88275161029975
8817.0,1988092112.0,17.68792121101492,40.0,57.43436099052307,127.10249299160881,127.13260026746836,44.99321486341948,89.97374800509353
8817.0,1988092118.0,16.536104152882253,40.0,57.43436099052307,129.80097288661267,160.85983067706843,38.9007447393813,89.97374800509353
8817.0,1988092200.0,11.248817287412392,25.0,83.84716432679616,209.69575062541878,230.59667994811846,42.28217739140135,89.97374801039696
8817.0,1988092206.0,27.89133068218197,12.0,151.3872093946261,264.93852681307345,265.772838111408,44.90992754258782,98.1924397059863
9003.0,1990051812.0,34.415308663309716,35.0,63.95217374784219,99.58573083656212,207.16197132414405,25.67426119098678,234.26477595892126
9003.0,1990051818.0,27.691066757954236,30.0,72.40148542303059,-103.65136649454759,103.69882250433642,-44.98688677816459,13.97918421356165
9003.0,1990051900.0,49.67285576165299,20.0,100.3462021112321,-175.19247990117182,191.35354461818807,-42.47545619507633,13.97918421356165
9006.0,1990062800.0,18.11475581487363,50.0,47.99093740128585,-52.29510509783195,283.6966793194563,-10.444349064747222,7.103377685297476
9006.0,1990062806.0,14.695580091724276,50.0,47.99093740128585,-31.340711349992617,177.97797867516326,-9.987008592199523,7.103377685297476
9006.0,1990062812.0,14.679876769543094,50.0,47.99093740128585,-31.599685657097194,92.31341654684827,-18.896521567718814,18.40878007908648
9006.0,1990062818.0,11.633363544836868,50.0,47.99093740128585,29.677007206266662,29.864380265840225,44.81969432482614,18.40878007908648
9006.0,1990062900.0,9.421390564099662,50.0,47.99093740128585,38.173227274499496,71.2279759254134,28.188204012885475,23.191319734464336
9006.0,1990062906.0,13.408348840752273,45.0,52.23889874427604,-87.9859422982967,123.12410668209364,-35.550048143815836,23.191319734464336
9006.0,1990062912.0,17.94503156430255,30.0,72.40148542303059,-143.53412825507257,190.3874164159455,-37.01284284120677,168.7408016417872
9009.0,1990073012.0,18.61208507969241,40.0,57.43436099052307,247.27533957459167,264.2473767998758,43.09965527002036,18.36217213178302
9009.0,1990073018.0,63.96044818750155,40.0,57.43436099052307,-136.89167444937132,242.87878192027782,-29.406537574003156,18.36217213178302
9012.0,1990082012.0,10.274708004555919,30.0,72.40148542303059,-217.2270726724656,237.74321133690324,-42.41808988606744,24.39040825153787
9012.0,1990082018.0,16.836879376857706,30.0,72.40148542303059,238.35622696092895,268.79109017383854,41.56569148745495,24.39040825153787
9012.0,1990082112.0,10.558332376514018,25.0,83.84716432679616,111.2736203554886,242.82418255984388,24.619509440330383,336.2480559243264
9012.0,1990082118.0,9.222839594155795,25.0,83.84716432679616,-179.90894358820543,187.52004243779453,-43.813317671784716,336.2480559243264
9012.0,1990082200.0,7.412995109637259,25.0,83.84716432679616,-37.623294187853325,211.90336342695073,-10.06790782468805,169.60301300876228
9012.0,1990082206.0,10.07449025553,25.0,83.84716432679616,236.39221807008084,255.8779271640083,42.733223616567265,285.98008960939967
9012.0,1990082212.0,15.22356023055309,20.0,100.3462021112321,286.99769614997194,287.3441719609465,44.965435918280896,285.98008960939967
9018.0,1990090718.0,16.297315872152492,40.0,57.43436099052307,-92.82404046035875,295.58322564731697,-17.434213152978625,291.86076550773913
9018.0,1990090712.0,10.068593784261608,25.0,83.84716432679616,176.59411335816264,205.95474037946084,40.6111526480165,291.86076550773913
9018.0,1990090718.0,10.849957035417132,40.0,57.43436099052307,138.52265406503247,185.56687179438174,36.740741399101736,200.454402937659
9018.0,1990090800.0,16.299393052812817,40.0,57.43436099052307,142.14300404648407,153.85123179436363,42.7348123338103,200.454402937659
9018.0,1990090806.0,35.252743377316584,35.0,63.95217374784219,-70.36082974214538,216.18047976193,-18.028650973801735,23.11529853461539
9107.0,1991071900.0,25.65837835140104,70.0,36.603799205979946,20.191304585172844,65.78045743102177,17.063862702661904,23.11529853461539
9107.0,1991071906.0,28.244128979841964,65.0,38.853919355861585,29.73254500741824,94.45321554765597,17.47326944148358,23.136562759584425
9108.0,1991072300.0,34.60287990910193,30.0,72.40148542303059,-245.04192812708857,281.31250744493417,-41.05803432296437,23.136562759584425
9110.0,1991081818.0,11.475563672890297,10.0,175.31944474510186,15.713733785190032,234.91131518962396,3.8269393553992996,41.5908515168046
9110.0,1991081900.0,8.776110464112804,10.0,175.31944474510186,56.52703546375268,166.22857525494194,18.780912683487962,41.5908515168046
9110.0,1991081906.0,56.82397724737865,10.0,175.31944474510186,73.20898328329385,117.90922184418767,31.83584685015823,10.295893197593998
9116.0,1991090606.0,11.636278049968864,30.0,72.40148542303059,257.9898217871407,259.6692017742056,44.81412272651959,10.295893197593998
9119.0,1991091618.0,14.373197488042598,15.0,126.49595057933435,-188.86454591514368,273.4896680012335,-34.627906055711165,193.95794638403294
9119.0,1991091706.0,11.809314323836636,15.0,126.49595057933435,-216.58082053361974,220.6760733336606,-44.46339590203039,33.537638695739965
9119.0,1991091712.0,3.4762828304001387,15.0,126.49595057933435,246.84240683414617,246.93085466081112,44.98973681340002,33.537638695739965
9119.0,1991091718.0,61.22476828576578,15.0,126.49595057933435,190.5836686300082,248.31550821449923,37.50645886631827,315.16105146908643
9119.0,1991092300.0,10.935169939634838,60.0,41.4398648134883,55.196896450759816,273.8007077468318,11.397785954126402,315.16105146908643
9119.0,1991092306.0,10.20521031714563,50.0,47.99093740128585,97.67013098541351,210.0537789007547,24.93733404191874,270.0053446802409
9119.0,1991092312.0,10.25814853795615,35.0,63.95217374784219,18.74734047451274,159.34046662921796,6.710334491363402,224.82005855712154
9119.0,1991092318.0,9.323126151160247,25.0,83.84716432679616,-18.75003037774383,98.54370869959862,-10.772963934660117,224.82005855712154
9119.0,1991092400.0,7.097411829943112,20.0,100.3462021112321,-12.988764333728293,45.25290871586031,-16.014858823152462,243.2816766606598
9119.0,1991092406.0,7.412995109637259,20.0,100.3462021112321,-4.4050813413237435,13.962148780761586,-17.510572821677858,243.2816766606598
9119.0,1991092412.0,18.61252767343628,15.0,126.49595057933435,-10.136845072410114,57.967696361798225,-9.919050844356041,251.4380784244121
9119.0,1991092418.0,24.06908106727452,10.0,175.31944474510186,120.72644599059679,169.12982179585137,35.51960040151074,251.4380784244121
9119.0,1991092500.0,16.638497048893594,10.0,175.31944474510186,84.26606720565911,290.62941485513994,16.169165152398637,270.0170329532833
9119.0,1991093012.0,16.679238996683953,30.0,72.40148542303059,-50.80651691203819,197.07407425956765,-14.456307535695046,270.0170329532833
9119.0,1991093018.0,9.424324425333026,35.0,63.95217374784219,66.7521003474299,102.75870956196565,33.00777002990656,262.7827171667902
9119.0,1991100100.0,11.119492664455771,35.0,63.95217374784219,-58.74647977611791,67.69328423857641,-40.9525299208951,262.7827171667902
9119.0,1991100106.0,13.943627736265709,40.0,57.43436099052307,42.17622895367905,65.35502536005802,32.83578161630752,0.0
9119.0,1991100112.0,16.432184060272913,40.0,57.43436099052307,40.47946757145048,140.07764962280166,16.11817150303636,0.0
9119.0,1991100118.0,59.52622513634224,15.0,126.49595057933435,160.71834141616796,236.3000668399411,34.22138812552185,66.33820584785133
9212.0,1992081518.0,12.756005203230414,15.0,126.49595057933435,73.03485432972921,237.33894410069627,17.104380047102964,66.33820584785133
9212.0,1992081600.0,9.406037711706961,20.0,100.3462021112321,164.8133467990528,166.41722659948852,44.722565389236394,299.87228293385544
9212.0,1992081606.0,5.072266558838007,20.0,100.3462021112321,139.3775529406528,171.13561968766152,39.16031818941586,66.78147646587577
9212.0,1992081618.0,9.416692507785806,20.0,100.3462021112321,179.94989510369496,191.35575006226117,43.24052792188813,66.78147646587577
9212.0,1992081700.0,9.266243887046574,20.0,100.3462021112321,-61.63119712344035,178.6358617544832,-19.03495739184023,57.97595514092774
9212.0,1992081706.0,10.607985225648596,25.0,83.84716432679616,4.825243225555613,127.2656681219451,2.1713138695786927,57.97595514092774
9212.0,1992081712.0,9.880869675207816,25.0,83.84716432679616,-5.283658193138471,63.71178035533958,-4.740726950503781,139.13445042949758
9212.0,1992081800.0,9.422534699992129,25.0,83.84716432679616,-5.687866078708899,6.552342327367051,-40.96013966242151,254.28554109262342
9212.0,1992081806.0,5.036024279340003,25.0,83.84716432679616,40.82853182961425,53.53091875398499,37.33310437450388,282.0904972011162
9212.0,1992081812.0,3.877104200919335,25.0,83.84716432679616,59.435781072857836,77.36930882732887,37.531785500959955,282.0904972011162
9212.0,1992081818.0,13.135858031934546,20.0,100.3462021112321,63.14879725481798,94.24433681018284,33.824221564038496,74.58702588745311
9212.0,1992081900.0,17.887743974179404,17.0,114.3717338112809,143.36070206191792,161.80921969903014,41.54049342225424,285.50132295149274
9215.0,1992090418.0,16.464372684838516,30.0,72.40148542303059,257.2379037539675,258.8553145475852,44.82043842946321,285.50132295149274
9215.0,1992090500.0,27.23537059589548,30.0,72.40148542303059,204.26254962604818,273.91874470368697,36.71207429507893,283.2127179014613
9215.0,1992090506.0,15.18948377875053,25.0,83.84716432679616,208.925387300192,209.68248810149842,44.89637406309961,283.2127179014613
9309.0,1993081818.0,35.85816356942802,25.0,83.84716432679616,231.48105596502663,280.2801727006907,39.553016257061124,93.50996537685363
9315.0,1993091206.0,9.400674835483127,40.0,57.43436099052307,-75.56124137253671,231.50305730859398,-18.07637921388435,93.50996537685363
9315.0,1993091212.0,7.834182781939333,50.0,47.99093740128585,-62.4280192352221,179.53676435034146,-19.173441896653138,289.65241867765235
9315.0,1993091218.0,11.361191251284987,55.0,44.44655669143675,-36.19653903951778,136.68698896971526,-14.832233903484639,289.65241867765235
9315.0,1993091300.0,7.808907280527186,60.0,41.4398648134883,-49.25260028239469,73.23425212938507,-33.9222139799197,291.81300216173224
9315.0,1993091306.0,6.343178889384595,65.0,38.853919355861585,48.25786582517367,49.51741755277037,44.26195042379227,291.81300216173224
9315.0,1993091312.0,10.210400840511022,65.0,38.853919355861585,44.455112303775984,53.23974067891464,39.86183629907647,270.0356869527744
9315.0,1993091318.0,16.50834100833735,60.0,41.4398648134883,45.28143569465514,98.97902352213562,24.58339220007582,270.0356869527744
9315.0,1993091400.0,56.89037370227215,45.0,52.23889874427604,163.53789412354328,191.57781420746934,40.485294894365516,259.63637002614183
9403.0,1994060418.0,3.942385497169527,25.0,83.84716432679616,185.58428864654852,290.62941485513994,32.56066908352184,259.63637002614183
9406.0,1994071018.0,25.42059116132481,40.0,57.43436099052307,262.2671935772778,264.6286125690487,44.743215955711996,160.1210981811892
9407.0,1994071106.0,32.65315927126868,18.0,109.22843718657725,110.53924603274031,201.17240387325668,28.78770297754197,160.1210981811892
9407.0,1994071112.0,25.575896311075766,12.0,151.3872093946261,-14.364063221878917,110.17517783705354,-7.42802686983129,333.54692791286266
9413.0,1994080312.0,28.54294545204495,25.0,83.84716432679616,195.03967491194277,263.11349667809424,36.54864642771741,333.54692791286266
9413.0,1994080318.0,18.679051603901694,20.0,100.3462021112321,191.46642015084188,205.5452264418917,42.96903112005102,88.87438247650122
9413.0,1994080400.0,16.362309331308907,18.0,109.22843718657725,152.307685171981,199.69698445274287,37.33254740800306,278.47268919852905
9424.0,1994091106.0,19.202974834880575,20.0,100.3462021112321,230.6323438084034,238.65847135257542,44.020184520469265,33.62039203273046
9424.0,1994091112.0,29.90022554678559,20.0,100.3462021112321,170.67188809973052,289.44031656969673,30.52622737527278,33.62039203273046
9502.0,1995060718.0,22.12089290268276,15.0,126.49595057933435,-115.77479047358564,180.7154102557781,-32.645534981718136,17.082907344437185
9502.0,1995060800.0,21.19285823031972,12.0,151.3872093946261,-110.07058031371093,110.59113241184386,-44.86483662007279,17.082907344437185
9502.0,1995060806.0,52.170529703627956,12.0,151.3872093946261,-47.29557353228944,153.6306240510643,-17.111113759331705,51.33474873608809
9504.0,1995073018.0,24.33626020654441,30.0,72.40148542303059,132.81184274785872,174.24252176392173,37.315521676893894,51.33474873608809
9504.0,1995073100.0,29.700714887979796,30.0,72.40148542303059,-129.68927471147396,129.6895264921169,-44.99994438262442,145.2563525066943
9509.0,1995083012.0,28.16941328877246,65.0,38.853919355861585,-75.76040476403105,231.50305730859398,-18.120914137263263,290.60127759422636
9509.0,1995083018.0,26.50157610168549,60.0,41.4398648134883,-77.53126713771731,92.31341654684827,-40.02589120166273,290.60127759422636
9509.0,1995083100.0,28.379904369571307,55.0,44.44655669143675,53.39619572864714,131.81414051908874,22.052230027454772,296.6282575519034
9514.0,1995092112.0,20.471486775201804,60.0,41.4398648134883,-241.03923024676476,242.26533691216986,-44.854645308105965,296.6282575519034
9514.0,1995092118.0,42.76310472309792,60.0,41.4398648134883,-191.57712971742248,255.5381387902512,-36.85892212340698,291.85035408495895
9607.0,1996072612.0,24.021881377052477,35.0,63.95217374784219,181.54373564563042,199.31804854533593,42.32802087697037,291.85035408495895
9610.0,1996080606.0,45.68151934411395,20.0,100.3462021112321,-133.03646665116437,288.1555304090425,-24.78196027160776,303.74855613169905
9610.0,1996080612.0,22.618978403014506,17.0,114.3717338112809,-129.34026481460947,132.33635446661862,-44.34401555677962,303.74855613169905
9610.0,1996080618.0,12.972741441865145,15.0,126.49595057933435,-17.734090750501313,176.44604017627344,-5.739362229238738,330.98361568612063
9624.0,1996111006.0,4.095227338196345,16.0,120.0918404217308,155.3558837981444,292.5744748680993,27.968124519070425,330.98361568612063
9624.0,1996111012.0,5.0831310569265495,16.0,120.0918404217308,161.16495952937183,271.66309618591373,30.678666205345486,310.6237663523566
9624.0,1996111018.0,5.535546402981279,16.0,120.0918404217308,239.58608553853605,247.40770346890255,44.07985034217906,310.6237663523566
9624.0,1996111100.0,2.5419479536065985,18.0,109.22843718657725,-170.75374104887393,258.3792189736441,-33.45931379277587,161.66583054319523
9801.0,1998070906.0,8.737859171424267,12.0,151.3872093946261,-9.432012021967237,101.35497513490603,-5.3165869518775715,326.4393647778105
9801.0,1998070912.0,13.777637020651875,12.0,151.3872093946261,-20.717882532046023,153.6306240510643,-7.6802974828509365,326.4393647778105
9801.0,1998070918.0,18.720585362095594,12.0,151.3872093946261,225.69151692341217,235.7987186341507,43.74535279045971,336.1118886172027
9801.0,1998071000.0,10.12488152080163,12.0,151.3872093946261,219.9878666177899,234.86992847217144,43.12606207259091,336.1118886172027
9801.0,1998071006.0,5.014953418989628,10.0,175.31944474510186,223.0730650842795,225.64924985470984,44.671059610843706,328.05470544717605
9801.0,1998071012.0,6.99806646934787,10.0,175.31944474510186,226.59109465453787,234.41949845448116,44.02715599138625,328.05470544717605
9810.0,1998102600.0,18.7824088847179,35.0,63.95217374784219,-84.89079623388403,271.14970660991816,-17.384149557846413,347.48954050711
9810.0,1998102606.0,16.56825753596678,35.0,63.95217374784219,-52.63437775347,167.1597721166085,-17.477894310678547,347.48954050711
9810.0,1998102612.0,14.663754954023537,35.0,63.95217374784219,-61.85854619128218,79.2294904508028,-37.98099288937262,104.53156699803166
9810.0,1998102618.0,11.49707577940194,30.0,72.40148542303059,-69.9909648656142,74.30288675378918,-43.288344075124954,299.0813465106917
9810.0,1998102700.0,11.481763349658658,25.0,83.84716432679616,-71.50978490400236,120.16022688399659,-30.7577339054164,299.0813465106917
9810.0,1998102706.0,11.237205720721212,15.0,126.49595057933435,-106.0851488985537,181.3421628350595,-30.32763026807045,306.894500740157
9903.0,1999060600.0,28.965983363921612,40.0,57.43436099052307,2.3726371245636986,188.1624747128012,0.722433575163563,306.894500740157
9903.0,1999060606.0,29.994984916232955,40.0,57.43436099052307,1.2849118577707612,14.552194223943642,5.045946583142219,311.6434429639421
9905.0,1999072706.0,31.015934151491127,20.0,100.3462021112321,-147.46345346392093,163.07271221985962,-42.12242030678515,311.6434429639421
9908.0,1999082106.0,11.833026025912133,30.0,72.40148542303059,277.91702631938153,293.71057697584314,43.41737236175366,175.62377926916167
9908.0,1999082112.0,24.164704483536607,30.0,72.40148542303059,268.61935275956483,276.4614870787461,44.1757365726331,66.76360258254537
9908.0,1999082118.0,13.901918883163313,30.0,72.40148542303059,264.00332311502984,271.6985611133529,44.17701551933492,66.76360258254537
9909.0,1999090300.0,30.44263860813996,15.0,126.49595057933435,-67.66574789756646,297.96387470861754,-12.79451731325761,52.3801968983197
9909.0,1999090306.0,20.497238971776277,15.0,126.49595057933435,-92.74267267245601,126.97382427426815,-36.14468397932035,52.3801968983197
9909.0,1999090312.0,19.069865092729255,15.0,126.49595057933435,96.59724024416613,97.2628268226283,44.803285160369256,221.7655957018139
9909.0,1999090318.0,22.997057352789522,20.0,100.3462021112321,99.23492157263601,153.01300715452655,32.96498676205376,221.7655957018139
9909.0,1999090400.0,63.84679524913573,12.0,151.3872093946261,209.11486548856186,271.3604176210415,37.618446375194466,323.2860753900833
9910.0,1999091412.0,6.5540883745609735,25.0,83.84716432679616,276.7321163180784,291.67743891660604,43.49385596767726,323.2860753900833
9910.0,1999091418.0,6.550458340495393,25.0,83.84716432679616,274.1717500715691,279.1491232402145,44.484612279057394,291.8877816647843
9910.0,1999091500.0,12.666755190786974,30.0,72.40148542303059,268.7367437034719,271.6985611133529,44.685997682219146,291.8877816647843
9913.0,1999092512.0,48.98511212778828,15.0,126.49595057933435,217.4395689943874,282.9522536922527,37.54110172585006,258.6015891496366
9914.0,1999100706.0,10.630165740076515,40.0,57.43436099052307,116.94449484454107,258.50367938110435,24.341523080669557,258.6015891496366
9914.0,1999100712.0,11.119492664455771,45.0,52.23889874427604,-15.524208709389699,202.89157400696917,-4.375449829937018,97.60024116857748
9914.0,1999100718.0,7.61089171542451,45.0,52.23889874427604,-17.70469657146001,136.4244357715719,-7.394323433760843,97.60024116857748
9914.0,1999100800.0,9.883407049972215,45.0,52.23889874427604,-29.6528002175682,91.27290445761177,-17.997976248497743,296.65685059725575
9914.0,1999100806.0,5.817960638864317,45.0,52.23889874427604,-5.534976941370888,39.20232326671649,-8.036472056693793,296.65685059725575
9914.0,1999100812.0,14.923953775011585,45.0,52.23889874427604,-5.909581459046786,6.552342327367051,-42.04741575947849,296.64269832759095
9914.0,1999100818.0,14.825990219274518,45.0,52.23889874427604,-4.435692860149188,86.82874981233824,-2.9244431308067353,296.64269832759095
9914.0,1999100900.0,11.24684333948691,40.0,57.43436099052307,33.24287627174419,175.73545840761798,10.711746657276665,310.69062227448387
10.0,2000082218.0,26.56513816814271,70.0,36.603799205979946,194.29092201600787,239.95805685278876,38.996642501399265,310.69062227448387
10.0,2000082300.0,22.444095921412515,55.0,44.44655669143675,200.9384842696459,205.5452264418917,44.35068595072201,318.4244172110762
13.0,2000083112.0,17.458178016285064,25.0,83.84716432679616,286.770564013665,287.24438099191946,44.95270557467873,318.4244172110762
13.0,2000083118.0,52.75678628368468,30.0,72.40148542303059,239.38775716756555,294.192962385173,39.13559422864856,224.89780977721227
21.0,2000110606.0,5.083131056926246,35.0,63.95217374784219,270.3062120660646,290.62941485513994,42.92502992829964,224.89780977721227
21.0,2000110612.0,7.193151288161772,30.0,72.40148542303059,269.11323055476834,279.1897910342278,43.947152613863786,89.9718073710872
21.0,2000110618.0,61.68527838900931,12.0,151.3872093946261,196.59580671956203,291.67743891660604,33.98067422212593,89.9718073710872
102.0,2001062218.0,23.849441717844154,40.0,57.43436099052307,118.82380684614743,254.30401917315626,25.044379808389245,98.18521694513075
102.0,2001062300.0,22.499931258318792,50.0,47.99093740128585,131.13440702109614,142.31730634034707,42.658174854622594,98.18521694513075
102.0,2001062306.0,26.165142529929252,40.0,57.43436099052307,-106.02342180442956,152.30873540404448,-34.842108669460046,94.46780011308044
104.0,2001070500.0,18.8544514242254,45.0,52.23889874427604,-189.7371529769143,229.17882499434302,-39.62135783571708,94.46780011308044
104.0,2001070506.0,16.52923395694962,45.0,52.23889874427604,189.18794000616566,189.19686522154265,44.99864852614274,49.89965138799314
104.0,2001070512.0,15.188039258001004,45.0,52.23889874427604,210.09812911765064,210.34209991107448,44.966752717143656,49.89965138799314
105.0,2001071112.0,12.650199050549979,14.0,133.7202001013979,152.01655677966673,260.97117085481295,30.220939221614394,293.96786746282214
105.0,2001071118.0,15.097677431996026,14.0,133.7202001013979,176.578192929161,205.95474037946084,40.608600115801636,293.96786746282214
105.0,2001071200.0,18.609536949041793,12.0,151.3872093946261,152.4073012660939,182.25218886181585,39.903851650434774,352.8791032425726
107.0,2001072400.0,26.300673071902917,20.0,100.3462021112321,-226.65701978486226,240.08988134267915,-43.35149652845867,352.8791032425726
116.0,2001091718.0,6.813543627643718,15.0,126.49595057933435,70.6609752329588,290.7417819878706,13.660143294544145,158.2354376114393
116.0,2001091800.0,7.760912832653439,15.0,126.49595057933435,-44.98946008060182,251.39537810600183,-10.146189004001577,158.2354376114393
116.0,2001091812.0,10.590147655979502,15.0,126.49595057933435,-145.91733254292302,205.95474037946084,-35.31727523574352,288.4378935396496
116.0,2001091900.0,11.985239382502003,12.0,151.3872093946261,-1.8128724091601924,168.48002694274533,-0.6164880863266362,288.4378935396496
116.0,2001091912.0,18.918096055942005,12.0,151.3872093946261,6.703802709844865,96.58533796762384,3.9704223147153126,292.61532228674037
116.0,2001091918.0,17.972198906080603,15.0,126.49595057933435,3.2209620278864146,18.6833894246665,9.781477817303445,292.61532228674037
116.0,2001092000.0,25.665217923839815,25.0,83.84716432679616,31.492451325735093,126.26520988719582,14.004698727628744,273.14108651114134
119.0,2001092612.0,11.50913173162941,40.0,57.43436099052307,239.7061871073771,292.2043820204831,39.36331038776397,273.14108651114134
119.0,2001092618.0,8.156204991232922,30.0,72.40148542303059,256.51372534117377,261.184847525563,44.483042182808276,146.8206328240011
119.0,2001092700.0,5.025601345427678,25.0,83.84716432679616,-85.00822795520645,258.72596508129357,-18.188699515147267,52.53160224832528
119.0,2001092706.0,6.510376313515972,20.0,100.3462021112321,285.6822017594211,287.18929811447924,44.849268009885755,317.785826681062
119.0,2001092712.0,5.8119992046561295,20.0,100.3462021112321,-170.6785003671804,288.4180079889329,-30.61597600525746,317.785826681062
204.0,2002060700.0,14.399282205231534,12.0,151.3872093946261,259.3824223159412,269.1634812591577,43.93982824684119,315.01992452205235
204.0,2002060706.0,45.52124742953143,12.0,151.3872093946261,-195.0681091341186,258.4640534443202,-37.04260173896374,315.01992452205235
208.0,2002070718.0,10.520907073398686,15.0,126.49595057933435,98.71131199442816,218.46767179490058,24.315111691473852,312.2771377888673
208.0,2002070800.0,12.626328455182248,18.0,109.22843718657725,84.48215920482863,165.7073032451231,27.013742831627255,312.2771377888673
208.0,2002070806.0,15.634769880732508,18.0,109.22843718657725,72.90423845189557,108.81860819543097,33.82054837078152,174.9490198121595
208.0,2002070812.0,9.024974778315766,18.0,109.22843718657725,-71.55001151474772,73.44061922668298,-44.252933080687214,290.6312930758692
208.0,2002070818.0,16.32510852842353,15.0,126.49595057933435,-73.7038412396832,77.2044212768964,-43.67116289263723,290.6312930758692
208.0,2002070900.0,17.08535151612097,22.0,92.93511238619287,-63.40801348420352,139.1422480960758,-24.499058171009864,302.1075478139852
208.0,2002070906.0,7.715444159276248,22.0,92.93511238619287,-63.07513031205376,234.83826988632543,-15.034232260460069,302.1075478139852
212.0,2002080218.0,14.105837005885933,12.0,151.3872093946261,186.73970245358723,259.3732298709796,35.75257453479195,78.16281138293607
212.0,2002080300.0,13.97849502595899,14.0,133.7202001013979,198.06041226655,206.7524698197832,43.76994601404801,259.88210185407013
212.0,2002080306.0,26.70369807732119,18.0,109.22843718657725,241.13606078887048,241.69950673800096,44.93313860372762,259.88210185407013
212.0,2002080418.0,18.84618987730178,30.0,72.40148542303059,-248.81140617254664,269.7109744399357,-42.691885097444136,270.0580115159904
212.0,2002080500.0,20.385736551502465,25.0,83.84716432679616,-242.73789590711257,247.798988174668,-44.40887434297782,270.0580115159904
305.0,2003060200.0,11.803318476375793,20.0,100.3462021112321,-272.1882576943529,273.4896680012335,-44.863353137237624,261.77320620653853
305.0,2003060206.0,41.669185452262795,20.0,100.3462021112321,-245.71077173987308,284.90819973850216,-40.77516922479038,261.77320620653853
309.0,2003080318.0,22.783882134406312,22.0,92.93511238619287,167.97655039093416,253.81899519858226,33.49645587571802,115.79169738671767
309.0,2003080400.0,11.597320800404686,22.0,92.93511238619287,165.89562296468358,182.25218886181585,42.310126482122,115.79169738671767
309.0,2003080406.0,11.57662534877196,15.0,126.49595057933435,171.00717309219706,171.07088892804475,44.98932802525118,270.027954883884
309.0,2003080412.0,13.923582772527112,12.0,151.3872093946261,87.79185447986329,187.35327802745047,25.107314007466695,270.027954883884
313.0,2003090118.0,38.27450694519126,60.0,41.4398648134883,-65.14164287174573,243.10320224698816,-15.000513711878158,251.41932358771072
313.0,2003090200.0,26.801700809273427,60.0,41.4398648134883,68.28709655003782,69.2169944508565,44.61253216173258,251.41932358771072
313.0,2003090206.0,59.47475589491811,50.0,47.99093740128585,127.84893057704701,162.2182612061519,38.24267261274619,89.93659042321694
409.0,2004071500.0,12.73397398963324,20.0,100.3462021112321,-242.08923144810345,293.41733105438277,-39.52494723293823,89.93659042321694
409.0,2004071506.0,22.09630255559391,20.0,100.3462021112321,-218.79643105032787,258.3792189736441,-40.258043578799345,324.5971143095989
409.0,2004071512.0,20.424384650521365,20.0,100.3462021112321,212.74032794279415,215.45309711457557,44.637014172133085,324.5971143095989
409.0,2004071518.0,30.752074887857386,20.0,100.3462021112321,72.40468855379872,258.33110026698444,15.65704944442421,324.565880353587
411.0,2004072618.0,26.45159278979398,10.0,175.31944474510186,93.25731788554603,98.43339840145892,43.45326092304561,324.565880353587
411.0,2004072700.0,18.956885485135597,20.0,100.3462021112321,67.74165034168595,151.19722984520723,24.13404955195232,315.07963337323287
411.0,2004072706.0,64.70754028442113,10.0,175.31944474510186,-176.89994270276756,256.8038347885468,-34.56110753639736,315.07963337323287
418.0,2004082512.0,23.076017760128025,40.0,57.43436099052307,182.6360866750343,285.0346051894791,32.64974110318459,318.8648117166936
418.0,2004082518.0,12.224557059482954,30.0,72.40148542303059,104.23572497507475,198.5991269452005,27.692955143274624,318.8648117166936
418.0,2004082600.0,17.07682088679676,25.0,83.84716432679616,134.31692616734819,139.38860225294306,43.93844897524499,310.63279591336294
418.0,2004082606.0,17.089694125312604,15.0,126.49595057933435,129.06977749478025,191.6576763859971,33.957866839765984,310.63279591336294
421.0,2004091100.0,57.76143971355622,10.0,175.31944474510186,-168.40057242790348,230.80057150177012,-36.11586341592036,132.67190178218382
428.0,2004120312.0,29.410720707383078,30.0,72.40148542303059,-150.70329556557914,259.1664586883154,-30.177670672915657,305.08978421410836
428.0,2004120318.0,30.692492325319737,25.0,83.84716432679616,-141.32432517879448,148.1606331548969,-43.64718772539452,305.08978421410836
428.0,2004120400.0,45.19597746745921,20.0,100.3462021112321,-210.1916856853105,260.92349618213296,-38.8538156347227,299.12228387958885
510.0,2005081212.0,24.20562804508442,25.0,83.84716432679616,-63.188781199928776,249.04788453125192,-14.236745922138917,299.12228387958885
510.0,2005081218.0,28.096164114479805,25.0,83.84716432679616,-60.52382937966151,114.33339471306562,-27.895073196549458,282.53698975936123
510.0,2005081300.0,22.802408556258666,30.0,72.40148542303059,68.86502571995885,90.51837896807706,37.26333339329094,282.53698975936123
518.0,2005092218.0,12.182617973608794,20.0,100.3462021112321,-267.1648598861859,282.8086745667235,-43.37067989757078,288.4726000413121
518.0,2005092300.0,16.086159322016197,20.0,100.3462021112321,-259.22584462396105,269.4821779606633,-43.88866653862846,288.4726000413121
518.0,2005092306.0,10.4288433928189,20.0,100.3462021112321,245.22116941785512,259.08513769504793,43.42526885722918,326.38961981068303
519.0,2005100200.0,15.693017612370197,50.0,47.99093740128585,187.87339959647932,296.111583064478,32.3938301880949,326.38961981068303
519.0,2005100206.0,17.318323300149558,50.0,47.99093740128585,188.67152507962967,234.83826988632543,38.7787599514186,352.88955780520564
519.0,2005100212.0,20.742287208526665,40.0,57.43436099052307,197.50347291728843,197.90086885610424,44.94241564894984,352.88955780520564
601.0,2006051706.0,23.675983923534588,50.0,47.99093740128585,-114.28740379846548,252.11738323013734,-24.385275826040687,48.540019691964616
601.0,2006051712.0,19.227127181924427,50.0,47.99093740128585,-130.4563594203646,140.38917990865534,-42.89971154268694,48.540019691964616
601.0,2006051718.0,24.47768396273256,50.0,47.99093740128585,-145.8102435067801,146.12680394436546,-44.93787164019067,149.76628975931692
601.0,2006051800.0,58.61679512900636,20.0,100.3462021112321,-188.33735959053246,221.7560851361846,-40.34123178619677,290.60127759422636
605.0,2006072418.0,23.981446008610806,35.0,63.95217374784219,161.02986639109105,298.1495729825151,28.373375323397656,290.60127759422636
605.0,2006072500.0,17.531982164743457,35.0,63.95217374784219,188.42938107283115,198.102656587609,43.56642620580143,319.4378480207481
605.0,2006072506.0,20.604719453485096,35.0,63.95217374784219,195.28110623056747,201.50088289756584,44.10193058802467,319.4378480207481
605.0,2006072512.0,5.389795049233512,20.0,100.3462021112321,181.37696814491906,214.24692204771057,40.25055465681151,336.83020142859874
605.0,2006072518.0,55.616001425171255,18.0,109.22843718657725,-139.66487072303843,233.40369940692557,-30.895596659184175,336.83020142859874
609.0,2006080900.0,22.294964451782665,15.0,126.49595057933435,13.514493620183229,201.48465480727154,3.83734109172488,201.99159137246903
609.0,2006080906.0,22.548825675684018,12.0,151.3872093946261,8.315900482636456,68.67647289146875,6.9042214367537555,104.14209949601825
609.0,2006080912.0,15.153643107993338,12.0,151.3872093946261,46.60047992040251,67.83377946660308,34.48830401245686,104.14209949601825
609.0,2006080918.0,10.118892242278578,12.0,151.3872093946261,47.59238658733663,146.89210724835857,17.952092685979782,121.15898729783808
609.0,2006081000.0,6.897178999942686,12.0,151.3872093946261,107.57699060560253,205.30015792160765,27.654474506651443,121.15898729783808
609.0,2006081006.0,7.139527679638518,12.0,151.3872093946261,156.0418421501152,240.75131553864026,32.94910163086342,80.5093043550149
707.0,2007080718.0,24.101971299501656,30.0,72.40148542303059,-26.698298123022678,235.1137290730374,-6.478461333123329,80.5093043550149
707.0,2007080800.0,25.79540052936262,30.0,72.40148542303059,-27.482200683015606,93.42223503909118,-16.392403694119213,89.95388458055056
707.0,2007080806.0,24.004926922535443,25.0,83.84716432679616,22.896186661761416,72.12168748772278,17.612875800088297,89.95388458055056
707.0,2007080812.0,62.82292409191353,20.0,100.3462021112321,-54.49968235146424,213.16916299353448,-14.341268133646937,251.4306112230811
708.0,2007080906.0,11.261993771147095,12.0,151.3872093946261,-0.8926658622704725,182.25218886181585,-0.28063079927554907,251.4306112230811
709.0,2007081806.0,8.755847372551933,50.0,47.99093740128585,242.18693379185729,249.82341756421468,44.11078464122801,310.7398662752347
709.0,2007081812.0,13.950843597375924,40.0,57.43436099052307,241.7141683700777,246.50289192081905,44.43802690953222,310.7398662752347
812.0,2008082100.0,17.783128959793366,45.0,52.23889874427604,-260.7486399711974,269.4821779606633,-44.05635507215323,318.92029915198844
812.0,2008082106.0,13.366306169051356,40.0,57.43436099052307,262.2297399297549,262.4135902827338,44.97992188549842,318.92029915198844
812.0,2008082112.0,12.767276339823447,40.0,57.43436099052307,266.45961596518487,267.58648142362244,44.87910305993692,307.93989913553264
812.0,2008082118.0,28.45395578919135,35.0,63.95217374784219,253.82133262430935,279.8575139277996,42.206969160210484,307.93989913553264
814.0,2008092300.0,62.83042105401293,70.0,36.603799205979946,199.258367105876,269.7084260643577,36.4566839894206,319.45461423574665
903.0,2009062000.0,9.896458957003874,25.0,83.84716432679616,10.715453903450468,283.45287427377616,2.1649386093995497,319.45461423574665
903.0,2009062006.0,13.099679163911757,30.0,72.40148542303059,56.67425180785058,224.13778049685195,14.190071242994145,153.5013254079228
903.0,2009062012.0,13.965380630787799,30.0,72.40148542303059,31.0589394806253,149.20951768243552,11.758581374887104,153.5013254079228
903.0,2009062018.0,18.846638926477265,30.0,72.40148542303059,-17.839616174564224,69.06371968763348,-14.483298881260605,70.00934892797325
903.0,2009062100.0,16.765796083331143,30.0,72.40148542303059,-21.340984014140215,48.90233079549042,-23.576463143470033,70.00934892797325
903.0,2009062106.0,11.247442103973114,30.0,72.40148542303059,-13.747946751517688,146.51222084289998,-5.360642057883721,70.0143371379112
903.0,2009062112.0,13.920644859890507,30.0,72.40148542303059,-37.314627910936416,213.8094616307752,-9.899714786512945,70.0143371379112
906.0,2009071718.0,23.653276760228138,35.0,63.95217374784219,-107.33122287732009,232.0718222215737,-24.820135604985843,63.42675959659608
906.0,2009071800.0,19.758972478674135,35.0,63.95217374784219,-112.80157624023983,126.97382427426815,-41.617391225097506,63.42675959659608
906.0,2009071806.0,23.426570650236428,40.0,57.43436099052307,119.6771329267648,127.13260026746836,43.269772626560524,71.57439683857726
906.0,2009071812.0,35.590390436795715,45.0,52.23889874427604,212.8987974638307,213.16916299353448,44.963642415914094,71.57439683857726
1006.0,2010082912.0,5.5597463322280625,15.0,126.49595057933435,-190.15263727972817,297.8886573504115,-32.55149868554567,173.4430047228044
1006.0,2010082918.0,5.0738386527673685,15.0,126.49595057933435,4.044496968119827,272.1323298149187,0.8514811406659212,173.4430047228044
1006.0,2010083000.0,3.4626263760494793,15.0,126.49595057933435,174.17645994342485,241.69950673800096,35.7777377118233,262.303774053497
1006.0,2010083006.0,5.516292871994577,20.0,100.3462021112321,212.64607352887174,228.44394086985974,42.94879873930554,262.303774053497
1006.0,2010083012.0,5.197392876944362,25.0,83.84716432679616,187.69937507390637,220.4021753956459,40.41845131197517,247.22171731505446
1006.0,2010083018.0,5.197392876943922,20.0,100.3462021112321,189.15772757797467,206.7524698197832,42.45537855019625,247.22171731505446
1006.0,2010083100.0,10.300248181579347,20.0,100.3462021112321,189.26106636971747,197.07407425956765,43.84144278506634,228.60059242304686
1006.0,2010083106.0,17.739022310305675,20.0,100.3462021112321,-221.1107128069042,224.65185988438063,-44.54485071930818,228.60059242304686
1006.0,2010083112.0,16.359694858372386,20.0,100.3462021112321,-190.3729737447627,229.15809217995437,-39.71809098653312,61.44133390502728
1006.0,2010083118.0,14.825990219274459,20.0,100.3462021112321,-152.3942202612403,186.81663447280025,-39.205578638936295,319.4611189638114
1006.0,2010090100.0,12.246980371426394,20.0,100.3462021112321,122.63760320074952,150.03533688115482,39.26227070728604,319.4611189638114
1006.0,2010090106.0,7.5553201727417445,20.0,100.3462021112321,111.32827963940987,124.33392376916825,41.841184657815575,330.29515642694076
1006.0,2010090112.0,11.281503964843113,20.0,100.3462021112321,111.96231835723725,114.56317605820462,44.342186087457065,330.29515642694076
1006.0,2010090118.0,16.247499991128183,20.0,100.3462021112321,125.00772212414424,125.02679467019914,44.995629497857315,336.0554144677994
1006.0,2010090200.0,21.05561212642215,20.0,100.3462021112321,132.39720438718695,163.7728958766485,38.95275038485934,336.0554144677994
1006.0,2010090206.0,43.600474925095256,15.0,126.49595057933435,-217.89534805293422,259.17431092087475,-40.05473813987335,319.4072214915103
1010.0,2010090806.0,7.16670256771851,10.0,175.31944474510186,-200.6159629672151,239.26650809908696,-39.978566866983925,319.4072214915103
1010.0,2010090812.0,6.383649233695535,15.0,126.49595057933435,-220.61414800123663,221.03662542728426,-44.945191613996705,167.7984333031722
1010.0,2010090818.0,13.097234093957047,15.0,126.49595057933435,-196.06410282463196,224.49415712813342,-41.13264619191217,333.55912525193776
1010.0,2010090900.0,17.460312946490557,18.0,109.22843718657725,94.66059928023472,193.67982097476101,26.04697363305297,333.55912525193776
1010.0,2010090906.0,17.02637276136257,25.0,83.84716432679616,97.98733831226424,112.7113072096434,41.0025750339976,315.1428410944442
1010.0,2010090912.0,22.30363072465539,35.0,63.95217374784219,93.20865210945735,107.57462784683595,40.90748054129987,315.1428410944442
1010.0,2010090918.0,35.31439079780248,40.0,57.43436099052307,-208.3227355176902,211.84020800394484,-44.52034889538115,296.6715657853952
1011.0,2010091906.0,12.062441754559188,50.0,47.99093740128585,105.42292180827198,261.184847525563,21.980647369744016,296.6715657853952
1011.0,2010091912.0,14.693870639028821,40.0,57.43436099052307,139.67558516010848,198.19848578075346,35.17334053421254,296.66772072169755
1011.0,2010091918.0,25.531227959939145,40.0,57.43436099052307,122.59206006415214,153.85123179436363,38.54861111817945,296.66772072169755
1011.0,2010092000.0,22.407747900324363,35.0,63.95217374784219,143.0115529413228,143.16422216177972,44.96943381681852,270.01469181407117
1013.0,2010102106.0,6.560037629791531,70.0,36.603799205979946,118.14010229917092,295.2064475967981,21.81103343095081,270.01469181407117
1013.0,2010102112.0,8.186655833038824,70.0,36.603799205979946,88.96954709876385,259.3732298709796,18.932863437301304,270.0195870755987
1013.0,2010102118.0,8.182796505032153,70.0,36.603799205979946,89.15277508325326,213.58439589857622,22.656262013848238,270.0195870755987
1013.0,2010102200.0,11.252751530384272,60.0,41.4398648134883,-42.97894519449845,169.63349485161274,-14.217480574886562,270.03427707795555
1013.0,2010102206.0,12.972741441865145,60.0,41.4398648134883,-26.50506048111105,105.24665555038224,-14.135291543868776,270.03427707795555
1013.0,2010102212.0,9.422986887386577,50.0,47.99093740128585,20.488147323780623,34.74346834712381,30.52775988944554,270.04407079635536
1013.0,2010102218.0,11.630407885366877,45.0,52.23889874427604,24.209635487786763,34.28895008801403,35.223916835364186,270.04407079635536
1013.0,2010102300.0,12.229452370429742,45.0,52.23889874427604,37.76067842016723,98.04417421592042,21.063663276971877,284.06033258702746
1013.0,2010102306.0,7.603280926101589,35.0,63.95217374784219,-78.29361633384076,168.62737044455804,-24.90542210574338,122.0114603226344
1013.0,2010102312.0,8.143087135931612,20.0,100.3462021112321,-119.08033000069975,210.7218096320703,-29.47108704463032,326.47245702796624
1103.0,2011061006.0,22.507631168154955,15.0,126.49595057933435,147.85199691607275,286.8766389415157,27.265912119743305,326.47245702796624
1103.0,2011061012.0,24.09223410632109,15.0,126.49595057933435,-124.5387399573386,180.8949466550503,-34.54581450573076,51.202382218538936
1103.0,2011061018.0,18.532487774093088,15.0,126.49595057933435,-119.1568746937183,119.44726280237097,-44.930269420276296,51.202382218538936
1104.0,2011062006.0,19.940906708668933,10.0,175.31944474510186,-263.74263177141717,263.96245477040003,-44.976132636060704,60.16324397291949
1111.0,2011082900.0,12.592180397349502,30.0,72.40148542303059,197.95576290378628,252.2972828019387,38.11819671523452,60.16324397291949
1111.0,2011082906.0,8.997125185819796,25.0,83.84716432679616,209.57892389335467,216.80251491060696,44.02940970175211,58.974126415149115
1111.0,2011082912.0,3.8657803407652285,20.0,100.3462021112321,188.75380293806552,212.94647093714482,41.55348627290736,58.974126415149115
1111.0,2011082918.0,8.763996696659138,20.0,100.3462021112321,200.73765140228267,204.76532882499308,44.43092568886254,195.85050584553838
1111.0,2011083000.0,4.073760234460587,20.0,100.3462021112321,177.47878466900133,205.29082518755436,40.844191789193864,195.85050584553838
1111.0,2011083006.0,3.706497554818571,18.0,109.22843718657725,-102.49679809562261,219.94188772052706,-24.986349243543255,288.47100079950525
1111.0,2011083018.0,4.0709872181204485,18.0,109.22843718657725,194.05360749584273,250.3417096809685,37.781229324082794,288.47100079950525
1111.0,2011083100.0,13.580292905458565,14.0,133.7202001013979,260.64228187048536,267.5674209399297,44.248861754064436,305.07390156961714
1205.0,2012061912.0,17.732622687990098,25.0,83.84716432679616,3.9409110145871065,263.69158427696397,0.8562304339129959,305.07390156961714
1205.0,2012061918.0,25.57766369088104,25.0,83.84716432679616,-33.52008044770791,157.33784564201648,-12.026786686958642,333.48741363480525
1205.0,2012062000.0,31.579821692984122,20.0,100.3462021112321,-33.04108051093396,33.359993245958485,-44.724820515375754,333.48741363480525
1206.0,2012062900.0,23.248365925705283,20.0,100.3462021112321,249.09875148123407,249.64956729975603,44.93672277645651,315.02912367234757
1214.0,2012082400.0,10.295204460150476,55.0,44.44655669143675,-32.4982088298759,263.6082612349478,-7.028087977502894,315.02912367234757
1214.0,2012082406.0,7.106910743813271,40.0,57.43436099052307,16.749709133951356,202.64533922084644,4.725058393318745,139.14723807940385
1214.0,2012082412.0,10.449815340941191,40.0,57.43436099052307,3.832576012464767,160.18615346990345,1.3705837793555586,315.1343656369756
1214.0,2012082418.0,11.993885812979435,35.0,63.95217374784219,-12.27888343508702,97.51185034018334,-7.177022234644922,315.1343656369756
1214.0,2012082500.0,8.768230097386699,35.0,63.95217374784219,-17.254346333920147,28.04076175771127,-31.605268657280757,326.39756621214894
1214.0,2012082506.0,12.69227341797935,35.0,63.95217374784219,4.106181275924656,36.2323262677321,6.465699412839617,326.39756621214894
1214.0,2012082512.0,11.547100028026277,40.0,57.43436099052307,30.225339913084365,112.20833627350723,15.075821517098179,315.0628071690802
1214.0,2012082518.0,7.4129951096372,45.0,52.23889874427604,134.43339916548337,179.9815836575036,36.75710682175635,315.0628071690802
1214.0,2012082600.0,4.09091253809997,45.0,52.23889874427604,194.9448628710097,213.29972743211476,42.425689072152224,319.442644755989
1214.0,2012082606.0,5.519538530490948,45.0,52.23889874427604,217.6033796757758,225.71612650883216,43.95160427368945,319.442644755989
1214.0,2012082612.0,9.432496941145336,40.0,57.43436099052307,220.671798452088,221.04039850346302,44.95218782158273,350.54949520956495
1214.0,2012082618.0,8.679429570033214,40.0,57.43436099052307,224.14530157045263,227.6798385884323,44.551795805972866,350.54949520956495
1214.0,2012082700.0,15.725677569430841,35.0,63.95217374784219,-207.65902753871234,225.08013097247974,-42.69464590166175,203.13894323690073
1214.0,2012082706.0,15.69312226530878,35.0,63.95217374784219,-204.27238799943143,204.64148845012681,-44.94828277171366,203.13894323690073
1214.0,2012082712.0,25.090345651590127,35.0,63.95217374784219,-194.8440527754987,224.99492291429513,-40.89233728249126,91.25357034093399
1308.0,2013071718.0,19.77922011632563,15.0,126.49595057933435,-29.482321931785762,207.42310740036137,-8.089614630016987,252.25111845709762
1308.0,2013071800.0,24.092234106320916,20.0,100.3462021112321,-4.435851231784995,91.27290445761177,-2.7823781664679377,66.03282978647279
1308.0,2013071806.0,16.679238996683775,15.0,126.49595057933435,-4.434244223118608,53.53091875398499,-4.735296274173802,66.03282978647279
1308.0,2013071812.0,23.783723408421228,15.0,126.49595057933435,63.10020406826706,153.50343401743297,22.34594887574608,50.160820957111966
1319.0,2013092112.0,16.509452061304177,80.0,32.87325033719918,-84.81912580467463,239.15600098670836,-19.527572625299392,50.160820957111966
1319.0,2013092118.0,18.75791891875254,80.0,32.87325033719918,-78.93200744684567,151.70243401444634,-27.48832602879516,194.9812439290754
1319.0,2013092200.0,21.917847750899313,80.0,32.87325033719918,78.51540508978118,81.73827885467175,43.847875624760945,194.9812439290754
1319.0,2013092206.0,25.07383914747049,80.0,32.87325033719918,47.36995769565418,130.16342536507972,19.99780202357046,323.25013687715233
1406.0,2014060900.0,54.98249561459462,10.0,175.31944474510186,-231.5880895554486,284.90819973850216,-39.10599174570251,323.25013687715233
1407.0,2014061318.0,5.559746332227886,14.0,133.7202001013979,-127.1977391186562,294.6986316348761,-23.345979942813514,330.3409389352426
1407.0,2014061400.0,5.82426848170693,16.0,120.0918404217308,193.4253287369516,264.5339926712469,36.17399944402936,330.3409389352426
1407.0,2014061406.0,7.412995109637142,18.0,109.22843718657725,-136.83325928248283,240.66672883475871,-29.620789407090324,330.3174641298135
1407.0,2014061412.0,9.266243887046574,20.0,100.3462021112321,-135.6550695069608,204.57283443766437,-33.548907209852096,330.3174641298135
1407.0,2014061418.0,11.251657493739524,22.0,92.93511238619287,147.6312172615144,165.3033033460478,41.76781698632188,341.5983446960177
1407.0,2014061500.0,11.119492664455771,22.0,92.93511238619287,-140.48248849769126,144.30956649452958,-44.23009713412445,341.5983446960177
1407.0,2014061506.0,9.873967910718484,24.0,86.64829809982032,119.26292936460045,142.9818967514563,39.8318939606686,348.70614717916834
1407.0,2014061512.0,7.412995109637378,16.0,120.0918404217308,-162.4696475090032,181.80073419113694,-41.78616608247026,348.70614717916834
1407.0,2014061518.0,13.019364994181835,12.0,151.3872093946261,-206.17230501341294,206.56417532109347,-44.94560086382035,15.932651025805075
1407.0,2014061600.0,54.059077474800226,12.0,151.3872093946261,-197.06862736630387,230.61740811746998,-40.51475781477686,15.932651025805075
1416.0,2014092012.0,11.644769309140955,20.0,100.3462021112321,-235.26574339082822,262.5053697022979,-41.867715995560864,36.863851335102716
1416.0,2014092018.0,9.037378627668561,25.0,83.84716432679616,-234.0095592365329,235.65667798850856,-44.79906461553068,36.863851335102716
1416.0,2014092100.0,59.25719140827375,28.0,76.53637190808041,-182.64580846359954,244.1723966309778,-36.797219240912916,214.6640424818454
1510.0,2015070700.0,5.559746332227827,18.0,109.22843718657725,-92.51578612752479,272.24076432928246,-18.769340878990242,354.30445916567857
1510.0,2015070706.0,5.82392950595765,20.0,100.3462021112321,17.599419845010885,240.83505239092926,4.179554550269316,354.30445916567857
1510.0,2015070712.0,5.822904377986589,25.0,83.84716432679616,17.51613360150083,205.97627063433447,4.860713874723809,52.860900633914625
1510.0,2015070718.0,5.559746332227886,25.0,83.84716432679616,-70.1993564858154,171.16196545158476,-22.300205888062376,52.860900633914625
1510.0,2015070800.0,7.412995109637318,25.0,83.84716432679616,-69.8112544932869,140.94596626553775,-26.34944847190716,80.54258223097011
1510.0,2015070806.0,9.029141361747802,35.0,63.95217374784219,8.64123328665581,103.69882250433642,4.76345773252285,80.54258223097011
1510.0,2015070812.0,13.22372771766202,45.0,52.23889874427604,-17.14419700497276,49.88546780917664,-18.96636830190479,270.01675386374217
1510.0,2015070818.0,14.18045120559682,55.0,44.44655669143675,10.965232351666224,37.04718388795784,16.487709858318055,270.01675386374217
1510.0,2015070900.0,20.833590924375574,55.0,44.44655669143675,1.1816645617578054,120.7427405683429,0.5607147101433656,210.94008117283644
1513.0,2015080800.0,12.426030251125026,55.0,44.44655669143675,198.55655977844523,287.18929811447924,34.65915569096361,210.94008117283644
1513.0,2015080806.0,3.8588819346553227,45.0,52.23889874427604,-58.17736962034627,242.23136039535004,-13.505091170257476,68.1926388354108
1521.0,2015092818.0,30.242543886549697,35.0,63.95217374784219,-256.5807437414335,264.7822576238336,-44.09875964753206,68.1926388354108
1601.0,2016070800.0,15.118296584444343,60.0,41.4398648134883,197.95984534381705,271.23365217284544,36.12383221675621,0.0
1601.0,2016070806.0,5.437624300041512,45.0,52.23889874427604,0.23837952159179307,222.27369841565164,0.06144737488296728,0.0
1601.0,2016070812.0,5.034302883490705,35.0,63.95217374784219,169.83310037036676,189.6487879889803,41.84488298744516,300.9670225755629
1601.0,2016070818.0,20.379663467985306,25.0,83.84716432679616,179.99852669320435,180.00310472503432,44.999271386906535,300.9670225755629
1601.0,2016070900.0,10.02269692984588,20.0,100.3462021112321,217.1462877463238,224.57926311470135,44.03596717988323,263.6452456257317
1601.0,2016070906.0,12.517044789506604,18.0,109.22843718657725,239.57505705052097,251.0207003785042,43.66352673195522,263.6452456257317
1604.0,2016080100.0,30.549354200745906,30.0,72.40148542303059,-163.3460783707285,282.8086745667235,-30.010090356604454,110.80897520971797
1604.0,2016080106.0,28.943096985549563,35.0,63.95217374784219,167.82244837350612,168.14686411899402,44.944674568313765,229.33135046229614
1604.0,2016080112.0,19.011751965471856,45.0,52.23889874427604,55.1258665070917,226.74256809953363,13.664690988680839,229.33135046229614
1608.0,2016081506.0,14.255964054590732,15.0,126.49595057933435,38.78829103344243,120.49663489803376,17.84354987037486,315.0389639845912
1608.0,2016081512.0,15.612955490690238,15.0,126.49595057933435,64.64854106634579,202.9445013156142,17.66942424901227,315.0389639845912
1614.0,2016091406.0,24.065901052053558,85.0,31.30746122196499,139.32197488633796,189.02274159706602,36.39261379244857,288.44396851232864
1614.0,2016091412.0,17.97652733621156,75.0,34.626274653077736,143.39953302515224,145.36194362436908,44.610626336388165,288.44396851232864
1614.0,2016091418.0,37.25127397579584,70.0,36.603799205979946,-200.1112023847612,200.94433377843865,-44.88097697284066,333.44949156752705
1617.0,2016092712.0,22.69010439682064,50.0,47.99093740128585,240.10850727991325,281.92747575540943,40.41996183139516,333.44949156752705
1617.0,2016092718.0,25.336192717888935,40.0,57.43436099052307,240.36585530200577,249.76051944200822,43.90189811111055,176.99444158162444
1617.0,2016092800.0,15.2357717347609,25.0,83.84716432679616,262.28370523054747,264.7143993417577,44.735734293767656,176.99444158162444
1619.0,2016100606.0,15.612740841071584,12.0,151.3872093946261,-210.68264678212722,234.5810551212657,-41.927741123845806,289.6470811609935
1619.0,2016100612.0,14.005693414136724,15.0,126.49595057933435,-212.35820358013922,213.5343246289448,-44.84177557357676,289.6470811609935
1619.0,2016100618.0,14.381932929405524,15.0,126.49595057933435,195.56095783477127,237.97453035431874,39.41242979665475,284.01166108459284
1619.0,2016100700.0,10.157018783426748,18.0,109.22843718657725,290.42058034997103,294.97712646568203,44.55403721886899,284.01166108459284
1619.0,2016100706.0,5.823247450181857,18.0,109.22843718657725,260.48797922531037,286.3671854039418,42.29057350293654,142.7994288527619
1619.0,2016100712.0,4.0899319476757805,20.0,100.3462021112321,-123.7987946544173,271.6985611133529,-24.496267805480148,293.9888389757875
1619.0,2016100718.0,3.9202029132402636,25.0,83.84716432679616,31.796470674161394,249.90797428094365,7.250938747169276,293.9888389757875
1619.0,2016100800.0,6.366596171820447,25.0,83.84716432679616,3.791624942873383,226.6443163382091,0.9584349906140353,38.69858677316439
1619.0,2016100806.0,5.4931634737240165,20.0,100.3462021112321,53.45239318313825,188.45909263022742,15.834854379379282,218.62291561760534
1619.0,2016100812.0,3.911866978208392,18.0,109.22843718657725,32.218961829842286,157.33784564201648,11.57279056380161,218.62291561760534
1619.0,2016100818.0,3.9097606791168786,15.0,126.49595057933435,32.34254148133719,134.51449508420654,13.519518207598058,233.0829059936058
1619.0,2016100900.0,3.907645476343056,15.0,126.49595057933435,32.49496271984018,111.96014153934728,16.184677831490202,233.0829059936058
1619.0,2016100906.0,3.4390225634482596,15.0,126.49595057933435,66.7482015380331,89.86770765488338,36.60269212879681,242.50447955888203
1619.0,2016100912.0,2.528501903802996,12.0,151.3872093946261,75.59578282528038,78.27051267926983,44.00410094635804,242.50447955888203
1619.0,2016100918.0,5.559746332227944,12.0,151.3872093946261,28.609790685259316,84.41892290564503,18.72165225164654,341.60627464407804
1619.0,2016101000.0,9.389878251236139,12.0,151.3872093946261,94.07810724551992,116.54284971778628,38.91187340492532,341.60627464407804
1619.0,2016101006.0,11.76677529775008,12.0,151.3872093946261,81.7174981802821,156.68409405902196,27.54397950846,119.07488669284251
1619.0,2016101012.0,8.182796505032153,10.0,175.31944474510186,58.13709802378851,219.7515425326109,14.818578388270778,284.07062152558296
1622.0,2016102018.0,26.184477231521708,55.0,44.44655669143675,255.43468170356357,267.58648142362244,43.669037419050156,284.07062152558296
1622.0,2016102100.0,59.33247305762811,55.0,44.44655669143675,110.02421815982095,255.8786337306473,23.267025561372158,243.26955863446162
1707.0,2017072206.0,24.78005730285078,10.0,175.31944474510186,-105.35164782178137,172.95517257647515,-31.34671816142062,243.26955863446162
1707.0,2017072212.0,26.093179615569586,12.0,151.3872093946261,105.69286844079274,108.81860819543097,44.16517743057528,270.01100540530143
1707.0,2017072218.0,56.012643650507336,12.0,151.3872093946261,-182.02635470308104,207.6008964639399,-41.2445790576492,270.01100540530143
1710.0,2017073006.0,28.00898354193804,25.0,83.84716432679616,-242.24367420312888,248.11639998904647,-44.31383827253196,56.795230401035006
1710.0,2017073012.0,57.95360856691256,20.0,100.3462021112321,-175.70671979397562,261.184847525563,-33.92988042972929,56.795230401035006
1713.0,2017082206.0,26.09558688704769,30.0,72.40148542303059,-217.05856673436452,237.29910723025253,-42.449297351556666,288.46114717503
1713.0,2017082212.0,24.346694242284332,35.0,63.95217374784219,227.49169150287761,227.49982887287476,44.99897528429379,288.46114717503
1713.0,2017082218.0,54.294869697590066,45.0,52.23889874427604,218.57616587780984,264.8658813329065,39.53058665851264,301.00969358531944
1716.0,2017090100.0,7.625838337734315,12.0,151.3872093946261,-130.61623979116416,293.41733105438277,-23.99648427587156,301.00969358531944
1716.0,2017090106.0,8.89690198698935,12.0,151.3872093946261,-160.47908528996987,253.10214441495634,-32.37668754704455,270.02051029487984
1716.0,2017090112.0,10.29543625781647,12.0,151.3872093946261,-174.78816960849815,213.98454424037317,-39.24284811187549,270.02051029487984
1716.0,2017090118.0,7.8506757013017365,12.0,151.3872093946261,178.34921699270606,183.93454071142173,44.11674172805718,248.13248233851647
1716.0,2017090200.0,5.067510490059257,20.0,100.3462021112321,168.5977624830868,176.31436453967,43.71835476219085,248.13248233851647
1716.0,2017090206.0,4.088446418475874,20.0,100.3462021112321,151.7493973329485,167.96061429314116,42.097246057300154,255.91348813114126
1716.0,2017090212.0,6.540559303977417,20.0,100.3462021112321,154.9331622295968,157.49484583071472,44.53022659290562,255.91348813114126
1716.0,2017090218.0,5.0561826000323755,20.0,100.3462021112321,147.1734619246533,152.4663982575356,43.98801388904641,180.0
1716.0,2017090300.0,8.168796869664147,20.0,100.3462021112321,159.81911783432534,160.98661975959672,44.79148553240511,180.0
1716.0,2017090306.0,6.334198858272504,20.0,100.3462021112321,104.94710485439533,171.1024287972686,31.52321913085524,185.68356680175705
1716.0,2017090312.0,16.50834100833735,20.0,100.3462021112321,99.57682311070569,201.45977736697014,26.302102706552734,185.68356680175705
1717.0,2017090606.0,18.53248777409315,12.0,151.3872093946261,-207.71356911883856,284.90819973850216,-36.09408319358216,227.8006955112183
1717.0,2017090612.0,15.186809051560637,12.0,151.3872093946261,48.29599606932496,219.66833368236885,12.399696603036825,227.8006955112183
1717.0,2017090618.0,13.059377077271142,10.0,175.31944474510186,88.41422446440565,132.3855460382036,33.73714124563002,40.469569044002974
1804.0,2018061000.0,25.272458933151185,10.0,175.31944474510186,129.44982587207318,180.80562184704354,35.60119717597878,40.469569044002974
1806.0,2018061312.0,12.618378404133884,14.0,133.7202001013979,83.71625791487367,137.84828959635362,31.270610951902608,0.0
1806.0,2018061318.0,12.190881761764837,14.0,133.7202001013979,89.29004406825231,91.38910194606271,44.33439054987998,0.0
1806.0,2018061400.0,10.962651553454286,16.0,120.0918404217308,-95.38151895951928,103.69882250433642,-42.60765220049572,348.7225454504105
1806.0,2018061406.0,11.338302418890985,16.0,120.0918404217308,-123.10051451444896,140.09403994639538,-41.30574552824929,348.7225454504105
1806.0,2018061412.0,6.334198858272152,16.0,120.0918404217308,-109.4973013600403,179.29923674215252,-31.412239549348925,0.0
1806.0,2018061418.0,4.081809430541147,16.0,120.0918404217308,-183.66498802964878,209.66678176248476,-41.217878493424934,0.0
1806.0,2018061500.0,35.46335240362747,18.0,109.22843718657725,-194.53197605601216,221.78261820518637,-41.2549413216564,336.83020142859874
1823.0,2018091100.0,10.562080109724906,10.0,175.31944474510186,-198.76543405733352,202.36740975771798,-44.485525899635945,336.83020142859874
1823.0,2018091106.0,12.696314692649919,15.0,126.49595057933435,-195.69267793522513,202.41700432498368,-44.03232976550715,302.01718502849155
1823.0,2018091112.0,17.3588388729972,15.0,126.49595057933435,223.26555637068998,234.76035732685335,43.56238403896914,302.01718502849155
1823.0,2018091118.0,2.538870574269493,15.0,126.49595057933435,281.295264851852,282.73147301730205,44.8541053410979,174.66895264995935
1826.0,2018110118.0,2.5380928573018093,20.0,100.3462021112321,280.2353218258396,280.53995706953674,44.96887467637271,174.66895264995935
1826.0,2018110200.0,3.4672207930012426,20.0,100.3462021112321,195.35304216845398,279.1491232402145,34.98494679940915,56.212067448102694
