7004.0,1970080100.0,11.625138097540178,9.0,190.8380043790661,-83.60512524064208,224.94158501126012,-20.388833206744557,18.419144951715857
7004.0,1970080106.0,9.862343101827404,12.0,151.3872093946261,-91.25947535356701,161.16602796847954,-29.520496331204225,18.419144951715857
7004.0,1970080112.0,9.417601682599662,12.0,151.3872093946261,-75.0670718917486,114.92842170513381,-33.15111118728756,21.78994553716059
7004.0,1970080118.0,9.167072501430924,13.0,141.94028990686283,-16.607766893989137,77.8793615094613,-12.03800336821759,21.78994553716059
7004.0,1970080200.0,35.184927749632294,11.0,162.3711905190999,-23.947355764905517,27.27079958394384,-41.28739602974999,11.306256496400282
7010.0,1970090618.0,17.672814346895972,28.0,76.53637190808041,-85.30833805852842,224.30745452119905,-20.822749568100967,11.306256496400282
7010.0,1970090700.0,11.897714172326973,28.0,76.53637190808041,-34.99381523340571,135.62803164459382,-14.467534591232882,291.8011483867924
7010.0,1970090706.0,8.590076090508862,25.0,83.84716432679616,-32.49809607173358,70.09490059832245,-24.87385200147614,291.8011483867924
7010.0,1970090712.0,13.536878838558389,22.0,92.93511238619287,-35.020217668108614,35.63907910789562,-44.49819424186602,89.97580631745714
7010.0,1970090718.0,11.878704301232942,20.0,100.3462021112321,10.86217187094802,82.07199384612689,7.539240749039474,89.97580631745714
7010.0,1970090800.0,15.55228941271807,15.0,126.49595057933435,0.9564066551435494,152.9064407465241,0.3583717596407765,253.28315320862413
7010.0,1970090806.0,12.212947414184441,14.0,133.7202001013979,238.6447577256776,246.21990338608094,44.104928441635195,253.28315320862413
7010.0,1970090812.0,39.28320104468194,14.0,133.7202001013979,190.97657013526285,243.8729142192199,38.064450783274005,278.12342402717906
7114.0,1971072000.0,2.514114904536584,13.0,141.94028990686283,-160.291533296601,224.62286476082488,-35.51176501319326,278.12342402717906
7114.0,1971072006.0,5.812761998369727,18.0,109.22843718657725,-80.07868679909164,213.83887120423663,-20.529992137186007,281.3070751674472
7114.0,1971072012.0,5.811615957549233,20.0,100.3462021112321,-80.00083436982649,181.50125359671327,-23.78658517312841,281.3070751674472
7114.0,1971072018.0,14.620435646446198,20.0,100.3462021112321,-103.18764548147995,150.28584999089725,-34.4738502819058,277.11735292767696
7114.0,1971072100.0,12.204497019490328,18.0,109.22843718657725,-96.95540976544784,99.99773209263991,-44.11502621628038,277.11735292767696
7114.0,1971072106.0,47.12203025869119,15.0,126.49595057933435,-87.47135599401656,102.3855426267267,-40.50836064379361,261.8593352270141
7115.0,1971072600.0,21.483577251214044,50.0,47.99093740128585,123.72786191710236,249.83285672182433,26.34657118779085,261.8593352270141
7115.0,1971072606.0,27.59458634507634,35.0,63.95217374784219,143.46831729888098,147.28327456693026,44.2482641052485,257.4552382026677
7122.0,1971091812.0,14.062415637335407,34.0,65.46204349166737,-140.65692672765462,273.5020547976415,-27.21590067707658,257.4552382026677
7122.0,1971091818.0,15.430847329776427,30.0,72.40148542303059,-107.595380987491,207.51777887232146,-27.40617620985229,153.4526881899474
7122.0,1971091900.0,15.393503308518381,25.0,83.84716432679616,-110.08768591087313,137.46009914116178,-38.69019421201078,153.4526881899474
7122.0,1971091906.0,20.297116958397115,20.0,100.3462021112321,82.87477613725713,108.27743241059001,37.43018613622826,113.2675194005327
7122.0,1971091912.0,5.011354670990271,12.0,151.3872093946261,62.78883924330282,206.42253811819847,16.918516881132632,113.2675194005327
7123.0,1971092212.0,19.948967729379135,70.0,36.603799205979946,-6.340387815819815,287.33586656575596,-1.264090425940102,44.96154109311913
7123.0,1971092218.0,20.648872398170514,60.0,41.4398648134883,6.614149370542399,167.73822299776006,2.2580817430969766,44.96154109311913
7123.0,1971092300.0,20.359023996542515,60.0,41.4398648134883,26.107187077658804,44.22728451008771,30.55318157718534,18.415911747324248
7123.0,1971092306.0,29.211654244446056,40.0,57.43436099052307,27.895751633509573,91.14112746560899,17.017885292683687,18.415911747324248
7204.0,1972071418.0,20.663502650929725,23.0,89.66835004458707,-60.95191902294584,210.9162715495106,-16.118570960066933,18.41992241363482
7204.0,1972071500.0,54.98599584261144,20.0,100.3462021112321,17.173510422972722,97.12246878164822,10.027574310831746,18.41992241363482
7207.0,1972080112.0,26.088239713746358,22.0,92.93511238619287,202.83402551631485,234.80486216000764,40.82179315097981,29.73624882165659
7207.0,1972080118.0,13.523212197911883,20.0,100.3462021112321,209.12642618362284,220.99032210797213,43.42001303841273,29.73624882165659
7207.0,1972080200.0,51.91900907418395,14.0,133.7202001013979,-204.77403626983377,264.9121498664472,-37.70360950684792,26.561885682967784
7209.0,1972081618.0,16.36294111547802,73.0,35.38793200437064,201.8936519492202,236.23913630388114,40.5177168235286,26.561885682967784
7209.0,1972081700.0,14.898827540523696,65.0,38.853919355861585,204.35312615694258,209.61606765493275,44.27161707785729,212.4274682666799
7209.0,1972081706.0,20.325509792702785,55.0,44.44655669143675,214.77413320266822,217.59486593050647,44.62621328550574,212.4274682666799
7209.0,1972081712.0,14.876768030514937,38.0,59.8555314566313,241.1616153027704,242.4130929127591,44.851720481018624,340.02837620962964
7301.0,1973070300.0,17.434826039308135,32.0,68.73601561075849,-125.2811524068024,285.87480938665857,-23.664850387897104,340.02837620962964
7301.0,1973070306.0,17.42431383778766,32.0,68.73601561075849,-122.31863418258268,195.4780545669931,-32.035903499287535,291.78615760302773
7301.0,1973070312.0,17.413513185281946,22.0,92.93511238619287,-118.22938523992826,129.19762355362693,-42.46178636045857,291.78615760302773
7301.0,1973070318.0,22.784957642913927,20.0,100.3462021112321,-119.1064756271962,130.87996441502278,-42.30356122901868,107.67922889855825
7301.0,1973070400.0,52.61183544733132,16.0,120.0918404217308,176.22451677885604,230.32680876711916,37.41983430683463,284.0326825886664
7304.0,1973071718.0,32.5529670933199,25.0,83.84716432679616,-72.31559857939621,226.71985807957296,-17.690839564430494,284.0326825886664
7304.0,1973071800.0,35.137434773163136,23.0,89.66835004458707,-73.47822448962675,78.88242514316931,-42.96858220728149,296.56922673866796
7304.0,1973071806.0,63.40794965854113,23.0,89.66835004458707,-78.81443344720267,204.65033137484994,-21.062570848341046,296.56922673866796
7310.0,1973082000.0,13.082663139381737,15.0,126.49595057933435,-52.75108858339101,203.59304905409616,-14.525938740808456,296.565531222213
7310.0,1973082006.0,8.143087135931612,15.0,126.49595057933435,-86.91081592936311,128.64830119271804,-34.041744441261315,296.565531222213
7310.0,1973082012.0,13.591045421109918,15.0,126.49595057933435,-83.90228722847985,95.64832038034032,-41.257096949553514,265.21309959944347
7310.0,1973082018.0,9.861428403646313,12.0,151.3872093946261,4.882733377472574,95.43867373361427,2.9287531081340177,265.21309959944347
7310.0,1973082100.0,4.0743095235897115,10.0,175.31944474510186,17.653127873576363,154.55956889585286,6.5158413757722515,224.97672621284923
7310.0,1973082106.0,5.0220768770857465,10.0,175.31944474510186,72.97452731844378,178.87408577650143,22.193784524168116,224.97672621284923
7315.0,1973100918.0,18.014312714888447,35.0,63.95217374784219,186.33762446992935,299.37942763967493,31.898667878162794,88.84155320798357
7315.0,1973101000.0,26.241945958081942,35.0,63.95217374784219,216.75862201556473,220.2003878225674,44.548711498404224,289.97441205167047
7410.0,1974071906.0,27.99912467405973,15.0,126.49595057933435,204.24572291464435,227.88935530903575,41.86826859716174,289.97441205167047
7412.0,1974081018.0,8.155131648913974,17.0,114.3717338112809,157.43664338936242,251.5909468296705,32.036864411529734,294.4362185337135
7412.0,1974081100.0,11.24764044829292,17.0,114.3717338112809,106.68203324590657,213.73031927921167,26.52576441574658,294.4362185337135
7412.0,1974081106.0,11.618967028142523,20.0,100.3462021112321,121.90409837742439,156.8138096744578,37.86082114393969,322.12218932217695
7412.0,1974081112.0,17.71468831991411,20.0,100.3462021112321,105.5895713798467,120.30374221711827,41.27314967561112,322.12218932217695
7412.0,1974081118.0,63.51680601123402,16.0,120.0918404217308,-127.79363519581912,189.21449512985552,-34.03471017311725,322.43344863018524
7413.0,1974082100.0,11.239905516221773,18.0,109.22843718657725,-112.66510460412898,282.548606868825,-21.73944011989985,322.43344863018524
7413.0,1974082018.0,4.054672311450464,18.0,109.22843718657725,-21.587112554402935,220.99032210797213,-5.5791527997776535,173.9938593681601
7413.0,1974082100.0,4.950527019538904,18.0,109.22843718657725,-97.69635633812595,245.2412162041207,-21.720775789115443,10.301058238698056
7413.0,1974082106.0,63.119244612109334,18.0,109.22843718657725,-197.1033486375385,273.0314833128169,-35.82578286444557,10.301058238698056
7420.0,1974092806.0,5.007731406627528,24.0,86.64829809982032,101.34606686714089,255.09199587824241,21.667539885072443,57.82752337601735
7420.0,1974092812.0,2.502499755044885,24.0,86.64829809982032,100.88891073781723,227.88935530903575,23.87945420392458,57.82752337601735
7420.0,1974092900.0,5.5597463322280625,20.0,100.3462021112321,-195.18963490789213,205.09070977797984,-43.58305770874514,301.61106879286973
7420.0,1974092906.0,6.956131835671148,15.0,126.49595057933435,15.7078812497132,196.17271311430852,4.578002817984815,301.61106879286973
7420.0,1974092912.0,6.4893718898043495,12.0,151.3872093946261,115.0660957968332,154.61227622640214,36.65749099879312,309.8151683148897
7420.0,1974092918.0,5.559746332227886,10.0,175.31944474510186,-132.465861727714,132.71069771397416,-44.947099152621234,309.8151683148897
7503.0,1975080306.0,19.4145433944435,60.0,41.4398648134883,-129.55522077649385,197.92129635483647,-33.20793539920112,132.2637031299499
7503.0,1975080312.0,17.762990277555144,40.0,57.43436099052307,132.44646045594618,135.89750105885793,44.26318758804668,132.2637031299499
7503.0,1975080318.0,23.97603336268878,35.0,63.95217374784219,140.90986575503447,149.3285389108245,43.33854092064498,319.3969232011467
7503.0,1975080400.0,21.001662422840695,25.0,83.84716432679616,215.38781973272867,230.29850646775853,43.08385215368203,319.3969232011467
7506.0,1975081518.0,20.74228720852628,15.0,126.49595057933435,13.683262359834922,298.81859717128503,2.6218110623046518,315.001414289998
7506.0,1975081600.0,15.27213262332137,15.0,126.49595057933435,101.03754668136834,174.69588414182036,30.043477953872614,315.001414289998
7506.0,1975081606.0,9.210605621322932,15.0,126.49595057933435,115.86890567356794,117.80558217365297,44.52514778064282,294.453453259418
7506.0,1975081612.0,9.222839594155795,15.0,126.49595057933435,118.86319187675731,124.79915740269658,43.60446837615535,294.453453259418
7513.0,1975100700.0,56.800337238696464,10.0,175.31944474510186,-165.21891304191337,273.0314833128169,-31.179293998818434,276.3501578777741
7613.0,1976080918.0,23.82366703709218,55.0,44.44655669143675,-48.027816758865626,190.7238422127109,-14.134271876264457,276.3501578777741
7613.0,1976081000.0,31.08031017285055,45.0,52.23889874427604,-47.509675263354346,66.17288596805939,-35.67694335417951,193.3860161080937
7613.0,1976081006.0,38.95482425728366,35.0,63.95217374784219,147.95999189812562,149.18364787717525,44.76405375221201,18.424598725891705
7701.0,1977061606.0,27.863021985662982,20.0,100.3462021112321,-62.4743696033136,294.1522366355414,-11.990752653699152,18.424598725891705
7701.0,1977061612.0,16.424577297295333,15.0,126.49595057933435,-22.13780979356652,134.3493403033465,-9.356999697582332,18.43223423786538
7701.0,1977061618.0,30.139000955109662,12.0,151.3872093946261,-29.77690416494789,40.416729613210045,-36.380819875897075,18.43223423786538
7701.0,1977061700.0,48.300237880398754,12.0,151.3872093946261,-47.00234567443782,156.73430178646058,-16.693225767103925,18.435628234600347
7704.0,1977072506.0,31.63969414559755,35.0,63.95217374784219,-19.948869182898175,145.44091165792304,-7.810031452435653,18.435628234600347
7704.0,1977072512.0,21.065886985556638,20.0,100.3462021112321,4.49180071882469,49.19321519531473,5.217173513909143,14.035627198268601
7705.0,1977073106.0,20.24847789964078,80.0,32.87325033719918,-76.68268437253518,299.2739815356198,-14.3716516472902,14.035627198268601
7705.0,1977073112.0,20.264752040778856,65.0,38.853919355861585,-77.50758108553305,186.2641919597266,-22.592994613971563,210.96183140938663
7705.0,1977073118.0,18.5907918949641,60.0,41.4398648134883,-72.16966154401013,95.64832038034032,-37.0356999868637,210.96183140938663
7705.0,1977080100.0,24.636935404658516,45.0,52.23889874427604,80.36125811028289,90.31907212805237,41.6610405350596,58.00733645410653
7705.0,1977080106.0,54.410093480132026,30.0,72.40148542303059,164.87867052525965,200.3641346805615,39.45079794648342,58.00733645410653
7707.0,1977082200.0,20.66694636666817,20.0,100.3462021112321,-52.270737299512874,280.21854829757484,-10.56626698314826,60.94953937757667
7707.0,1977082206.0,41.80243267230576,20.0,100.3462021112321,-119.65048646078094,159.45037305694376,-36.88431577160438,60.94953937757667
7707.0,1977082212.0,30.892275384759515,20.0,100.3462021112321,-118.74120915966189,177.42439792115442,-33.79240126064164,196.84600459669636
7707.0,1977082112.0,11.217057919115229,15.0,126.49595057933435,-134.39483575375672,134.6387202006446,-44.94806021271859,196.84600459669636
7707.0,1977082118.0,6.972003189213599,18.0,109.22843718657725,-92.29296431022586,140.77218860450643,-33.24962232184824,8.124327204945875
7707.0,1977082200.0,8.398064231902513,18.0,109.22843718657725,-52.8081239015589,172.8663715193448,-16.987138129241316,8.124327204945875
7707.0,1977082206.0,29.7713851414902,18.0,109.22843718657725,37.813185903757855,220.8912098014703,9.714001689280142,26.554400316285772
7707.0,1977082206.0,36.40171255965513,16.0,120.0918404217308,-34.37849027422528,55.85035287788355,-31.614230113165448,26.554400316285772
7707.0,1977082212.0,46.36106725887711,20.0,100.3462021112321,-180.1997968274813,264.01261650269737,-34.315192621832466,262.85828701329774
7803.0,1978062418.0,22.06447901648238,9.0,190.8380043790661,-133.48274753704877,186.2641919597266,-35.62656800369458,262.85828701329774
7811.0,1978081300.0,38.66492511241889,25.0,83.84716432679616,8.828195587738573,294.78739751293443,1.7153623828805393,201.78353371056014
7811.0,1978081306.0,33.71382400162325,20.0,100.3462021112321,-27.63139418748818,63.21461697120461,-23.610355513860103,201.78353371056014
7811.0,1978081312.0,15.066916743766877,14.0,133.7202001013979,12.044176180123909,149.18364787717525,4.61570019960989,206.5406995356041
8004.0,1980052406.0,22.423807118326284,22.0,92.93511238619287,-56.679121268737596,261.40948476423614,-12.233580146441719,206.5406995356041
8004.0,1980052412.0,24.388274750695604,12.0,151.3872093946261,-101.33197246977893,133.4444874423523,-37.21146503181663,224.96300039029256
8004.0,1980052418.0,51.01595769574422,12.0,151.3872093946261,-34.791073786570806,119.14897067359081,-16.277615790633117,224.96300039029256
8012.0,1980082718.0,18.37166595049317,35.0,63.95217374784219,-12.553666450968837,195.71419086433846,-3.6700869506975824,224.95772566527194
8012.0,1980082800.0,19.140372420791778,30.0,72.40148542303059,-5.55156345799855,86.13466749785758,-3.6877347409210857,156.84593783843536
8012.0,1980082806.0,17.639977404521975,30.0,72.40148542303059,6.677541216227056,29.462555800801535,12.770062289774373,336.0604320656594
8012.0,1980082812.0,21.977144129406,20.0,100.3462021112321,8.37657469622002,134.57933712214825,3.561646495196241,336.0604320656594
8012.0,1980082818.0,58.32683898979232,15.0,126.49595057933435,217.20843677813988,266.3400294752366,39.19829584819107,312.27357296023575
8103.0,1981061312.0,27.798731661139666,30.0,72.40148542303059,-222.4126952078592,279.8258739088707,-38.47856708822815,312.27357296023575
8103.0,1981061318.0,24.150943777890504,26.0,81.24123960938374,-211.37578314360178,213.25570358733006,-44.746342871625544,89.93167885437443
8104.0,1981062006.0,13.958948483963583,45.0,52.23889874427604,83.00401163700393,274.10420776664387,16.847319063657284,352.4045760899194
8104.0,1981062012.0,17.01333079570719,30.0,72.40148542303059,154.22505330586253,195.71419086433846,38.23852007194066,352.4045760899194
8104.0,1981062018.0,19.193230854232063,30.0,72.40148542303059,-143.76970735594736,152.73375110673766,-43.268332232811396,218.61484939200318
8104.0,1981062100.0,20.453612510540108,30.0,72.40148542303059,-196.65510226987698,217.87804106064138,-42.06917509231771,333.46342056702116
8107.0,1981071912.0,17.646621951715908,23.0,89.66835004458707,-57.27619687383718,192.69189181032834,-16.55418042081246,333.46342056702116
8107.0,1981071918.0,20.08569318386932,23.0,89.66835004458707,20.230929799349298,99.05257061210487,11.543571668284258,350.54506104144235
8107.0,1981072000.0,35.03843636006906,23.0,89.66835004458707,30.91159218790196,32.15050639385631,43.87451533613955,350.54506104144235
8108.0,1981072200.0,13.901096394533198,13.0,141.94028990686283,208.4877733230886,272.9686723794847,37.3718357087387,341.57211374351385
8108.0,1981072206.0,7.468246423329734,15.0,126.49595057933435,199.6949578628929,231.3924846841703,40.79465347454076,341.57211374351385
8108.0,1981072212.0,8.120111355388934,16.0,120.0918404217308,215.3279447738186,215.45033435698167,44.98372154139926,299.05048979874215
8108.0,1981072218.0,9.836668155952191,16.0,120.0918404217308,215.52944677178874,222.98829232394866,44.02553733747295,299.05048979874215
8209.0,1982072900.0,16.986995380990994,45.0,52.23889874427604,-190.97841779811563,241.5362638984015,-38.33279358047516,43.88192517511391
8209.0,1982072906.0,14.922041228135939,40.0,57.43436099052307,65.37002098170466,195.07177008077736,18.526389170041558,43.88192517511391
8209.0,1982072912.0,29.21362209985524,30.0,72.40148542303059,107.90950051769019,113.14908666555985,43.64221527353847,170.53834077946274
8209.0,1982072900.0,17.530156512715184,45.0,52.23889874427604,0.036563392160153675,183.13999427510961,0.011438943393640395,170.53834077946274
8209.0,1982072906.0,10.24262157143643,35.0,63.95217374784219,-45.32052093752867,77.96013779972074,-30.17069637678616,26.561598632117065
8209.0,1982072912.0,20.097270428510633,30.0,72.40148542303059,44.48136409123371,47.389163769011496,43.18713299868817,26.561598632117065
8209.0,1982072918.0,15.414096255610703,30.0,72.40148542303059,77.85444997782062,110.12621707358379,35.258650691130015,44.993070847541446
8212.0,1982081500.0,16.302048751955237,20.0,100.3462021112321,-251.00544131340268,269.3662773647665,-42.97920960212792,44.993070847541446
8212.0,1982081506.0,22.37951006994332,18.0,109.22843718657725,248.37923262039857,248.599603548183,44.97459384113973,157.8924033476729
8212.0,1982081512.0,10.05119054501784,15.0,126.49595057933435,267.83517559845876,269.15878201996844,44.858775118356604,157.8924033476729
8304.0,1983072506.0,26.2728851237536,60.0,41.4398648134883,274.9309062737497,275.6825624407195,44.921784152210506,315.01269626346516
8403.0,1984070306.0,26.293330130798765,25.0,83.84716432679616,-59.524559084162775,296.3740594034596,-11.356349709412303,315.01269626346516
8403.0,1984070306.0,17.940472340521424,15.0,126.49595057933435,-125.89099711732904,145.44091165792304,-40.878865650423016,315.0121190259165
8403.0,1984070312.0,22.30159025695659,20.0,100.3462021112321,-117.28949716451768,121.88506688154153,-43.89923765868535,315.0121190259165
8403.0,1984070318.0,27.257932749132703,25.0,83.84716432679616,-145.89399669501165,149.70384456121064,-44.2615774306508,270.0015161767609
8407.0,1984080706.0,17.491663971592516,25.0,83.84716432679616,79.28953562449509,186.2641919597266,23.05863914571121,0.0
8407.0,1984080712.0,23.5669578204884,23.0,89.66835004458707,74.47134612833044,102.70467204351364,35.94593614973744,0.0
8407.0,1984080718.0,29.195025384339257,22.0,92.93511238619287,68.19386398288874,108.98935465850687,32.0339222794098,284.0352602995009
8510.0,1985082300.0,19.214072106384396,55.0,44.44655669143675,44.441710508690775,213.25570358733006,11.771749354706719,284.0352602995009
8510.0,1985082306.0,15.136806830033345,55.0,44.44655669143675,29.341041367876763,104.21595338343812,15.724076147653182,326.3133483740304
8510.0,1985082312.0,20.80400464358378,45.0,52.23889874427604,26.57076003458604,33.37695814290933,38.522628029063135,326.3133483740304
8510.0,1985082318.0,14.506077061428215,35.0,63.95217374784219,36.21964115744826,108.40542689023339,18.47513376586013,0.0
8510.0,1985082400.0,16.86390183684679,20.0,100.3462021112321,50.85402017453744,192.2216887428419,14.818626834510775,0.0
8510.0,1985082406.0,38.1758828934534,15.0,126.49595057933435,258.5264528133301,290.2880571004146,41.68780940333726,11.310009561072476
8519.0,1985100406.0,51.40332148118653,45.0,52.23889874427604,-228.80466158780231,263.2383850605934,-40.996903532625474,189.45522717879896
8605.0,1986062318.0,40.91049000809103,45.0,52.23889874427604,-213.20942610688647,290.4344150322252,-36.28258750058876,285.2444759004281
8605.0,1986062400.0,58.584080511318554,35.0,63.95217374784219,-113.43686147800533,203.53146751523843,-29.132808611551862,285.2444759004281
8616.0,1986082118.0,21.65592993024183,45.0,52.23889874427604,180.84096628496496,221.4047151250473,39.24157639318761,286.6912091564055
8616.0,1986082200.0,29.22276849361406,45.0,52.23889874427604,-180.16173333733636,180.23671698744488,-44.98807917565173,286.6912091564055
8616.0,1986082206.0,20.066851127528654,35.0,63.95217374784219,-227.22332816024343,245.89836045608627,-42.73959770121324,300.24847914812426
8617.0,1986091906.0,17.99661168810043,64.0,39.341888886461795,64.2973717582805,239.0964953692245,15.051782222557062,300.24847914812426
8617.0,1986091912.0,11.615823462857449,50.0,47.99093740128585,74.34911742081728,137.33439228904896,28.429913347128117,195.24273244599104
8617.0,1986091918.0,22.931875101122586,35.0,63.95217374784219,-57.0073899985407,85.91522184099996,-33.56549645203096,195.24273244599104
8617.0,1986092000.0,22.302008054415527,30.0,72.40148542303059,-199.28570314060494,206.73877196793413,-43.94838498283227,65.56211509720005
8705.0,1987072106.0,25.006232569298394,20.0,100.3462021112321,163.22830850498596,213.7379175431212,37.368407052278755,65.56211509720005
8705.0,1987072112.0,16.761564620261183,15.0,126.49595057933435,-147.49811438175612,161.30447897957893,-42.440047496555614,96.35925194497983
8705.0,1987072118.0,29.698643468254172,12.0,151.3872093946261,-178.31878903601879,222.85265714973565,-38.665555474580096,96.35925194497983
8707.0,1987072700.0,22.709251488727315,40.0,57.43436099052307,141.3595575078148,174.47540643230013,39.01430860944416,111.82405582506215
8707.0,1987072706.0,24.148700965922178,40.0,57.43436099052307,123.61789987203376,148.70184858957586,39.737215169019265,111.82405582506215
8712.0,1987091000.0,18.008470825586468,35.0,63.95217374784219,132.99369339926747,259.5263719509103,27.132766520698436,111.82760297281602
8712.0,1987091006.0,16.454522661664935,35.0,63.95217374784219,157.504013310041,172.16734825438772,42.45324002778581,111.82760297281602
8712.0,1987091012.0,15.346052314065377,30.0,72.40148542303059,125.61185056970501,151.6748976893024,39.63036677654952,311.84642864326094
8912.0,1989073006.0,7.599983135364269,14.0,133.7202001013979,187.648916606714,208.35148349236295,42.0073494071692,74.03766631200348
8912.0,1989073012.0,31.89666866563572,12.0,151.3872093946261,-190.08756814583504,192.69189181032834,-44.61018166413904,166.8665259175852
8918.0,1989081900.0,14.956660916757242,10.0,175.31944474510186,148.15866837763912,289.5043214159004,27.10185418934443,166.8665259175852
8918.0,1989081906.0,8.635723441525302,12.0,151.3872093946261,50.32922339098828,219.48927202499814,12.91474937635254,278.112301761851
8918.0,1989081912.0,3.3083668121023386,15.0,126.49595057933435,137.5418820569807,169.37544721667888,39.078437086688744,278.112301761851
8918.0,1989081918.0,8.27091254861985,10.0,175.31944474510186,138.9688902388367,159.43992339096434,41.07562172133523,282.5092054206217
8921.0,1989091118.0,17.432515431079715,35.0,63.95217374784219,96.05325632495067,245.2937123687452,21.384549274741943,282.5092054206217
8921.0,1989091200.0,22.06956558446296,30.0,72.40148542303059,-80.35885111365417,152.97800073420652,-27.71280128108067,182.72234655743387
8921.0,1989091200.0,11.247838166712638,40.0,57.43436099052307,-214.99072747801029,275.3797528755858,-37.97938519473382,182.72234655743387
8921.0,1989091206.0,18.60880982155669,35.0,63.95217374784219,175.6658801802102,235.06968894490666,36.77049653578623,23.191319734464336
8921.0,1989091212.0,8.7057310221642,35.0,63.95217374784219,78.31745697880628,176.44829067405846,23.934281128236584,23.191319734464336
8921.0,1989091218.0,14.587545835693005,35.0,63.95217374784219,114.0352202863433,132.4861251601174,40.7196745291267,40.59931816874571
8921.0,1989091300.0,9.842544739153922,35.0,63.95217374784219,115.24071157425098,119.12698250083112,44.0500119132742,40.59931816874571
8921.0,1989091306.0,16.95194832612876,30.0,72.40148542303059,140.52230259109217,149.612660995179,43.2054253806873,25.019926666435147
8921.0,1989091312.0,6.193946907219072,15.0,126.49595057933435,144.38678282660422,155.97051808523025,42.79139586134366,25.019926666435147
9003.0,1990051906.0,16.469272786351908,15.0,126.49595057933435,-241.19970661425577,250.8088024827881,-43.88113590898477,175.60338966414474
9005.0,1990062306.0,22.493675416217002,45.0,52.23889874427604,140.18874983587585,251.74407017136716,29.1121269318917,175.60338966414474
9005.0,1990062312.0,31.86907058460605,40.0,57.43436099052307,111.31855574560699,154.05968651689724,35.850660314687744,329.0321623754845
9005.0,1990062318.0,64.61370458763706,30.0,72.40148542303059,37.84104611687865,139.97886669441286,15.1274098141543,329.0321623754845
9006.0,1990062912.0,17.94503156430255,30.0,72.40148542303059,-90.76719329392216,256.0824597660111,-19.51662631076933,311.63018817572606
9006.0,1990062918.0,17.025677282729493,20.0,100.3462021112321,-99.72121160300628,159.66829435364778,-31.986936475531667,311.63018817572606
9006.0,1990063000.0,16.679238996683893,15.0,126.49595057933435,-99.07073490618676,103.04023495152359,-43.87484403829183,110.87733039760667
9006.0,1990063006.0,50.84534798986624,13.0,141.94028990686283,-34.68087479087841,163.6770717897808,-11.963233688610703,265.2170290688247
9012.0,1990081906.0,6.972003189213599,50.0,47.99093740128585,-28.838213465582044,149.62453169246265,-10.909256567871683,265.2170290688247
9012.0,1990081912.0,6.493653234771604,45.0,52.23889874427604,49.26648441495986,109.09937496656747,24.302716719805325,265.21573366744553
9012.0,1990081918.0,14.49582585193037,45.0,52.23889874427604,4.746811036915146,76.34080167183991,3.5580258369713484,265.21573366744553
9012.0,1990082000.0,16.791751872777976,40.0,57.43436099052307,11.183418727680603,11.980504251451338,43.029192914821195,275.1797458571258
9012.0,1990082006.0,11.616612931454704,30.0,72.40148542303059,84.16416527698263,104.70127782160749,38.79407553795533,275.1797458571258
9012.0,1990082012.0,10.274708004555919,30.0,72.40148542303059,74.77345636634847,156.8180781923176,25.492579171619266,285.9313691756323
9012.0,1990082018.0,13.400261404244189,30.0,72.40148542303059,84.4009401559918,108.27743241059001,37.93598117073591,285.9313691756323
9012.0,1990082100.0,9.160763187918358,25.0,83.84716432679616,17.967354192937922,79.4376621069111,12.744817100368296,139.05561202849506
9012.0,1990082106.0,10.548628857808003,25.0,83.84716432679616,94.40291423262337,133.4444874423523,35.276814111463395,139.05561202849506
9012.0,1990082112.0,10.558332376514018,25.0,83.84716432679616,96.20182764216807,183.35934893256714,27.684324647116885,10.295893197593998
9012.0,1990082118.0,9.222839594155795,25.0,83.84716432679616,54.957252393592775,239.82759919940943,12.906673449350837,10.295893197593998
9012.0,1990082200.0,7.412995109637259,25.0,83.84716432679616,-144.996394385805,186.71427885711822,-37.83178118625321,39.818281343739876
9012.0,1990082206.0,10.07449025553,25.0,83.84716432679616,136.700131676433,160.31097138472788,40.454841363060126,39.818281343739876
9012.0,1990082212.0,15.22356023055309,20.0,100.3462021112321,21.088106374871202,194.6625921726949,6.182830930221729,215.51832168175733
9017.0,1990090312.0,22.531796006397002,10.0,175.31944474510186,103.24599618541059,279.5686316347338,20.269422672158434,215.51832168175733
9017.0,1990090318.0,12.461317605587267,12.0,151.3872093946261,127.82597865379661,163.66605083431514,37.99044375316777,51.33310360539864
9017.0,1990090400.0,11.397933752404134,15.0,126.49595057933435,134.06651136876607,135.18884604439017,44.76117590264394,51.33310360539864
9017.0,1990090406.0,8.640203445702378,20.0,100.3462021112321,148.92788756422104,149.612660995179,44.86857879474436,75.96391268025886
9017.0,1990090418.0,17.393631473612327,10.0,175.31944474510186,-18.19620741925014,167.6333660586611,-6.195066708189183,75.96391268025886
9018.0,1990090718.0,16.297315872152492,40.0,57.43436099052307,-224.8838218940219,232.88543592910108,-43.998595859392246,89.99293221737136
9018.0,1990090712.0,10.068593784261608,25.0,83.84716432679616,-180.57654741859344,281.09713764296674,-32.71665257828049,89.99293221737136
9018.0,1990090718.0,10.849957035417132,40.0,57.43436099052307,229.81574362784517,236.43608811033639,44.18650762711538,293.6153153033491
9018.0,1990090800.0,16.299393052812817,40.0,57.43436099052307,170.88874577300177,227.5998519139373,36.90031282379603,293.6153153033491
9110.0,1991081712.0,10.23452498541568,30.0,72.40148542303059,5.105155468488638,287.2846193435032,1.0180603439160032,32.907658165947815
9110.0,1991081718.0,17.6466219517155,30.0,72.40148542303059,33.437143564323776,225.88180034532436,8.420310314248797,32.907658165947815
9110.0,1991081800.0,16.065798911168695,25.0,83.84716432679616,-40.626096077151054,122.45231460673301,-18.354334523517846,177.70969527585396
9110.0,1991081806.0,10.004489043035003,20.0,100.3462021112321,-47.95774686513156,47.95774985566837,-44.999998213582344,177.70969527585396
9110.0,1991081812.0,11.459879760815754,15.0,126.49595057933435,42.99068485086621,80.46419265337997,28.11485160026143,155.58242256552612
9110.0,1991081818.0,11.475563672890297,10.0,175.31944474510186,42.465606921252316,144.0355925566128,16.426949424700034,155.58242256552612
9110.0,1991081900.0,8.776110464112804,10.0,175.31944474510186,92.40854910281149,210.9162715495106,23.659623091202526,309.457501766624
9110.0,1991081906.0,54.395078122850485,10.0,175.31944474510186,214.75096145848997,259.2676064966817,39.63490056694198,309.457501766624
9215.0,1992090412.0,27.704210398356086,35.0,63.95217374784219,-162.9888625079123,288.580686032825,-29.457534114067336,275.68847883330585
9215.0,1992090418.0,16.464372684838516,30.0,72.40148542303059,-89.88724469476753,183.01269004545392,-26.158104536766064,275.68847883330585
9215.0,1992090500.0,27.23537059589548,30.0,72.40148542303059,96.8778254888542,106.11585421409124,42.394327220791176,270.0095825129888
9216.0,1992083000.0,10.044141542366315,35.0,63.95217374784219,22.618731141588402,294.756554307169,4.388106000270864,270.0095825129888
9216.0,1992083006.0,18.68783813118893,35.0,63.95217374784219,85.7196113205814,234.6626258627902,20.066678686359936,88.9519533628571
9216.0,1992083012.0,17.186818965572527,35.0,63.95217374784219,-27.678310293075103,135.62803164459382,-11.534263828752568,270.00977490594227
9216.0,1992083018.0,21.413206547729356,35.0,63.95217374784219,-25.250805531910594,41.889816169648036,-31.08119585660582,258.6772066039381
9216.0,1992083100.0,4.065310766030387,32.0,68.73601561075849,84.39590348948876,98.70788295318991,40.53066503159847,240.23750193283593
9216.0,1992083106.0,7.597828425639829,28.0,76.53637190808041,-112.63081093510198,112.6352556489685,-44.99886949974525,258.18539351795476
9216.0,1992083112.0,24.148901547758943,24.0,86.64829809982032,96.00849556617773,123.82478299160081,37.78848529864247,51.342904223415594
9219.0,1992092206.0,35.252048280474156,35.0,63.95217374784219,152.26939074551683,263.0727552588612,30.062728328620377,51.342904223415594
9219.0,1992092212.0,19.194339881984494,30.0,72.40148542303059,135.9287546980479,142.5201324198734,43.64396079411189,26.56762589982917
9219.0,1992092218.0,57.84237597607903,30.0,72.40148542303059,-129.73456413618828,156.20895776301478,-39.710288005539425,26.56762589982917
9406.0,1994071012.0,36.67336368874371,60.0,41.4398648134883,-109.69069324531986,281.4862335266498,-21.29006883922345,125.33340218669562
9406.0,1994071018.0,25.42059116132481,40.0,57.43436099052307,113.90640595573659,116.87554585125675,44.262898167728764,125.33340218669562
9406.0,1994071100.0,42.95854685412144,30.0,72.40148542303059,160.90171902775958,162.6951723402962,44.68245599321805,291.7947650312844
9407.0,1994071112.0,25.575896311075766,12.0,151.3872093946261,232.99533488020307,291.151487892906,38.66870405689295,291.7947650312844
9413.0,1994080312.0,28.54294545204495,25.0,83.84716432679616,-173.11776713861897,233.20706665861067,-36.587791708192825,296.55894523916743
9413.0,1994080318.0,18.679051603901694,20.0,100.3462021112321,150.7282105497617,171.53904531325784,41.30517939919602,296.55894523916743
9413.0,1994080400.0,16.362309331308907,18.0,109.22843718657725,216.27249560402913,241.3991876802906,41.85755174335403,299.0501754898802
9414.0,1994080718.0,16.272645894323297,65.0,38.853919355861585,169.26030559902713,237.33827453114682,35.494969145304545,299.0501754898802
9414.0,1994080800.0,16.76213207856344,50.0,47.99093740128585,182.3810505213862,182.7842854263335,44.93673099130504,292.6164537499319
9414.0,1994080806.0,17.399935465779745,50.0,47.99093740128585,-135.87120612584152,203.51239045156987,-33.728306988525446,292.6164537499319
9414.0,1994080812.0,8.112959752530976,50.0,47.99093740128585,-278.27939699165705,290.0486805414632,-43.813653711599116,169.0567731875768
9417.0,1994082106.0,16.111730243694502,55.0,44.44655669143675,251.40465439443338,275.8340038955672,42.34712501870616,169.0567731875768
9417.0,1994082112.0,29.38083073943693,55.0,44.44655669143675,246.98675990766424,261.5982462967555,43.35436304136099,84.23806588594489
9418.0,1994090106.0,24.503032242627906,50.0,47.99093740128585,-24.28365722484768,152.97800073420652,-9.019846639634356,0.0
9418.0,1994090112.0,27.282238645523126,40.0,57.43436099052307,24.223599587125836,25.748677410903788,43.25196258715771,0.0
9502.0,1995060806.0,39.64536918079293,12.0,151.3872093946261,240.09416930317198,292.7109533566771,39.36008359995196,175.60516521603245
9502.0,1995060812.0,31.891126628797384,12.0,151.3872093946261,-228.9731594589123,242.3336307676112,-43.376230338312105,175.60516521603245
9607.0,1996072612.0,24.021881377052477,35.0,63.95217374784219,-170.0037502225669,269.3662773647665,-32.25704141491035,320.205594852333
9607.0,1996072618.0,34.89564651105607,30.0,72.40148542303059,172.49975613167376,176.43358000155465,44.35408304851191,320.205594852333
9608.0,1996073112.0,25.292731947875254,65.0,38.853919355861585,-54.427148780116575,285.2143998617158,-10.803797568540018,347.47248358946365
9608.0,1996073118.0,19.164523593200112,50.0,47.99093740128585,-0.9125597229149234,140.77218860450643,-0.3714163202832923,347.47248358946365
9608.0,1996080100.0,22.43589008210894,40.0,57.43436099052307,-6.952020473461476,25.80483412233838,-15.077938868213959,16.700192367171926
9608.0,1996080106.0,26.081979485926315,35.0,63.95217374784219,10.45805963778539,110.12621707358379,5.42478559661187,16.700192367171926
9608.0,1996080112.0,38.881840898773,30.0,72.40148542303059,225.83286903067292,266.18918716293183,40.3110184984791,174.80624379411287
9610.0,1996080618.0,12.972741441865145,15.0,126.49595057933435,-197.0237100373622,246.84765350358126,-38.59543724971129,174.80624379411287
9610.0,1996080700.0,18.665383352666424,12.0,151.3872093946261,-71.10374871852848,205.45035908628904,-19.090084268169434,253.28621497964548
9610.0,1996080706.0,8.947066828842049,12.0,151.3872093946261,-85.51833376864867,108.40542689023339,-38.26902641036463,253.28621497964548
9610.0,1996080712.0,2.4922699765349887,10.0,175.31944474510186,-83.98962062290416,88.83748643087405,-43.39325300544109,300.95805562754623
9610.0,1996080800.0,43.89346068816417,10.0,175.31944474510186,9.678983418387988,78.88242514316931,6.99530553451764,300.95805562754623
9714.0,1997082900.0,22.538697880498006,40.0,57.43436099052307,-15.113023187951404,185.23281430664255,-4.664393172770017,270.01503132837223
9714.0,1997082906.0,25.123826783980572,35.0,63.95217374784219,-2.359540065130663,51.673186303971605,-2.6144670420082896,270.01503132837223
9714.0,1997082912.0,29.623973154582973,20.0,100.3462021112321,30.895959028554486,99.13225191896105,17.3103790491735,93.54340597677073
9801.0,1998070912.0,13.777637020651875,12.0,151.3872093946261,284.95979422330794,292.7109533566771,44.23125403743585,320.19342975079445
9801.0,1998070918.0,18.720585362095594,12.0,151.3872093946261,-85.12271999783707,285.1253948925335,-16.62272408997198,320.19342975079445
9801.0,1998071000.0,10.12488152080163,12.0,151.3872093946261,-153.295796269352,180.14710847770172,-40.39605060863909,314.9995306072677
9801.0,1998071006.0,5.014953418989628,10.0,175.31944474510186,140.03622434086512,154.55956889585286,42.17764743837071,314.9995306072677
9801.0,1998071012.0,6.99806646934787,10.0,175.31944474510186,135.78124457220972,142.1573486510674,43.685825590251206,333.4348452484073
9802.0,1998080406.0,27.94975132007241,30.0,72.40148542303059,-45.629822790945234,266.1112475411076,-9.729827388556677,333.4348452484073
9802.0,1998080412.0,18.672564258434992,25.0,83.84716432679616,-28.15848844359208,104.67188863452115,-15.057052459267606,338.1998139766892
9802.0,1998080418.0,15.278193555831047,12.0,151.3872093946261,14.367395834630564,28.187135129657474,27.00860563698511,338.1998139766892
9802.0,1998080500.0,8.675544447735154,12.0,151.3872093946261,34.880010963187296,116.15885814697302,16.713883928873358,194.36992833300687
9808.0,1998092806.0,11.622072097788012,15.0,126.49595057933435,-283.4378867926709,295.570677338275,-43.799575659612096,293.96786746282214
9808.0,1998092812.0,6.500700072807109,20.0,100.3462021112321,-272.3548708275099,278.1063157055796,-44.40137191356093,293.96786746282214
9810.0,1998102700.0,11.481763349658658,25.0,83.84716432679616,-12.206334094519931,272.8428402021517,-2.561567676116236,352.8791032425726
9810.0,1998102706.0,11.237205720721212,15.0,126.49595057933435,32.926698555469265,204.01159405093998,9.168260154657842,352.8791032425726
9905.0,1999072712.0,25.517250297362704,20.0,100.3462021112321,-171.42817162912183,272.8614044330666,-32.1395432116175,100.0464761646546
9905.0,1999072718.0,40.806382626278854,15.0,126.49595057933435,178.5377765783059,178.6436043177598,44.98302407971693,100.0464761646546
9914.0,1999100818.0,14.825990219274518,45.0,52.23889874427604,-180.96416403973467,299.7785006796947,-31.117683034820363,315.00437213132426
9914.0,1999100900.0,11.24684333948691,40.0,57.43436099052307,199.15229012289427,231.69209883474124,40.68089796683419,315.00437213132426
9914.0,1999100906.0,11.615823462857449,30.0,72.40148542303059,-146.70657511388154,201.07922136913825,-36.11433696954364,279.4575056314169
9914.0,1999100912.0,14.919736642977108,12.0,151.3872093946261,-155.06776567368203,160.5653708314632,-44.00213986155416,279.4575056314169
9914.0,1999100918.0,61.03130118058531,10.0,175.31944474510186,4.543323230016131,161.57877448957385,1.6106365129010864,300.95808433047637
4.0,2000070906.0,29.840084131239262,30.0,72.40148542303059,174.7741314124201,204.6768318160354,40.494108125055426,300.95808433047637
4.0,2000070912.0,57.40665045496803,30.0,72.40148542303059,-122.5564551244404,183.77909383666923,-33.6980655313912,324.46083565958094
10.0,2000082218.0,26.56513816814271,70.0,36.603799205979946,-175.71984301012333,239.5348853843591,-36.26331357994575,324.46083565958094
10.0,2000082300.0,22.444095921412515,55.0,44.44655669143675,170.89502203388219,171.53904531325784,44.89224269478777,152.77991615813752
20.0,2000110100.0,48.797302315155754,35.0,63.95217374784219,-203.80711363874292,280.72779632341405,-35.97948036882256,288.4378935396496
102.0,2001062306.0,26.165142529929252,40.0,57.43436099052307,-30.34401363645434,242.93163370100027,-7.119805072375788,288.4378935396496
102.0,2001062312.0,31.901333797830045,40.0,57.43436099052307,-27.14084853719383,88.72609476419677,-17.00859763784557,292.61532228674037
105.0,2001071118.0,15.097677431996026,14.0,133.7202001013979,-180.60890246608307,281.09713764296674,-32.7213207064023,292.61532228674037
105.0,2001071200.0,18.609536949041793,12.0,151.3872093946261,63.070830702233735,216.92517135729452,16.211749650533193,135.04723795286662
105.0,2001071206.0,37.709374565702575,10.0,175.31944474510186,112.96568829373422,113.14908666555985,44.95352824523378,135.04723795286662
108.0,2001072918.0,12.224557059482775,40.0,57.43436099052307,58.59052121285141,254.09549476182823,12.984575517415504,312.2771377888673
108.0,2001073000.0,19.716372294094327,35.0,63.95217374784219,72.17279169396242,183.13999427510961,21.508673986661602,312.2771377888673
108.0,2001073006.0,9.985978590404253,30.0,72.40148542303059,42.94299288069574,85.91522184099996,26.557251776986725,105.70438925852655
108.0,2001073012.0,12.962820026868634,30.0,72.40148542303059,45.84932401990846,46.627963983973274,44.51759258446508,312.279950089189
108.0,2001073018.0,10.51656351201304,25.0,83.84716432679616,46.52742493909514,86.75510683785762,28.204998399254666,312.279950089189
108.0,2001073100.0,16.76041168374476,15.0,126.49595057933435,-46.44916024739252,145.04680176450753,-17.756919603240004,36.86497892801326
116.0,2001091606.0,8.709986575972808,50.0,47.99093740128585,-179.48054548458632,283.42646726919054,-32.3441416795667,36.86497892801326
116.0,2001091612.0,13.699239410663417,45.0,52.23889874427604,-188.76460269394772,247.6993237511997,-37.30999342906048,4.763921076988197
116.0,2001091618.0,12.535113051476918,30.0,72.40148542303059,-199.46334685119442,209.93141531123655,-43.535287852259245,4.763921076988197
116.0,2001091700.0,9.419992220168073,20.0,100.3462021112321,-167.5866320243025,206.59163512591672,-39.04888033227332,160.35293738033118
116.0,2001091712.0,8.156204991232922,15.0,126.49595057933435,-211.2776882539869,246.57876201815554,-40.591174988884674,160.35293738033118
116.0,2001091718.0,6.813543627643718,15.0,126.49595057933435,-254.354340633094,277.8894926962736,-42.46810212621824,314.99928838855516
116.0,2001091800.0,7.760912832653439,15.0,126.49595057933435,-260.0299167907508,265.5052418577029,-44.40308148266177,314.99928838855516
116.0,2001091812.0,9.2943217679538,15.0,126.49595057933435,-269.0526860520901,281.09713764296674,-43.74582161236372,311.98263124124185
119.0,2001092618.0,8.156204991232922,30.0,72.40148542303059,-43.27763638973229,268.0814568864299,-9.170406592669803,311.98263124124185
119.0,2001092700.0,5.025601345427678,25.0,83.84716432679616,-190.6525931093091,219.87516678955654,-40.92838556035008,322.4359192023136
119.0,2001092706.0,6.510376313515972,20.0,100.3462021112321,-38.87001410559521,204.62591301286798,-10.75555934257027,322.4359192023136
119.0,2001092712.0,5.8119992046561295,20.0,100.3462021112321,-103.63995524316654,166.39052481784339,-31.917611786999643,127.73855838107346
119.0,2001092718.0,14.64574497690804,20.0,100.3462021112321,-194.5150517677678,195.90746681115039,-44.795659411861465,285.2469200539761
119.0,2001092806.0,10.029894493022331,20.0,100.3462021112321,-15.048536370529465,200.23183228758072,-4.2980165544322615,285.2469200539761
119.0,2001092812.0,7.601795523812104,20.0,100.3462021112321,58.787578850249695,140.3255959476331,22.730611526169277,276.3339528477672
119.0,2001092818.0,9.266243887046516,15.0,126.49595057933435,-75.77606033141092,99.99773209263991,-37.154040575905135,276.3339528477672
119.0,2001092900.0,11.244185440600992,12.0,151.3872093946261,-73.50646185145956,73.50646214928054,-44.99999988392936,255.9521726133467
119.0,2001092906.0,16.24490899975414,12.0,151.3872093946261,-53.45958940890386,97.93933927218812,-28.62764925107351,255.9521726133467
119.0,2001092912.0,18.550035706841772,12.0,151.3872093946261,-41.129674522738426,187.30316145822508,-12.38494366150925,249.43078616794054
208.0,2002070900.0,17.08535151612097,22.0,92.93511238619287,81.51663318258353,264.5763157044816,17.124197905610547,249.43078616794054
208.0,2002070906.0,7.715444159276248,22.0,92.93511238619287,147.13977009303895,169.2091922174757,41.009345671995156,275.7001147745882
208.0,2002070912.0,5.397309635470234,22.0,92.93511238619287,-149.75495556843066,150.28584999089725,-44.898620529386115,275.7001147745882
208.0,2002070918.0,16.362309331308555,22.0,92.93511238619287,-148.78955704642675,149.37355031206351,-44.8877785152762,148.60905398450885
208.0,2002071000.0,15.57618741855026,22.0,92.93511238619287,-103.96598855212092,163.8110544510103,-32.402077561298945,148.60905398450885
208.0,2002071006.0,41.97623372351105,22.0,92.93511238619287,212.48835120520135,240.359319418024,41.478115640448166,57.943650967548656
216.0,2002090706.0,18.131349688174744,50.0,47.99093740128585,177.14857370209396,253.4960603526614,34.94668922979035,194.51845839553542
216.0,2002090712.0,26.449596160343347,40.0,57.43436099052307,179.98851516221094,196.75465780817638,42.45185617856588,194.51845839553542
309.0,2003080400.0,11.597320800404686,22.0,92.93511238619287,209.15351081317337,216.92517135729452,43.955042821687066,5.1950663283703555
309.0,2003080406.0,11.57662534877196,15.0,126.49595057933435,204.8795416472304,205.54179220727275,44.90754835090314,5.1950663283703555
309.0,2003080412.0,13.923582772527112,12.0,151.3872093946261,207.57544722679293,216.68516822115458,43.769934435309885,231.01756193057196
309.0,2003080418.0,17.41954856332608,10.0,175.31944474510186,201.30414186667656,201.3053923895167,44.99982203680035,231.01756193057196
311.0,2003081918.0,45.332856656468635,20.0,100.3462021112321,206.9169286146663,264.2776433790405,38.059268518623774,71.57439683857726
311.0,2003082000.0,63.56098583789586,20.0,100.3462021112321,-159.69891309288806,241.7589611303316,-33.447586674611024,71.57439683857726
407.0,2004070118.0,14.921739886016303,25.0,83.84716432679616,160.34209466908223,242.3336307676112,33.490950625794916,69.4622016221957
407.0,2004070200.0,11.245424764423737,25.0,83.84716432679616,151.62712487583576,181.638393129013,39.85427288143434,69.4622016221957
407.0,2004070206.0,13.39540729980167,25.0,83.84716432679616,143.5348326919863,153.1837607555115,43.13746722048908,224.9582423340621
407.0,2004070212.0,12.972741441865145,23.0,89.66835004458707,-134.6007050179145,147.03288064815558,-42.472428369795864,224.9582423340621
407.0,2004070218.0,16.679238996683953,23.0,89.66835004458707,-139.21862589478738,193.93903032759567,-35.67257689071202,336.0471290151762
407.0,2004070300.0,44.0096274458661,23.0,89.66835004458707,-227.55229248916365,275.6405133953268,-39.5410388942377,336.0471290151762
418.0,2004082418.0,11.708992026221905,45.0,52.23889874427604,-1.8880416580425161,232.83021993670843,-0.4646065598038487,341.5689996483363
418.0,2004082500.0,16.7271113972991,45.0,52.23889874427604,-1.9350869281084002,162.5885718507292,-0.6818872819962468,341.5689996483363
418.0,2004082506.0,24.471246382653792,42.0,55.22228941850776,-27.91499199790177,62.25949420869892,-24.149805103593827,63.44294126508973
418.0,2004082512.0,23.076017760128025,40.0,57.43436099052307,26.37559860488259,97.12246878164822,15.193411559629505,63.44294126508973
418.0,2004082518.0,12.224557059482954,30.0,72.40148542303059,118.3342121714701,233.1265848861031,26.91218485775846,184.76131890725875
418.0,2004082600.0,36.41771792742944,25.0,83.84716432679616,257.01283534830753,299.1951465621634,40.66304186362013,184.76131890725875
421.0,2004091118.0,9.418085680582662,14.0,133.7202001013979,-256.5952668064228,264.9615921216523,-44.08099373338105,342.8963837966075
421.0,2004091200.0,9.266243887046516,14.0,133.7202001013979,-245.14307547332788,253.0291814993693,-44.093079052514994,342.8963837966075
421.0,2004091206.0,13.079688450819939,14.0,133.7202001013979,238.89618322120072,243.3217746401804,44.474178455559425,6.340378756427566
421.0,2004091212.0,11.60452629876247,14.0,133.7202001013979,240.31683276054787,241.02177422817257,44.91608788193014,6.340378756427566
421.0,2004091218.0,16.22828938899301,14.0,133.7202001013979,248.79142567933883,249.0370278168653,44.97173330556105,176.42414977286592
421.0,2004091300.0,17.428268473868542,14.0,133.7202001013979,272.84457392846406,278.8520723311515,44.37612326858393,176.42414977286592
425.0,2004102500.0,23.776556375409125,55.0,44.44655669143675,169.2202769341942,276.27173011158453,31.488048814301322,331.38709366962763
425.0,2004102506.0,17.459007695741885,40.0,57.43436099052307,-137.7455509472983,183.2063531428639,-36.93804612074414,331.38709366962763
425.0,2004102512.0,43.444632825781134,30.0,72.40148542303059,-235.52515314580594,260.36637236030435,-42.132219068796616,355.6016979811345
505.0,2005071800.0,7.603868636501752,60.0,41.4398648134883,-250.6160021755235,279.7165180354774,-41.85920386539511,355.6016979811345
505.0,2005071806.0,13.947164002752997,60.0,41.4398648134883,-9.66222560346124,259.3995317557057,-2.133191701627527,196.1015292721093
505.0,2005071812.0,10.274708004555498,40.0,57.43436099052307,-70.03504771895263,175.84856015077182,-21.71586427815381,336.0554144677994
505.0,2005071818.0,8.726865515508868,40.0,57.43436099052307,-17.37766275606039,123.00478076986386,-8.04131978178177,336.0554144677994
505.0,2005071900.0,15.653527946600256,40.0,57.43436099052307,22.565918909290637,71.6044018700911,17.492093910076242,319.4072214915103
505.0,2005071906.0,12.456578323207978,35.0,63.95217374784219,30.989176351134372,33.37695814290933,42.87548042588041,319.4072214915103
505.0,2005071912.0,10.627162737716906,30.0,72.40148542303059,67.65115973179897,94.69383157526472,35.54276917384494,296.5624875976007
505.0,2005071918.0,18.527217498918333,20.0,100.3462021112321,9.757473153963616,146.51055003428624,3.8102215888477007,296.5624875976007
513.0,2005083118.0,22.336743776240453,60.0,41.4398648134883,-104.0861974262692,273.5020547976415,-20.83523559946332,91.44966229703601
513.0,2005090100.0,22.538697880498006,50.0,47.99093740128585,-54.151098862682524,159.54973529703605,-18.74718618311931,345.9661522441985
513.0,2005090106.0,28.35337632749054,40.0,57.43436099052307,52.32315599774731,54.527520274743054,43.818137046426074,345.9661522441985
513.0,2005090112.0,56.38284718051968,25.0,83.84716432679616,98.05482369473755,188.79599718889148,27.445974277384195,10.008960233797564
519.0,2005100200.0,15.693017612370197,50.0,47.99093740128585,-164.2196704922657,208.43271052184656,-38.23381825279691,10.008960233797564
519.0,2005100206.0,17.318323300149558,50.0,47.99093740128585,167.44293455498033,169.2091922174757,44.699398361036025,263.66383087542783
519.0,2005100212.0,20.742287208526665,40.0,57.43436099052307,176.68847225268368,182.79910460107118,44.02617016065574,263.66383087542783
519.0,2005100218.0,5.009546095658682,20.0,100.3462021112321,216.46558553411248,237.67629647006783,42.32594204031661,233.13094111513666
601.0,2006051800.0,34.98925914768591,20.0,100.3462021112321,-69.98635419143194,229.50024631280579,-16.95914291186996,233.13094111513666
601.0,2006051806.0,41.94603175530839,14.0,133.7202001013979,-14.74638961093172,71.84676890083385,-11.598749594353567,270.0002962680667
604.0,2006071318.0,16.81408159144537,35.0,63.95217374784219,22.70964566700541,182.3741762442746,7.098063728254249,270.0002962680667
604.0,2006071400.0,26.329646974432134,35.0,63.95217374784219,52.93864985787698,83.39916414976119,32.40584289325197,270.00078126260155
604.0,2006071406.0,33.93197544730212,30.0,72.40148542303059,102.6068612643931,110.44562585927746,42.89288716130208,270.00078126260155
605.0,2006072418.0,23.981446008610806,35.0,63.95217374784219,-203.33391187709637,292.0418950627139,-34.847531190991965,270.00078147669905
605.0,2006072500.0,17.531982164743457,35.0,63.95217374784219,182.64442923014045,214.26885679578766,40.44453007368173,85.42064315590663
605.0,2006072506.0,20.604719453485096,35.0,63.95217374784219,157.47277341470846,176.97117771955695,41.66337787329346,192.33062234075402
605.0,2006072512.0,5.389795049233512,20.0,100.3462021112321,180.4978112338016,252.5922627056767,35.54890606264399,341.57333795724827
608.0,2006081000.0,23.424349562554855,95.0,28.62612637867196,191.5925572522657,292.83710447723263,33.19524955133347,341.57333795724827
608.0,2006081006.0,20.141317115014356,90.0,29.899564757820535,179.24891091829323,217.0979999911483,39.545089553412886,155.5864112912808
608.0,2006081012.0,23.301256025237276,60.0,41.4398648134883,182.824480513349,188.08888419221435,44.18685092013823,155.5864112912808
708.0,2007080906.0,28.94043783435391,12.0,151.3872093946261,214.92898760289233,216.92517135729452,44.73516038383171,9.45427063271502
709.0,2007081800.0,22.365309176042675,60.0,41.4398648134883,-146.9290106389968,261.31222925847015,-29.34790579269568,9.45427063271502
709.0,2007081806.0,8.755847372551933,50.0,47.99093740128585,-127.10553798651722,169.45001303184924,-36.87379878545351,354.2908434344866
709.0,2007081812.0,13.950843597375924,40.0,57.43436099052307,110.25744652023602,138.56545209908253,38.50949808189045,354.2908434344866
709.0,2007081818.0,10.068791079063365,35.0,63.95217374784219,97.80287142027423,104.45300453463541,43.116804559247754,306.87207971499623
709.0,2007081900.0,8.7057310221642,20.0,100.3462021112321,103.55460622096733,133.4444874423523,37.81191413339091,306.87207971499623
709.0,2007081906.0,18.867657373119485,20.0,100.3462021112321,128.1678423983715,168.609185717245,37.24018870041512,330.2544063697303
713.0,2007091806.0,22.468987336541915,75.0,34.626274653077736,150.32965302900436,283.003261821106,27.976974893415793,330.2544063697303
713.0,2007091812.0,21.302044075917202,70.0,36.603799205979946,176.5842640685882,187.97829452132274,43.20986164962238,338.1982979052225
713.0,2007091818.0,19.681641468606585,60.0,41.4398648134883,196.4032914285801,198.17813872179428,44.74228241473629,338.1982979052225
716.0,2007100606.0,6.27485170554629,75.0,34.626274653077736,-224.37001259043274,268.9375164785261,-39.83766985947942,281.3112709296923
716.0,2007100612.0,25.988556699539952,70.0,36.603799205979946,112.63623441632303,253.2015761159646,23.981797887890085,281.3112709296923
716.0,2007100618.0,11.165471069356974,50.0,47.99093740128585,81.20857885239887,132.4861251601174,31.506594702968318,236.31034687481724
716.0,2007100700.0,18.53248777409315,40.0,57.43436099052307,-83.81340855682748,92.38227120663346,-42.21574812630527,236.31034687481724
716.0,2007100706.0,11.3742039911789,35.0,63.95217374784219,162.7437419400738,173.89090611839694,43.10342703223171,195.94486563619432
716.0,2007100712.0,4.054672311450633,25.0,83.84716432679616,134.60958979185966,213.1858222025441,32.26909485869108,168.69205977091335
716.0,2007100718.0,8.5993911424752,20.0,100.3462021112321,-163.27230475346647,233.46463694853063,-34.96682178796945,109.06967887134562
807.0,2008071712.0,15.039421837415409,35.0,63.95217374784219,66.25427183326525,282.4137830614589,13.202830050341792,220.56248269119325
807.0,2008071718.0,10.548628857808003,30.0,72.40148542303059,108.221406110761,195.71419086433846,28.94067883338891,220.56248269119325
807.0,2008071800.0,19.459403392741418,25.0,83.84716432679616,101.4491026125972,147.049965862412,34.601617240944655,350.5405991024625
807.0,2008071806.0,18.560393212563525,25.0,83.84716432679616,101.48941734496118,104.3887771986262,44.19316320779876,350.5405991024625
807.0,2008071812.0,9.266243887046574,20.0,100.3462021112321,-2.223620804880818,142.34350151619842,-0.8949739466421671,336.36682209787966
807.0,2008071818.0,15.621808178936034,15.0,126.49595057933435,-67.3942921900848,197.93698981380842,-18.80286490266674,336.36682209787966
808.0,2008072800.0,17.531982164743457,50.0,47.99093740128585,-66.92965610878719,263.0727552588612,-14.274076071050956,229.37016590111006
808.0,2008072806.0,18.712351799180375,40.0,57.43436099052307,-56.54783532664161,163.76815329066991,-19.049384521274003,229.37016590111006
808.0,2008072812.0,23.51139562768662,35.0,63.95217374784219,44.45252522014903,69.4090463157568,32.637238604770396,36.863851335102716
808.0,2008072818.0,16.09021158815572,25.0,83.84716432679616,14.772758754981673,94.6058758306733,8.875096331854024,36.863851335102716
808.0,2008072900.0,11.384432257420691,20.0,100.3462021112321,49.98575993523933,190.46345852210638,14.70523684627267,32.00524018646006
813.0,2008091312.0,11.541615744650002,65.0,38.853919355861585,17.604200253613598,291.99993150370034,3.4500932619813245,32.00524018646006
813.0,2008091318.0,2.5043205361156238,60.0,41.4398648134883,-205.30511805252766,222.88543731067142,-42.64891432844774,0.0
813.0,2008091400.0,16.76352356416911,50.0,47.99093740128585,185.69680362640628,218.7819982204565,40.323781786269166,0.0
813.0,2008091406.0,5.351377358496993,40.0,57.43436099052307,-59.628930958950384,182.65739011903804,-18.079392299849886,128.061478734508
813.0,2008091412.0,11.424462046120203,35.0,63.95217374784219,111.74181015346683,153.1837607555115,36.10934892273282,128.061478734508
813.0,2008091418.0,8.675544447735154,35.0,63.95217374784219,-37.284656443123644,119.90060442839959,-17.273762881168413,284.0360873197411
813.0,2008091500.0,12.415733351731879,30.0,72.40148542303059,-28.255168032752987,169.8479819652447,-9.444981892987908,284.0360873197411
813.0,2008091506.0,44.76055550113745,30.0,72.40148542303059,-201.52465131360037,243.4416898292506,-39.61846323211153,326.31601545926384
815.0,2008092812.0,12.216290966606877,60.0,41.4398648134883,108.58131541075207,235.06968894490666,24.79274268606729,326.31601545926384
815.0,2008092818.0,15.656191011735741,50.0,47.99093740128585,120.1860606598102,172.66151220971247,34.84096771696123,290.55147784617145
815.0,2008092900.0,18.641308694489748,30.0,72.40148542303059,-103.11785377916043,122.70394461708956,-40.04299826144643,290.55147784617145
815.0,2008092906.0,16.331270850071615,25.0,83.84716432679616,-68.66396844918935,203.51239045156987,-18.644113824790324,246.02358637267275
903.0,2009062106.0,11.247442103973114,30.0,72.40148542303059,-115.81545575934781,236.69297001151494,-26.072812948059685,246.02358637267275
903.0,2009062112.0,13.920644859890507,30.0,72.40148542303059,-77.5697059296928,179.32975663041844,-23.3910625282533,198.42429670277014
903.0,2009062118.0,17.903468601740357,20.0,100.3462021112321,-54.40562380765072,109.01973179480461,-26.521206520662087,198.42429670277014
903.0,2009062200.0,31.54320134680791,15.0,126.49595057933435,-55.175793853798375,56.875264588162324,-44.13106545817767,80.54258223097011
908.0,2009080718.0,11.119492664455889,50.0,47.99093740128585,-181.632171616254,242.3336307676112,-36.85203022666303,80.54258223097011
908.0,2009080800.0,12.512467448560072,40.0,57.43436099052307,58.42321408436906,201.1957523338187,16.192238130647134,344.0574373930192
908.0,2009080806.0,7.663438066329001,40.0,57.43436099052307,17.311079544061375,131.2264174949723,7.5149323129695595,344.0574373930192
908.0,2009080812.0,5.806123640940718,40.0,57.43436099052307,71.68892573855256,85.91522184099996,39.842117539507775,248.18772073093243
908.0,2009080818.0,5.804916603229796,40.0,57.43436099052307,71.1578291674227,72.77081031712072,44.357923871376606,248.18772073093243
908.0,2009080900.0,8.93758458949297,35.0,63.95217374784219,74.79662423645586,75.12488448541983,44.87454837566556,210.94878287631778
908.0,2009080906.0,8.927988855873584,35.0,63.95217374784219,79.38763871148751,92.44881792899768,40.65334239611664,210.94878287631778
908.0,2009080912.0,9.412349174540308,35.0,63.95217374784219,27.91112087755956,131.22520794231997,12.007662058845677,210.94008117283644
908.0,2009080918.0,9.411054498555302,25.0,83.84716432679616,-45.342500491082056,186.9774229453617,-13.631232037708534,210.94008117283644
1006.0,2010090106.0,7.5553201727417445,20.0,100.3462021112321,250.49220487260473,297.20783002851704,40.12480315175216,68.1926388354108
1006.0,2010090112.0,11.281503964843113,20.0,100.3462021112321,259.70463000346064,272.9355779055588,43.57704769830374,68.1926388354108
1006.0,2010090118.0,16.247499991128183,20.0,100.3462021112321,243.54338562442697,255.05944470295498,43.67689421173092,0.0
1008.0,2010083012.0,11.447597114049847,14.0,133.7202001013979,-56.68115478967845,228.63453785338078,-13.923570523045234,0.0
1008.0,2010083018.0,9.141700468714154,15.0,126.49595057933435,-43.61074303693535,163.66605083431514,-14.920455469120633,300.9670225755629
1008.0,2010083100.0,12.290904381857063,15.0,126.49595057933435,-32.80881373164986,112.41875985941577,-16.26960250352412,300.9670225755629
1008.0,2010083106.0,8.583352369577629,15.0,126.49595057933435,-30.665369949111113,48.763851084364326,-32.16392150851721,263.6452456257317
1008.0,2010083112.0,16.836253358988554,15.0,126.49595057933435,28.739166939794504,36.47904280391893,38.23198668979145,263.6452456257317
1008.0,2010083118.0,31.550716296811256,14.0,133.7202001013979,106.61307485302757,127.03438321430963,40.004914818552365,89.92218873681514
1010.0,2010090912.0,22.30363072465539,35.0,63.95217374784219,118.67129531998181,283.47951495290863,22.715349956548547,302.46441909806384
1010.0,2010090918.0,20.661306417739524,40.0,57.43436099052307,126.82609949243002,167.8405614209959,37.07594845588099,302.46441909806384
1010.0,2010091000.0,24.321257174961122,25.0,83.84716432679616,-115.39671082033469,119.21629969265533,-44.06728535929473,314.9987628574337
1010.0,2010091006.0,21.424462861640862,15.0,126.49595057933435,-141.29755163782846,163.6770717897808,-40.803067597943866,314.9987628574337
1011.0,2010091900.0,22.407747900324363,60.0,41.4398648134883,-256.42134946089374,280.40156678613545,-42.442261878679616,321.3395188292239
1011.0,2010091906.0,12.062441754559188,50.0,47.99093740128585,-242.2322597544931,268.0814568864299,-42.10024419433183,321.3395188292239
1011.0,2010091912.0,14.693870639028821,40.0,57.43436099052307,-230.34296634666225,246.86104202542836,-43.01753905126712,306.870778125509
1011.0,2010091918.0,17.394834770864225,40.0,57.43436099052307,189.86895179457153,227.5998519139373,39.83562923862449,306.870778125509
1013.0,2010102300.0,12.229452370429742,45.0,52.23889874427604,272.2395905517892,296.6858061868153,42.539565106077,18.431189424024215
1013.0,2010102306.0,7.603280926101589,35.0,63.95217374784219,-172.69784249110995,269.5760469637157,-32.644743723306455,18.431189424024215
1013.0,2010102312.0,8.143087135931612,20.0,100.3462021112321,-131.46119910190805,235.26232679175672,-29.195829731492264,176.0108825337797
1111.0,2011082906.0,8.997125185819796,25.0,83.84716432679616,-128.31259449533204,247.85560652134868,-27.37019191641371,229.33135046229614
1111.0,2011082912.0,3.8657803407652285,20.0,100.3462021112321,184.92249495260282,202.5362821758834,42.39713902159371,229.33135046229614
1111.0,2011082918.0,8.763996696659138,20.0,100.3462021112321,171.26628647613344,193.33673679959125,41.53595160077301,315.0389639845912
1111.0,2011083000.0,4.073760234460587,20.0,100.3462021112321,135.92035225883373,172.16734825438772,38.28990928923444,315.0389639845912
1111.0,2011083006.0,3.706497554818571,18.0,109.22843718657725,-84.47178169639149,156.8138096744578,-28.31026542567596,288.44396851232864
1111.0,2011083018.0,4.0709872181204485,18.0,109.22843718657725,118.59850146669133,128.98747406878329,42.59721730687897,288.44396851232864
1111.0,2011083100.0,13.580292905458565,14.0,133.7202001013979,86.46166500410584,119.38890916342757,35.912124267404224,333.44949156752705
1111.0,2011083106.0,22.55497601534753,14.0,133.7202001013979,165.80080426547974,182.5320031770276,42.25006985336243,333.44949156752705
1205.0,2012062006.0,22.654217942656555,18.0,109.22843718657725,94.25814341538744,186.4640379844105,26.816737627164002,80.13788093217613
1205.0,2012062012.0,37.1449788448487,15.0,126.49595057933435,-76.91464550685421,96.70490932761093,-38.497128529638324,279.457598565422
1209.0,2012080118.0,5.404767598620882,50.0,47.99093740128585,-218.93729163891012,290.8361605335916,-36.97190940840862,279.457598565422
1209.0,2012080200.0,16.764339292789806,40.0,57.43436099052307,-237.89382698980486,272.7340423543075,-41.09674995561127,286.69161779033783
1209.0,2012080206.0,17.91280723271753,35.0,63.95217374784219,142.45316514983415,233.73480949961314,31.360841689731277,286.69161779033783
1209.0,2012080212.0,16.23518125046432,35.0,63.95217374784219,101.5645025266489,163.66605083431514,31.82205780205867,251.5512247487655
1209.0,2012080218.0,16.240193003372962,30.0,72.40148542303059,108.66800196994684,111.5759468567229,44.243551120190425,251.5512247487655
1209.0,2012080300.0,29.501337568276313,25.0,83.84716432679616,169.80577203092872,169.813787196092,44.99864779538341,224.9830649778866
1307.0,2013071218.0,26.28158195135929,60.0,41.4398648134883,-9.21020061945972,288.6386553210503,-1.8276368112645813,224.9830649778866
1307.0,2013071300.0,22.35170224858477,50.0,47.99093740128585,44.16642185534801,131.2264174949723,18.601511201556534,218.63453988629223
1307.0,2013071306.0,23.612239336954357,35.0,63.95217374784219,44.20533250298543,47.65724663063936,42.84801274699479,218.63453988629223
1307.0,2013071312.0,41.62722886734147,25.0,83.84716432679616,130.91993178175417,134.57933712214825,44.21033603324837,218.62291561760534
1308.0,2013071812.0,23.783723408421228,15.0,126.49595057933435,230.52784340661213,247.47593393113735,42.96937284177465,218.62291561760534
1312.0,2013082112.0,23.65131095235583,45.0,52.23889874427604,19.156450691238497,138.83191527155532,7.856237741838579,233.0829059936058
1312.0,2013082118.0,20.771506761767217,54.0,45.10795202575687,16.99457586870868,21.562715971588542,38.24328259166496,233.0829059936058
1312.0,2013082200.0,24.292406161598752,33.0,67.05425858826294,10.178637815320645,138.8519916614364,4.192606080559388,88.2937003714794
1315.0,2013082900.0,18.6076944798709,20.0,100.3462021112321,268.5875092955899,277.3716012168091,44.078231386193735,88.2937003714794
1315.0,2013082906.0,11.242713013579463,16.0,120.0918404217308,269.6960526879331,270.0755093882299,44.9597213610702,280.5919416265312
1315.0,2013082912.0,35.25126319599402,16.0,120.0918404217308,-262.9360844513162,283.7618551983135,-42.81844414172821,280.5919416265312
1323.0,2013100612.0,27.010018091833686,55.0,44.44655669143675,168.27122733842614,246.77689333742714,34.28913620946357,319.4100922345402
1323.0,2013100618.0,23.412707121272046,45.0,52.23889874427604,166.2359091593527,180.6063855449699,42.62746065614604,319.4100922345402
1323.0,2013100700.0,16.95194832612835,15.0,126.49595057933435,166.12573529084884,181.9453015500481,42.397740794699985,262.8410170084794
1323.0,2013100706.0,27.848628161547293,10.0,175.31944474510186,211.43487221465455,237.27096658636617,41.7045971356962,262.8410170084794
1407.0,2014061606.0,25.31288838718534,12.0,151.3872093946261,-71.00217290058156,212.00235114527572,-18.516326154474523,100.02174890917983
1407.0,2014061612.0,29.97828034314149,12.0,151.3872093946261,-74.45623521377817,88.83748643087405,-39.96695590606183,315.0226312464597
1407.0,2014061618.0,63.56647007254187,12.0,151.3872093946261,-97.52937582125676,159.43992339096434,-31.454118927695642,315.0226312464597
1410.0,2014072218.0,23.999516152005413,50.0,47.99093740128585,-55.55681649046895,266.1112475411076,-11.79242440638476,330.9518378924782
1410.0,2014072300.0,12.999980368359642,35.0,63.95217374784219,-39.19501236290468,128.64830119271804,-16.944297645896953,330.9518378924782
1410.0,2014072306.0,19.886861879991756,30.0,72.40148542303059,50.99630352057661,58.378345513705526,41.13878203512677,281.30026161799924
1410.0,2014072312.0,17.439164341074115,22.0,92.93511238619287,56.91572632451338,100.282774145617,29.577180158413608,281.30026161799924
1416.0,2014092112.0,33.527167020676856,28.0,76.53637190808041,-235.97946395696127,265.9180142698457,-41.58631004011155,288.4254067151326
1416.0,2014092118.0,26.156278682878483,25.0,83.84716432679616,236.1881828000604,236.23913630388114,44.99382038127145,288.4254067151326
1513.0,2015080800.0,12.426030251125026,55.0,44.44655669143675,-159.78226443703213,204.62591301286798,-37.984518730568645,333.4370839254698
1513.0,2015080806.0,17.01708687420636,45.0,52.23889874427604,-34.47966061216045,169.0283514321615,-11.529439476601024,333.4370839254698
1513.0,2015080812.0,23.934505650800862,35.0,63.95217374784219,69.14366772090547,71.27945860132625,44.12861669144874,14.03602575533494
1513.0,2015080818.0,16.018688805006605,25.0,83.84716432679616,36.13337954412822,138.7164326943578,14.600176101214016,14.03602575533494
1521.0,2015092812.0,15.343619607945476,50.0,47.99093740128585,-149.41219524504768,203.35792440831216,-36.305663280564055,355.60143539243313
1521.0,2015092818.0,21.967607916091918,35.0,63.95217374784219,-70.3536428554587,159.45037305694376,-23.8083167073593,355.60143539243313
1521.0,2015092900.0,29.43188904962764,28.0,76.53637190808041,54.60719800950456,67.14997700589261,39.11843894400093,146.32919941054934
1521.0,2015092906.0,59.98414219408428,15.0,126.49595057933435,149.72217681976338,218.7817679687673,34.38558662439708,356.98723031196994
1601.0,2016070806.0,5.437624300041512,45.0,52.23889874427604,-255.54556533290474,260.00027235289156,-44.50493333349066,356.98723031196994
1601.0,2016070812.0,5.034302883490705,35.0,63.95217374784219,-188.55183642540214,269.0993527873717,-35.0180605645245,343.2998197205397
1601.0,2016070818.0,20.379663467985306,25.0,83.84716432679616,128.17198350153518,247.524529091769,27.375811418505503,343.2998197205397
1601.0,2016070900.0,10.02269692984588,20.0,100.3462021112321,146.20633886309946,152.00568961401103,43.88590528965589,172.65562500060963
1601.0,2016070906.0,12.517044789506604,18.0,109.22843718657725,134.09222796478943,141.9085742846462,43.37781636038255,172.65562500060963
1601.0,2016070912.0,23.906579727217515,15.0,126.49595057933435,122.30072296071224,175.21242311853032,34.91557988998657,301.4128438338264
1601.0,2016070918.0,55.38705419416288,14.0,133.7202001013979,194.544189449498,290.327112485558,33.825493515084425,301.4128438338264
1614.0,2016091412.0,17.97652733621156,75.0,34.626274653077736,201.82944839300322,238.0716086479974,40.290205356823954,298.29091859978524
1614.0,2016091418.0,22.530517560896055,70.0,36.603799205979946,193.9785402550081,194.34761059001661,44.945545346028226,298.29091859978524
1614.0,2016091500.0,17.898777566152617,20.0,100.3462021112321,202.95287787053354,231.83702558337328,41.19928703888705,160.050856685679
1616.0,2016091712.0,38.13984935567759,65.0,38.853919355861585,-235.34291158202834,294.3132136755861,-38.647026269035514,160.050856685679
1617.0,2016092706.0,19.456145143271534,60.0,41.4398648134883,-204.88521048550885,249.6684788815564,-39.3732975182947,70.35685705146375
1617.0,2016092712.0,22.69010439682064,50.0,47.99093740128585,-126.23784932283603,215.06485629448,-30.41189947166848,70.35685705146375
1617.0,2016092718.0,25.336192717888935,40.0,57.43436099052307,130.28048703436565,130.29654929126167,44.99646822474687,295.0049338124245
1617.0,2016092800.0,15.2357717347609,25.0,83.84716432679616,82.65547769376997,191.88458935810786,23.304261073900122,295.0049338124245
1709.0,2017072912.0,26.28158195135929,45.0,52.23889874427604,-27.772148774529434,222.88543731067142,-7.102607291337341,275.17594659946593
1709.0,2017072918.0,20.09727042851028,35.0,63.95217374784219,-9.719684454011896,70.09490059832245,-7.894557199913764,275.17594659946593
1709.0,2017073000.0,21.334409938858396,28.0,76.53637190808041,1.9418868843733796,52.12575160836081,2.1335038911613666,302.0072477061334
1709.0,2017073006.0,11.440187574187453,20.0,100.3462021112321,128.74862659934303,180.11221376274867,35.55811435389776,302.0072477061334
1709.0,2017073012.0,12.470397668003384,18.0,109.22843718657725,150.45349059991418,230.6297451588588,33.11879904375045,89.92054368133132
1710.0,2017073012.0,38.90760901844077,20.0,100.3462021112321,-9.56940469325831,268.0814568864299,-2.044355513300544,333.4367528907615
1710.0,2017073018.0,22.845510606051093,20.0,100.3462021112321,-20.48641822642944,35.63907910789562,-29.891588932973477,333.4367528907615
1710.0,2017073100.0,22.778888875758387,22.0,92.93511238619287,19.338671912952954,108.66663983469398,10.09090066443833,353.65955580465936
1808.0,2018071018.0,35.34426379682965,60.0,41.4398648134883,93.73521128522042,260.36637236030435,19.799522585244357,353.65955580465936
1808.0,2018071100.0,29.923818747998027,50.0,47.99093740128585,98.49278255767481,106.48000942943854,42.76846982976642,18.434016423693087
