7004.0,1970080106.0,9.862343101827404,12.0,151.3872093946261,69.61103540695521,284.4928715871048,13.749253723152963,21.78994553716059
7004.0,1970080112.0,9.417601682599662,12.0,151.3872093946261,29.190978505883848,227.27145548246781,7.319056418906176,21.78994553716059
7004.0,1970080118.0,9.167072501430924,13.0,141.94028990686283,160.63453485267624,171.2869421520776,43.16182860046383,11.306256496400282
7004.0,1970080200.0,52.652894168667984,11.0,162.3711905190999,135.7223820753223,158.47773798957346,40.57717655504637,11.306256496400282
7010.0,1970090612.0,19.116052077232784,30.0,72.40148542303059,-191.36639220208136,271.9068661964285,-35.13764899287051,291.8011483867924
7010.0,1970090618.0,17.672814346895972,28.0,76.53637190808041,-181.63984929116867,215.68272727910704,-40.10281762164598,291.8011483867924
7010.0,1970090700.0,11.897714172326973,28.0,76.53637190808041,-170.01616883769904,190.7788774241554,-41.70642658613701,80.86726411055817
7010.0,1970090706.0,8.590076090508862,25.0,83.84716432679616,170.83541880675378,171.8120604736925,44.83669135930673,80.86726411055817
7010.0,1970090712.0,13.536878838558389,22.0,92.93511238619287,165.03667782603512,172.43845897617106,43.74354347504854,243.42226667409028
7010.0,1970090718.0,11.878704301232942,20.0,100.3462021112321,118.21049942783637,207.17573486540343,29.708251411526998,243.42226667409028
7010.0,1970090800.0,35.522988498766566,15.0,126.49595057933435,238.1848104360973,267.27891576477157,41.70573360217656,253.28315320862413
7114.0,1971072018.0,14.620435646446198,20.0,100.3462021112321,101.55709389644713,273.45534316359465,20.374219518442004,253.28315320862413
7114.0,1971072100.0,12.204497019490328,18.0,109.22843718657725,-92.47498116172376,193.57242457985998,-25.535115690286197,278.12342402717906
7114.0,1971072106.0,36.47326538597115,15.0,126.49595057933435,-127.88401424956463,131.76312514387817,-44.144068564649274,278.12342402717906
7115.0,1971072606.0,16.985274387072465,35.0,63.95217374784219,256.5352575665224,287.94844668707674,41.69806429464293,281.3070751674472
7122.0,1971091900.0,15.393503308518381,25.0,83.84716432679616,253.80398924547916,263.9178250929605,43.880853781840436,281.3070751674472
7122.0,1971091906.0,35.52261091145865,20.0,100.3462021112321,196.16435056245706,248.94893651433182,38.237057606152206,277.11735292767696
7123.0,1971092218.0,20.648872398170514,60.0,41.4398648134883,-134.01394033724512,211.77666672192223,-32.3259503675441,277.11735292767696
7123.0,1971092300.0,20.359023996542515,60.0,41.4398648134883,105.35438852439431,139.95161838438162,36.97212285740769,261.8593352270141
7123.0,1971092306.0,29.211654244446056,40.0,57.43436099052307,96.14674463662746,100.9147988811723,43.613955381601365,261.8593352270141
7123.0,1971092312.0,51.02153708777635,20.0,100.3462021112321,171.09000269185455,219.67468071485536,37.91265368170471,119.09611765375337
7207.0,1972080106.0,22.82796287035264,22.0,92.93511238619287,57.48291304527199,264.8812568675641,12.244123913376736,119.09611765375337
7207.0,1972080112.0,26.088239713746358,22.0,92.93511238619287,67.48330932275489,135.26742263960742,26.514063398645852,29.73624882165659
7207.0,1972080118.0,13.523212197911883,20.0,100.3462021112321,69.13973874930596,84.71688331035011,39.2188141135188,29.73624882165659
7207.0,1972080200.0,12.29488499130683,14.0,133.7202001013979,81.85921065301488,149.9263326384097,28.6343733537724,26.561885682967784
7207.0,1972080206.0,64.12121625910548,12.0,151.3872093946261,-55.68967304891266,216.14561652016326,-14.447963857928542,26.561885682967784
7209.0,1972081618.0,16.36294111547802,73.0,35.38793200437064,79.21716756899389,184.84144063555703,23.198435300221192,238.53585526540235
7209.0,1972081700.0,14.898827540523696,65.0,38.853919355861585,71.71252404295832,105.46603527824394,34.214075007125565,238.53585526540235
7209.0,1972081706.0,20.325509792702785,55.0,44.44655669143675,74.57233751756674,77.18433060950056,44.01393852048505,95.73471020108695
7209.0,1972081712.0,14.876768030514937,38.0,59.8555314566313,106.18097749811011,133.79369124529816,38.43612129799608,95.73471020108695
7209.0,1972081718.0,15.747743889057526,25.0,83.84716432679616,63.4215562981948,199.55910317752526,17.630692980469522,296.565531222213
7209.0,1972081800.0,50.7170489890842,20.0,100.3462021112321,218.0251563338005,290.52027048311436,36.886927596514056,296.565531222213
7301.0,1973070312.0,17.413513185281946,22.0,92.93511238619287,-149.67215075549126,237.88066873728476,-32.17769452678089,84.59090085505379
7301.0,1973070318.0,22.784957642913927,20.0,100.3462021112321,-150.92867383365586,167.5617460636866,-42.01046003412635,84.59090085505379
7301.0,1973070400.0,24.312861060295166,16.0,120.0918404217308,122.62752018134516,163.54638633846218,36.86266168851191,294.4362185337135
7301.0,1973070406.0,52.125118069437434,10.0,175.31944474510186,139.3465062755564,284.0076213432071,26.134579887829403,294.4362185337135
7304.0,1973071800.0,35.137434773163136,23.0,89.66835004458707,-4.367198444767087,142.61122362194513,-1.7540265031212123,322.12218932217695
7304.0,1973071806.0,27.891416418374117,23.0,89.66835004458707,-9.18501397892362,68.48723757558764,-7.638517940218253,322.12218932217695
7310.0,1973082006.0,8.143087135931612,15.0,126.49595057933435,77.35912685760827,251.40194487512815,17.103703788405642,322.43344863018524
7310.0,1973082012.0,13.591045421109918,15.0,126.49595057933435,200.96631779918783,205.0787283297102,44.419730117774286,322.43344863018524
7310.0,1973082018.0,9.861428403646313,12.0,151.3872093946261,16.725649492330007,235.3887158958673,4.064346055718829,167.4721505779207
7310.0,1973082100.0,45.23305836619789,10.0,175.31944474510186,232.03516890771857,294.4769541210894,38.236588963111,167.4721505779207
7410.0,1974071906.0,27.99912467405973,15.0,126.49595057933435,128.95131769163507,251.49429690069283,27.14605287817032,74.29155464310004
7410.0,1974071912.0,37.10153584221066,15.0,126.49595057933435,124.60815927590473,130.99157316332375,43.569377753148345,296.56111365779293
7412.0,1974081106.0,11.618967028142523,20.0,100.3462021112321,228.17094219960845,297.6476854882105,37.47307377767843,296.56111365779293
7412.0,1974081112.0,17.71468831991411,20.0,100.3462021112321,245.94406452878144,253.77083682077136,44.10267963945845,301.61106879286973
7413.0,1974081918.0,5.21479351796293,33.0,67.05425858826294,186.48948551098073,261.86099705606324,35.45732033058639,301.61106879286973
7413.0,1974082000.0,6.764207016451277,25.0,83.84716432679616,199.08603861262603,240.97640617654605,39.56229261656793,309.8151683148897
7413.0,1974082006.0,7.495257784056133,23.0,89.66835004458707,176.39082600775973,220.80879385720084,38.619247805956824,309.8151683148897
7413.0,1974082012.0,4.938466351262841,20.0,100.3462021112321,141.49867063225145,195.74281348512307,35.862434039719474,303.7063417456669
7413.0,1974082018.0,4.942508750242824,18.0,109.22843718657725,-103.5125312512754,175.0739220228023,-30.593720356980914,303.7063417456669
7413.0,1974082100.0,17.380784944076428,18.0,109.22843718657725,-52.003707529667054,151.27671787396275,-18.971198981118537,130.58285314480128
7413.0,1974082000.0,6.435034448775383,25.0,83.84716432679616,163.1312036541753,252.59886183593332,32.85483178695701,130.58285314480128
7413.0,1974082006.0,5.197236326350146,22.0,92.93511238619287,267.90758359573886,284.7200292907374,43.25744291868647,319.3969232011467
7413.0,1974082012.0,3.2386342192499424,20.0,100.3462021112321,273.25447501756634,274.55466727097416,44.86401214758495,319.3969232011467
7413.0,1974082018.0,3.732755170722292,18.0,109.22843718657725,265.61827196877186,276.9367762237565,43.804898278084245,315.001414289998
7413.0,1974082100.0,31.7794817561222,16.0,120.0918404217308,-39.6752729044954,269.8603365549305,-8.363793198461792,315.001414289998
7413.0,1974082018.0,4.054672311450464,18.0,109.22843718657725,-31.800579367237923,84.71688331035011,-20.57486759143602,294.453453259418
7413.0,1974082100.0,4.950527019538904,18.0,109.22843718657725,-62.71311072739414,107.91519808812905,-30.16229571079808,294.453453259418
7413.0,1974082106.0,4.946529020265722,18.0,109.22843718657725,-62.298406919448965,133.80767181416616,-24.96582643759635,276.3501578777741
7413.0,1974082112.0,4.051011198577071,18.0,109.22843718657725,-11.718849677188963,161.02625235673926,-4.162420571636101,276.3501578777741
7413.0,1974082118.0,3.754314188279075,17.0,114.3717338112809,-120.30607866440104,185.29170881111165,-32.994831145261166,288.44965035478174
7413.0,1974082200.0,8.878361307155318,16.0,120.0918404217308,-33.38148205685641,203.14767122420045,-9.33152293487666,288.44965035478174
7413.0,1974082206.0,9.923333207557292,16.0,120.0918404217308,-199.27678573590836,255.96119908391324,-37.902289746417196,169.5069682576501
7420.0,1974092806.0,5.007731406627528,24.0,86.64829809982032,-28.61419097704938,281.33757089536454,-5.807450652259948,169.5069682576501
7420.0,1974092812.0,2.502499755044885,24.0,86.64829809982032,-28.670172706679903,251.49429690069283,-6.503602228437342,18.435628234600347
7420.0,1974092900.0,5.5597463322280625,20.0,100.3462021112321,-135.49914833828757,230.9789327031952,-30.397160531001163,18.435628234600347
7420.0,1974092906.0,6.956131835671148,15.0,126.49595057933435,-116.20196263752828,203.75485198141257,-29.69623317699852,14.035627198268601
7420.0,1974092912.0,6.4893718898043495,12.0,151.3872093946261,-2.9733398828833995,172.02282297343905,-0.990234092720862,14.035627198268601
7420.0,1974092918.0,5.559746332227886,10.0,175.31944474510186,-71.3220034682323,133.09775534326096,-28.18515716617933,351.2593836409406
7503.0,1975080306.0,19.4145433944435,60.0,41.4398648134883,-272.23780520607926,295.77566617629435,-42.62708278607003,351.2593836409406
7503.0,1975080312.0,17.762990277555144,40.0,57.43436099052307,270.55992394706533,270.5906374297231,44.99674812694627,173.8823986344504
7504.0,1975081200.0,27.069812713041134,40.0,57.43436099052307,199.7942023879705,264.0955430848953,37.108322799753815,173.8823986344504
7504.0,1975081206.0,21.637589335253782,40.0,57.43436099052307,204.87003020690344,213.43542912669017,43.826951394402464,60.94953937757667
7504.0,1975081212.0,24.97500035449185,30.0,72.40148542303059,225.8765780893832,229.13772942899533,44.58936014591863,60.94953937757667
7506.0,1975081606.0,9.210605621322932,15.0,126.49595057933435,255.13692628863956,258.6682312690515,44.606220990726264,64.97316169662741
7506.0,1975081612.0,9.222839594155795,15.0,126.49595057933435,259.411392463559,259.907587008298,44.94525552559542,64.97316169662741
7513.0,1975100700.0,56.800337238696464,10.0,175.31944474510186,-67.66337354141329,133.80767181416616,-26.824644171338335,216.02182895629954
7613.0,1976080918.0,23.82366703709218,55.0,44.44655669143675,-181.4834602913159,230.51035781007124,-38.21376598728592,26.554400316285772
7613.0,1976081000.0,31.08031017285055,45.0,52.23889874427604,185.4897991720433,185.5076585146465,44.997241854535524,26.554400316285772
7613.0,1976081006.0,15.45188048659066,35.0,63.95217374784219,253.28090115258027,254.4287487837638,44.870463930030574,262.85828701329774
7701.0,1977061612.0,16.424577297295333,15.0,126.49595057933435,1.7818098273099032,271.1905434469297,0.3764464375897639,262.85828701329774
7701.0,1977061618.0,30.139000955109662,12.0,151.3872093946261,-44.60578565263052,172.65636431852334,-14.485633078695212,201.78353371056014
7701.0,1977061700.0,29.161488790760213,12.0,151.3872093946261,-44.4427684324311,44.44292735710402,-44.99989755704854,201.78353371056014
7701.0,1977061706.0,26.369474268000854,10.0,175.31944474510186,-160.32710395662593,185.29170881111165,-40.86860842049193,77.04709971591818
7704.0,1977072506.0,31.63969414559755,35.0,63.95217374784219,147.18893794250053,260.5753303346219,29.46042700053404,77.04709971591818
7704.0,1977072512.0,21.065886985556638,20.0,100.3462021112321,137.7015055844363,139.59440024436554,44.60889004036551,352.4045760899194
7705.0,1977073106.0,20.24847789964078,80.0,32.87325033719918,-189.592434093318,290.55101803085734,-33.125540047507485,352.4045760899194
7705.0,1977073112.0,20.264752040778856,65.0,38.853919355861585,-197.3693208541096,220.67914946184868,-41.80856795777541,357.13824348653105
7705.0,1977073118.0,18.5907918949641,60.0,41.4398648134883,205.05731871491272,205.0787283297102,44.99700908862651,357.13824348653105
7705.0,1977080100.0,20.04529456114275,45.0,52.23889874427604,226.70516553819448,229.89122941813395,44.60020479158509,213.02599994306647
7707.0,1977082206.0,41.80243267230576,20.0,100.3462021112321,142.8812242730055,285.8729541086669,26.556191308743063,341.57211374351385
7707.0,1977082212.0,26.284510870878986,20.0,100.3462021112321,-132.84179748521194,133.94554614228335,-44.76295809979279,341.57211374351385
7707.0,1977082218.0,57.10320161278428,20.0,100.3462021112321,-137.87552742077506,208.30077179134864,-33.50081368693257,299.05048979874215
7707.0,1977082112.0,11.217057919115229,15.0,126.49595057933435,-189.95036443303812,238.03322094178617,-38.58984569913487,299.05048979874215
7707.0,1977082118.0,6.972003189213599,18.0,109.22843718657725,-200.99606538139417,201.4406199889988,-44.93670782673582,46.63409586261715
7707.0,1977082200.0,8.398064231902513,18.0,109.22843718657725,-177.89081801800523,206.12440227047895,-40.795062821336465,251.55878544652222
7707.0,1977082206.0,29.7713851414902,18.0,109.22843718657725,-97.64116775523699,233.68447927420902,-22.676798689867873,251.55878544652222
7707.0,1977082206.0,36.40171255965513,16.0,120.0918404217308,43.623571631677166,105.45283519724047,22.47382826084849,255.96243269707938
7707.0,1977082212.0,46.36106725887711,20.0,100.3462021112321,-102.82555240331428,127.21829469216736,-38.94724832779272,255.96243269707938
7803.0,1978062418.0,20.900107228996895,9.0,190.8380043790661,-155.0034438864478,220.67914946184868,-35.08392812690581,243.429274788982
7811.0,1978081306.0,33.71382400162325,20.0,100.3462021112321,160.73118032652184,160.7316259369247,44.999920576829126,243.429274788982
8004.0,1980052412.0,24.388274750695604,12.0,151.3872093946261,-113.65426014789846,251.55032344146102,-24.31417585689299,224.99066058398643
8004.0,1980052418.0,51.01595769574422,12.0,151.3872093946261,96.95531089173626,135.9669851299048,35.49190048435677,224.99066058398643
8012.0,1980082718.0,18.37166595049317,35.0,63.95217374784219,-153.09663076336534,240.45379346686818,-32.48485669850942,135.0069303008804
8012.0,1980082800.0,19.140372420791778,30.0,72.40148542303059,-150.16493529445614,171.34536810930675,-41.2309189119173,135.0069303008804
8012.0,1980082806.0,17.639977404521975,30.0,72.40148542303059,145.07694892953305,148.93072549841682,44.24902474537705,18.42160925135224
8012.0,1980082812.0,56.58920109387545,20.0,100.3462021112321,91.59458976072901,192.8902143561958,25.400868224017938,18.42160925135224
8103.0,1981061318.0,28.440742501197587,26.0,81.24123960938374,-194.9668974806142,200.7323250637295,-44.16524654078355,326.3378980821993
8103.0,1981061400.0,43.03141924195601,25.0,83.84716432679616,-182.81317019971164,215.26695043067903,-40.339226252134935,326.3378980821993
8104.0,1981062012.0,17.01333079570719,30.0,72.40148542303059,66.80887173436682,240.45379346686818,15.527683817822844,251.55494620829086
8104.0,1981062018.0,19.193230854232063,30.0,72.40148542303059,-119.81632712735346,144.03149846087186,-39.75625300461771,251.55494620829086
8104.0,1981062100.0,32.306348914348725,30.0,72.40148542303059,-98.17387509060472,115.3986617184228,-40.38903217997679,270.0043254304783
8104.0,1981062106.0,50.431310541371175,25.0,83.84716432679616,-160.79819877971644,268.0384893876857,-30.95984349536693,270.0043254304783
8107.0,1981071912.0,17.646621951715908,23.0,89.66835004458707,-152.86021889242778,178.62279097280282,-40.55595506769897,243.41859354673016
8107.0,1981071918.0,20.08569318386932,23.0,89.66835004458707,-122.06651884817913,162.2180676977613,-36.96087978105844,243.41859354673016
8107.0,1981072000.0,35.03843636006906,23.0,89.66835004458707,89.3480289016742,119.05084842497523,36.88834093089951,156.3680248099138
8108.0,1981072200.0,13.901096394533198,13.0,141.94028990686283,87.56886936310143,241.66307908928962,19.91845620635774,156.3680248099138
8108.0,1981072206.0,7.468246423329734,15.0,126.49595057933435,72.80219221161673,166.6085141658946,23.60367374392765,26.561598632117065
8108.0,1981072212.0,8.120111355388934,16.0,120.0918404217308,101.89229110762714,128.1718507159498,38.48351335382286,26.561598632117065
8108.0,1981072218.0,9.836668155952191,16.0,120.0918404217308,103.94390046321368,106.7724920448481,44.23092539608991,44.993070847541446
8108.0,1981072300.0,19.173918218590313,15.0,126.49595057933435,105.13388640802503,112.46982619004885,43.069153978753626,44.993070847541446
8209.0,1982072912.0,29.21362209985524,30.0,72.40148542303059,239.93306147392488,254.0023729137807,43.368421853240015,44.99066234592237
8209.0,1982072900.0,17.530156512715184,45.0,52.23889874427604,-139.2187813006023,266.1985386685694,-27.609050955315922,44.99066234592237
8209.0,1982072906.0,10.24262157143643,35.0,63.95217374784219,182.31383156697567,182.89723484247287,44.908473427883926,26.556132950965775
8209.0,1982072912.0,20.097270428510633,30.0,72.40148542303059,185.76478174988108,186.55906740897706,44.877769992283035,26.556132950965775
8209.0,1982072918.0,15.414096255610703,30.0,72.40148542303059,201.08873405229667,202.67277029653812,44.77521847729124,63.42285584553539
8211.0,1982080918.0,5.803699214818408,72.0,35.7830559007621,230.29842097571023,277.69314104695275,39.66983430402665,63.42285584553539
8211.0,1982081000.0,9.842544739153922,68.0,37.46799139353676,-253.8509311649835,259.57549119338927,-44.36119466333256,36.85029179212432
8211.0,1982081006.0,7.4129951096372,65.0,38.853919355861585,-274.2571833457646,274.3218313579,-44.99324790388833,36.85029179212432
8403.0,1984070306.0,17.940472340521424,15.0,126.49595057933435,143.59411254386345,260.5753303346219,28.857649404111683,80.52019161365872
8403.0,1984070312.0,22.30159025695659,20.0,100.3462021112321,-64.6903386752546,177.31658019578967,-20.043466731052312,80.52019161365872
8403.0,1984070318.0,31.548351329500417,25.0,83.84716432679616,-59.52576107892021,67.35274116809902,-41.469966546756986,181.36430158472763
8403.0,1984070400.0,57.83265253029402,12.0,151.3872093946261,-90.27659330988152,164.68166081957793,-28.731046754842087,315.01269626346516
8407.0,1984080706.0,17.491663971592516,25.0,83.84716432679616,-52.057025782214914,220.67914946184868,-13.27311729256144,315.01269626346516
8407.0,1984080712.0,23.5669578204884,23.0,89.66835004458707,-58.567054320458006,121.0991686388606,-25.809751365553726,315.0121190259165
8407.0,1984080718.0,29.195025384339257,22.0,92.93511238619287,59.27635572187852,65.52492845064322,42.13369830017528,315.0121190259165
8407.0,1984080800.0,13.37804522414333,15.0,126.49595057933435,-195.5271190064893,207.20227150382757,-43.33945652698497,270.0015161767609
8506.0,1985072918.0,12.42783522282277,42.0,55.22228941850776,156.37487359874044,246.20383879030086,32.42142379952785,0.0
8506.0,1985073000.0,11.374203991179142,42.0,55.22228941850776,168.43558230766894,196.71722999129173,40.571195264658755,0.0
8506.0,1985073006.0,11.062785015604511,45.0,52.23889874427604,159.14783111380964,176.12569582790445,42.10108400563052,284.0352602995009
8506.0,1985073012.0,14.827471507391872,45.0,52.23889874427604,166.03056836824646,166.2004480728677,44.970702948340886,284.0352602995009
8506.0,1985073018.0,13.858247003425197,35.0,63.95217374784219,123.20700710222869,200.8907976838944,31.520930541098327,326.3133483740304
8510.0,1985082218.0,16.741011176012503,55.0,44.44655669143675,-126.74207270753443,281.83322757966437,-24.21373198863552,326.3133483740304
8510.0,1985082300.0,19.214072106384396,55.0,44.44655669143675,-85.10817355860193,200.7323250637295,-22.97638023430067,0.0
8510.0,1985082306.0,15.136806830033345,55.0,44.44655669143675,-98.22254751723975,110.52501878007655,-41.62719281227527,0.0
8510.0,1985082312.0,20.80400464358378,45.0,52.23889874427604,73.83087749560752,107.82301451856917,34.40105587295594,11.310009561072476
8510.0,1985082318.0,61.42419374341075,35.0,63.95217374784219,81.43391232919633,215.106752327598,20.73538345995331,189.45522717879896
8519.0,1985100406.0,12.461317605587267,45.0,52.23889874427604,-163.00806274520724,191.57183338054315,-40.39438894298725,285.2444759004281
8605.0,1986062400.0,44.508658237751995,35.0,63.95217374784219,-144.86126581739336,171.30364287340512,-40.219207225052436,285.2444759004281
8616.0,1986082200.0,29.22276849361406,45.0,52.23889874427604,273.3298359018468,293.582129292468,42.95404266346966,286.6912091564055
8616.0,1986082206.0,20.297116958397115,35.0,63.95217374784219,-204.22852974798414,275.5259772476722,-36.547006804956176,286.6912091564055
8617.0,1986091912.0,11.615823462857449,50.0,47.99093740128585,-30.12259287883368,218.71404157550106,-7.8417802721255745,57.912903272804954
8617.0,1986091918.0,22.931875101122586,35.0,63.95217374784219,-141.04428292196752,149.8571599915875,-43.26475157775128,304.7117592009676
8617.0,1986092000.0,30.21520598006386,30.0,72.40148542303059,-155.3252195689618,158.61638651246852,-44.39936897715294,304.7117592009676
8617.0,1986092006.0,50.46128497479801,25.0,83.84716432679616,-197.12885613199077,251.7166816045201,-38.06583936791032,292.6485937133225
8705.0,1987072106.0,25.006232569298394,20.0,100.3462021112321,68.5138276258154,249.95537799262246,15.328525221139612,292.6485937133225
8705.0,1987072112.0,16.761564620261183,15.0,126.49595057933435,-96.1739927819479,111.4054157068146,-40.80336474250303,281.34682247290914
8705.0,1987072118.0,34.79129209292964,12.0,151.3872093946261,-72.79398970876913,99.59428363605785,-36.163267276811986,281.34682247290914
8705.0,1987072200.0,62.56819147530405,10.0,175.31944474510186,-141.87278420532564,284.73490007197614,-26.485364548678,177.39649510209776
8707.0,1987072700.0,22.709251488727315,40.0,57.43436099052307,30.92643353886971,182.83591459992718,9.600625561342822,111.82405582506215
8707.0,1987072706.0,24.148700965922178,40.0,57.43436099052307,44.953549857939585,52.979733935182125,40.314759333953305,111.82405582506215
8707.0,1987072712.0,27.989080173999728,40.0,57.43436099052307,54.646865174232325,123.12906069193184,23.932498821614494,111.82760297281602
8909.0,1989072018.0,5.791861358905753,35.0,63.95217374784219,-18.078258217998812,244.21380210564723,-4.2336757497515425,111.82760297281602
8912.0,1989073006.0,7.599983135364269,14.0,133.7202001013979,100.73080235505067,218.71501323697262,24.728780387876803,9.46664000538127
8912.0,1989073012.0,40.162455900584256,12.0,151.3872093946261,-178.60939595086074,178.62279097280282,-44.99785159833996,166.8665259175852
8918.0,1989081806.0,4.9623859911902946,15.0,126.49595057933435,-155.05324675713914,280.63068368805614,-28.921400216247545,166.8665259175852
8918.0,1989081812.0,6.605024241857372,10.0,175.31944474510186,35.79218645625871,257.1673535458803,7.923445879956244,278.112301761851
8918.0,1989081818.0,10.569877689102364,10.0,175.31944474510186,102.01526209120992,218.04713259584383,25.072955408746672,278.112301761851
8918.0,1989081900.0,14.956660916757242,10.0,175.31944474510186,38.65523586476387,166.72979336338915,13.053047528527625,282.5092054206217
8918.0,1989081906.0,8.635723441525302,12.0,151.3872093946261,-2.892540438292189,83.07785280876826,-1.994074641644418,282.5092054206217
8918.0,1989081912.0,3.3083668121023386,15.0,126.49595057933435,16.435101475968025,31.358816888532807,27.658955516721914,144.4790086178621
8918.0,1989081918.0,8.27091254861985,10.0,175.31944474510186,17.568153401862276,18.76270398993132,43.11680582301325,144.4790086178621
8921.0,1989091200.0,13.72310397323338,30.0,72.40148542303059,-124.83175149485261,222.8982947987948,-29.25053000274362,40.59931816874571
8921.0,1989091206.0,18.60880982155669,35.0,63.95217374784219,99.66499666888275,295.26346601692643,18.65190390284711,40.59931816874571
8921.0,1989091212.0,8.7057310221642,35.0,63.95217374784219,-55.38988811152015,192.03034908933532,-16.089857283389687,25.019926666435147
8921.0,1989091218.0,14.587545835693005,35.0,63.95217374784219,0.8121836489044034,142.87793611530466,0.32569195300888015,25.019926666435147
8921.0,1989091300.0,9.842544739153922,35.0,63.95217374784219,8.44732200668265,55.354099576238305,8.67669043926879,37.5581275999331
8921.0,1989091306.0,16.95194832612876,30.0,72.40148542303059,7.444775591125883,8.947369366284764,39.762591567656635,37.5581275999331
8921.0,1989091312.0,6.193946907219072,15.0,126.49595057933435,73.89889050125886,97.6959517321202,37.1044850630554,82.84896055036
8923.0,1989091506.0,34.416612228202176,25.0,83.84716432679616,209.43667437409178,261.33407431878527,38.70915945265637,82.84896055036
9003.0,1990051906.0,16.34452360164592,15.0,126.49595057933435,-106.17758434251617,284.78566408526274,-20.44713122862887,210.3462920471573
9005.0,1990062312.0,31.86907058460605,40.0,57.43436099052307,4.257830901026577,197.58852646514816,1.2344744627559472,329.0321623754845
9005.0,1990062318.0,35.364715038030354,30.0,72.40148542303059,5.724810709535799,7.440291536592343,37.57589442789426,329.0321623754845
9006.0,1990062918.0,17.025677282729493,20.0,100.3462021112321,-98.72662059435521,281.30202057386896,-19.33918941626305,311.63018817572606
9006.0,1990063000.0,16.679238996683893,15.0,126.49595057933435,-167.67580311164588,188.37888705428193,-41.672238141023364,311.63018817572606
9006.0,1990063006.0,50.84534798986624,13.0,141.94028990686283,95.78794589602101,163.0931839818563,30.426583114271477,110.87733039760667
9012.0,1990081906.0,6.972003189213599,50.0,47.99093740128585,-167.86271379906944,204.45411442445484,-39.38698073746433,265.2170290688247
9012.0,1990081912.0,6.493653234771604,45.0,52.23889874427604,-76.89873724929527,184.2070711223623,-22.658492803967615,265.2170290688247
9012.0,1990081918.0,14.49582585193037,45.0,52.23889874427604,-137.14968537815156,149.1218677299137,-42.60522476111329,265.21573366744553
9012.0,1990082000.0,16.791751872777976,40.0,57.43436099052307,69.82828535850537,137.22737137031777,26.969313220657032,265.21573366744553
9012.0,1990082006.0,11.616612931454704,30.0,72.40148542303059,115.6478446694678,229.20922693602597,26.77329361129808,275.1797458571258
9012.0,1990082012.0,10.274708004555919,30.0,72.40148542303059,181.9180393056703,292.37411364321474,31.890278781972924,275.1797458571258
9012.0,1990082018.0,13.400261404244189,30.0,72.40148542303059,186.55889199192907,248.94893651433182,36.847382582106675,135.03371845329679
9012.0,1990082100.0,9.160763187918358,25.0,83.84716432679616,64.59059962794657,199.28470734433157,17.958140591773947,135.03371845329679
9012.0,1990082106.0,7.600893365020169,25.0,83.84716432679616,159.66110219348357,251.55032344146102,32.40363911226258,39.818281343739876
9015.0,1990083012.0,16.969801068792723,55.0,44.44655669143675,205.27351845771855,244.58041748029393,40.006347837347846,39.818281343739876
9015.0,1990083018.0,20.97662569817029,55.0,44.44655669143675,208.67542484868147,211.74363279203683,44.5818642334408,42.27621016593995
9015.0,1990083100.0,19.54794162336712,45.0,52.23889874427604,237.23987737954573,237.24141464005064,44.999814368784556,42.27621016593995
9017.0,1990090312.0,22.531796006397002,10.0,175.31944474510186,-28.981338262437415,275.25450526142976,-6.010484093989421,218.64644858120528
9017.0,1990090318.0,12.461317605587267,12.0,151.3872093946261,1.4989352448118765,141.78573900419946,0.6056988847283031,218.64644858120528
9017.0,1990090400.0,11.397933752404134,15.0,126.49595057933435,8.879707099720035,67.02260760167208,7.5470634135362165,51.33310360539864
9017.0,1990090406.0,8.640203445702378,20.0,100.3462021112321,8.857462793949828,8.947369366284764,44.710683969545244,51.33310360539864
9017.0,1990090418.0,17.393631473612327,10.0,175.31944474510186,-46.13609637849058,52.35221220804384,-41.38855197680016,75.96391268025886
9110.0,1991081712.0,10.23452498541568,30.0,72.40148542303059,-120.92838103414665,275.72012596607726,-23.681826519395738,75.96391268025886
9110.0,1991081718.0,17.6466219517155,30.0,72.40148542303059,-98.02746276968352,223.5546631302305,-23.67718074063816,89.99293221737136
9110.0,1991081800.0,16.065798911168695,25.0,83.84716432679616,-137.29929471131308,138.55346491321797,-44.739505363884355,89.99293221737136
9110.0,1991081806.0,10.004489043035003,20.0,100.3462021112321,86.00697141474056,163.6910112843552,27.71845496793571,293.6153153033491
9110.0,1991081812.0,11.459879760815754,15.0,126.49595057933435,62.610972276012134,217.61284219999104,16.051440748596075,293.6153153033491
9110.0,1991081818.0,6.503487416859588,10.0,175.31944474510186,38.04247259478012,284.24622868750197,7.622957792877991,32.907658165947815
9215.0,1992090500.0,26.30114512401163,30.0,72.40148542303059,189.10033459312308,245.63414468359392,37.59071251976882,32.907658165947815
9216.0,1992083012.0,17.186818965572527,35.0,63.95217374784219,-164.95842203669548,190.7788774241554,-40.8485845268638,177.70969527585396
9216.0,1992083018.0,21.413206547729356,35.0,63.95217374784219,166.00477570799896,166.0566799047088,44.991044153616734,177.70969527585396
9216.0,1992083100.0,4.065310766030387,32.0,68.73601561075849,199.42271010887123,200.4522325851618,44.85248597455598,284.0243575897475
9216.0,1992083106.0,7.597828425639829,28.0,76.53637190808041,-151.43593755443595,197.10342086670485,-37.5353248914048,284.0243575897475
9216.0,1992083112.0,24.148901547758943,24.0,86.64829809982032,167.5648685326436,170.48286558981198,44.50544036563234,275.68847883330585
9216.0,1992083118.0,55.61175131187827,22.0,92.93511238619287,42.1896237950951,197.04028338149666,12.085500471207892,275.68847883330585
9219.0,1992092212.0,19.194339881984494,30.0,72.40148542303059,43.1815953813525,147.7520215229678,16.291383325290706,88.71205498517405
9219.0,1992092218.0,33.39902400664267,30.0,72.40148542303059,45.37876893899468,48.32376569351114,43.19983141927499,270.00977490594227
9219.0,1992092300.0,14.687182303675028,25.0,83.84716432679616,-126.25701240029468,187.96910594636503,-33.8888720824096,258.6772066039381
9406.0,1994071018.0,25.42059116132481,40.0,57.43436099052307,255.13857152333472,255.95250926114608,44.90875372415834,240.23750193283593
9406.0,1994071100.0,64.25208473102069,30.0,72.40148542303059,172.47016376047847,275.3511133564253,32.06156832262888,80.8766910131964
9414.0,1994080718.0,16.272645894323297,65.0,38.853919355861585,61.15094210443502,257.4483553017282,13.361684214919025,267.4039644869986
9414.0,1994080800.0,16.76213207856344,50.0,47.99093740128585,109.05837317317192,163.6619413231565,33.67804740428736,26.56762589982917
9414.0,1994080806.0,17.399935465779745,50.0,47.99093740128585,-104.63510661462198,106.56143724524404,-44.47741779992858,26.56762589982917
9414.0,1994080812.0,15.620385018126143,50.0,47.99093740128585,-102.77085085834649,159.0285257783835,-32.87222627787636,125.33340218669562
9414.0,1994080818.0,31.251973046758277,40.0,57.43436099052307,-220.20136638606644,238.60440434135663,-42.70305531423682,125.33340218669562
9417.0,1994082100.0,13.748855879198324,60.0,41.4398648134883,108.01749489015911,224.70323804917683,25.674142210690295,291.7947650312844
9417.0,1994082106.0,16.111730243694502,55.0,44.44655669143675,113.06664603832051,159.89476823224658,35.26533833662959,291.7947650312844
9417.0,1994082112.0,29.38083073943693,55.0,44.44655669143675,110.22734524686956,121.68425392607888,42.17177029957838,296.55894523916743
9417.0,1994082118.0,18.7714514771628,35.0,63.95217374784219,85.37207661407241,177.46002018211237,25.691174539937936,296.55894523916743
9418.0,1994090106.0,24.503032242627906,50.0,47.99093740128585,-168.55702348878066,222.8982947987948,-37.09678951527159,299.0501754898802
9418.0,1994090112.0,27.282238645523126,40.0,57.43436099052307,163.3594835645492,166.35289664231547,44.479833837165685,299.0501754898802
9430.0,1994101000.0,15.195026583192382,60.0,41.4398648134883,-217.26050828269203,221.7713457293108,-44.411334618586714,101.99925098223399
9430.0,1994101006.0,17.399935465779745,50.0,47.99093740128585,-208.30038606276992,215.37587286072485,-44.04323680787516,101.99925098223399
9430.0,1994101012.0,7.439156365567384,40.0,57.43436099052307,-228.05546193353393,257.91311622619514,-41.484196773224056,26.568139626040242
9507.0,1995082406.0,9.938439388197565,25.0,83.84716432679616,180.5806654009405,278.4943286579175,32.96009116230387,26.568139626040242
9507.0,1995082412.0,14.761775126347088,25.0,83.84716432679616,193.8915437445933,239.28437574375766,39.017765382483,207.63694669588662
9507.0,1995082418.0,14.720574894929106,30.0,72.40148542303059,200.72626010309142,208.32788396932617,43.935371161465575,207.63694669588662
9608.0,1996073112.0,25.292731947875254,65.0,38.853919355861585,-178.75111856335786,290.5874219061743,-31.597216976523555,347.47248358946365
9608.0,1996073118.0,19.164523593200112,50.0,47.99093740128585,-143.91789335759208,201.4406199889988,-35.54365451066227,347.47248358946365
9608.0,1996080100.0,22.43589008210894,40.0,57.43436099052307,143.77559385468697,144.721474296683,44.81214795904629,16.700192367171926
9608.0,1996080106.0,3.7064975548187475,35.0,63.95217374784219,178.32951968658404,202.67277029653812,41.34418938183491,16.700192367171926
9610.0,1996080706.0,8.947066828842049,12.0,151.3872093946261,-73.24973188759726,215.106752327598,-18.805112777838367,33.68297890107976
9610.0,1996080712.0,2.4922699765349887,10.0,175.31944474510186,-50.61237142377344,165.48749604152601,-17.005625207953987,33.68297890107976
9610.0,1996080800.0,58.989019526204366,10.0,175.31944474510186,9.128455050191876,142.61122362194513,3.6624704351869144,199.096701514904
9711.0,1997081806.0,14.851526904177932,50.0,47.99093740128585,193.73093490745302,211.74363279203683,42.45637940302244,199.096701514904
9711.0,1997081812.0,33.07475091174196,50.0,47.99093740128585,198.92338752299872,202.28478102522575,44.51997698464386,253.28621497964548
9714.0,1997082900.0,22.538697880498006,40.0,57.43436099052307,-155.17153549813273,275.21962983238075,-29.41473162710087,253.28621497964548
9714.0,1997082906.0,25.123826783980572,35.0,63.95217374784219,127.628047776053,176.80781197210152,35.823491495368195,300.95805562754623
9714.0,1997082912.0,29.623973154582973,20.0,100.3462021112321,100.1299234462197,119.60514593171044,39.93508271225481,300.95805562754623
9714.0,1997082918.0,63.1445479935378,12.0,151.3872093946261,197.87691059989257,256.04226540277404,37.69789290049821,270.01503132837223
9801.0,1998071006.0,5.014953418989628,10.0,175.31944474510186,276.77526046937305,294.4769541210894,43.22511341498216,270.01503132837223
9801.0,1998071012.0,6.99806646934787,10.0,175.31944474510186,270.8790706959347,283.0471303199688,43.74158985034235,93.54340597677073
9802.0,1998080412.0,18.672564258434992,25.0,83.84716432679616,152.296126373487,231.08687712067592,33.38658906695626,320.19342975079445
9802.0,1998080418.0,15.278193555831047,12.0,151.3872093946261,153.73161819229037,157.74419144152174,44.26193049912391,320.19342975079445
9802.0,1998080500.0,8.675544447735154,12.0,151.3872093946261,166.12688997484517,192.01690214077908,40.86531279374748,314.9995306072677
9808.0,1998092818.0,10.534787793389214,25.0,83.84716432679616,-289.42243474433445,290.58858923261494,-44.88480280952465,314.9995306072677
9808.0,1998092900.0,24.394368334480536,25.0,83.84716432679616,-276.1120790682364,296.7971700147575,-42.932213835627074,333.4348452484073
9809.0,1998101606.0,59.21272671027882,35.0,63.95217374784219,-211.53386582816506,290.5874219061743,-36.05284261419991,333.4348452484073
9905.0,1999072718.0,4.994858708095976,15.0,126.49595057933435,258.1916235853223,274.69763877012275,43.22585516908525,338.1998139766892
9914.0,1999100912.0,14.919736642977108,12.0,151.3872093946261,-211.94676836612305,268.95902393532833,-38.23903743562334,338.1998139766892
9914.0,1999100918.0,61.03130118058531,10.0,175.31944474510186,133.84410346849245,221.4870270102886,31.144472630390435,343.30695171838795
4.0,2000070906.0,29.840084131239262,30.0,72.40148542303059,98.72727536116942,245.04578687241113,21.9441691629988,343.30695171838795
4.0,2000070912.0,31.505229215958295,30.0,72.40148542303059,-96.86843819686968,102.76326745514068,-43.30863177362394,204.67961366333708
4.0,2000070918.0,44.01299117768844,30.0,72.40148542303059,-172.6842826546969,178.5018147754565,-44.05096028526311,100.0464761646546
20.0,2000110106.0,64.87793777626602,15.0,126.49595057933435,-138.03902544947775,262.0060696888471,-27.78269686701167,100.0464761646546
102.0,2001062312.0,31.901333797830045,40.0,57.43436099052307,-76.53918383082699,229.5944063519521,-18.43668158138189,315.00437213132426
102.0,2001062318.0,35.29048723410846,30.0,72.40148542303059,-63.821672278839664,75.22240709086897,-40.312594227141794,315.00437213132426
105.0,2001071206.0,29.21362209985524,10.0,175.31944474510186,239.93306147392488,254.0023729137807,43.368421853240015,279.4575056314169
108.0,2001073000.0,19.716372294094327,35.0,63.95217374784219,-38.590270435501125,266.1985386685694,-8.248591654333977,279.4575056314169
108.0,2001073006.0,9.985978590404253,30.0,72.40148542303059,-92.65016522695197,149.8571599915875,-31.726699274966833,300.95808433047637
108.0,2001073012.0,12.962820026868634,30.0,72.40148542303059,79.70697069069587,107.23217286817263,36.62386843540252,300.95808433047637
108.0,2001073018.0,10.51656351201304,25.0,83.84716432679616,73.97735347750633,74.07790421564528,44.96108796049324,324.46083565958094
108.0,2001073100.0,16.76041168374476,15.0,126.49595057933435,-94.88198265081905,95.04145054763501,-44.95189200640304,324.46083565958094
108.0,2001073106.0,26.14951996966219,12.0,151.3872093946261,-104.64654419069774,144.21268965210268,-35.96615266440067,95.8431076364958
116.0,2001091600.0,8.569830944555973,50.0,47.99093740128585,-166.73019906342546,294.365274179857,-29.527467432342707,341.5653806805211
116.0,2001091606.0,8.709986575972808,50.0,47.99093740128585,-235.2733284380195,256.11050482079565,-42.571821976470225,341.5653806805211
116.0,2001091612.0,13.699239410663417,45.0,52.23889874427604,-242.5939136142688,245.61672966162268,-44.64525069048165,21.801702094777507
116.0,2001091618.0,12.535113051476918,30.0,72.40148542303059,-245.75853364411253,254.91083647810464,-43.952742153262,21.801702094777507
116.0,2001091700.0,13.533652253179495,20.0,100.3462021112321,-280.7596080478278,290.1129633371556,-44.061331962868216,0.0
119.0,2001092712.0,11.841949480720713,20.0,100.3462021112321,282.3520123896385,282.7850612228326,44.95609584511913,0.0
119.0,2001092806.0,10.029894493022331,20.0,100.3462021112321,-154.9333848821195,287.9832420583514,-28.28000471957389,225.9870582442759
119.0,2001092812.0,7.601795523812104,20.0,100.3462021112321,-40.403963051866214,238.497614219457,-9.61520631897121,36.86497892801326
119.0,2001092818.0,9.266243887046516,15.0,126.49595057933435,-6.671972568432953,193.57242457985998,-1.9740652359290327,36.86497892801326
119.0,2001092900.0,11.244185440600992,12.0,151.3872093946261,-29.24164226870358,138.01198791996245,-11.962772254992133,4.763921076988197
119.0,2001092906.0,16.24490899975414,12.0,151.3872093946261,-47.463068295490004,72.92954195683082,-33.05636665883731,4.763921076988197
119.0,2001092912.0,18.550035706841772,12.0,151.3872093946261,-17.802111822365674,58.39580957590784,-16.953976645900156,3.365978682664604
208.0,2002070912.0,5.397309635470234,22.0,92.93511238619287,244.98248512740957,273.45534316359465,41.856445936938655,3.365978682664604
208.0,2002070918.0,16.362309331308555,22.0,92.93511238619287,218.27736162207003,260.2271043278892,39.989777655754295,172.64733028915617
208.0,2002071000.0,15.57618741855026,22.0,92.93511238619287,-215.03508351017516,218.30340049207268,-44.567873093519644,172.64733028915617
208.0,2002071006.0,40.635141839180086,22.0,92.93511238619287,-234.5291129351021,246.69676997342097,-43.55160142272013,314.99928838855516
216.0,2002090700.0,26.655328028390695,50.0,47.99093740128585,68.3460076009075,266.9736703373047,14.359487199476602,314.99928838855516
216.0,2002090706.0,18.131349688174744,50.0,47.99093740128585,57.06606574887697,122.15600803917046,25.039971186846973,311.98263124124185
216.0,2002090712.0,26.449596160343347,40.0,57.43436099052307,62.39277993788686,62.3953183504655,44.99883450161198,311.98263124124185
216.0,2002090718.0,31.254671616911267,25.0,83.84716432679616,151.87420429316677,170.52140930828912,41.689728180986585,322.4359192023136
311.0,2003081918.0,45.332856656468635,20.0,100.3462021112321,92.03830527522338,246.14665699399058,20.501601358292568,322.4359192023136
311.0,2003082000.0,35.613468077435975,20.0,100.3462021112321,101.06759959298735,101.08770100923805,44.99430276472507,15.937440693554372
407.0,2004070200.0,11.245424764423737,25.0,83.84716432679616,70.22966305206278,226.071069424774,17.25756540881979,15.937440693554372
407.0,2004070206.0,13.39540729980167,25.0,83.84716432679616,52.36293205339431,162.46739325481389,17.864032498178833,118.26443199832553
407.0,2004070212.0,12.972741441865145,23.0,89.66835004458707,-68.91729550603529,89.04332733429149,-37.738969776124286,314.99986139795857
407.0,2004070218.0,16.679238996683953,23.0,89.66835004458707,-66.01129560040812,67.92312771250133,-44.18219327432143,314.99986139795857
407.0,2004070300.0,25.26566864108574,23.0,89.66835004458707,-126.11566891468335,134.74115443211755,-43.10614913551818,321.3430341172845
414.0,2004081206.0,27.0543679219362,60.0,41.4398648134883,186.3193660931748,230.04401284989848,39.0050234343029,321.3430341172845
414.0,2004081212.0,21.212564253179437,60.0,41.4398648134883,180.40096404978257,203.14767122420045,41.60599610810618,308.6679366255852
414.0,2004081218.0,20.328199533757562,30.0,72.40148542303059,165.98923846867066,189.61867559100466,41.198398194205204,308.6679366255852
418.0,2004082412.0,13.514929897435008,45.0,52.23889874427604,-94.62138642287398,281.83322757966437,-18.55872398024694,315.0169115271576
418.0,2004082418.0,11.708992026221905,45.0,52.23889874427604,-118.10141759925682,208.70452028909608,-29.50459187397935,315.0169115271576
418.0,2004082500.0,16.7271113972991,45.0,52.23889874427604,-121.55051449277799,158.94120492491876,-37.407003488142244,336.8211406964803
418.0,2004082506.0,24.471246382653792,42.0,55.22228941850776,113.19574949826446,126.82515825014741,41.74999193528849,336.8211406964803
418.0,2004082512.0,51.37234462384024,40.0,57.43436099052307,207.71138229989918,235.44984842996374,41.41839970893546,148.11501038126198
421.0,2004091118.0,9.418085680582662,14.0,133.7202001013979,-222.1830622908775,299.6330766220975,-36.557568497354836,270.01064727495424
421.0,2004091200.0,9.266243887046516,14.0,133.7202001013979,-186.15118584602646,261.7061551867193,-35.42418395504673,270.01064727495424
421.0,2004091206.0,13.079688450819939,14.0,133.7202001013979,162.6712820108271,223.46802411661733,36.05236591238025,285.2469200539761
421.0,2004091212.0,11.60452629876247,14.0,133.7202001013979,141.51946822375854,175.93787133395995,38.812219223669715,285.2469200539761
421.0,2004091218.0,16.22828938899301,14.0,133.7202001013979,132.45166492734708,145.22471713633553,42.36626340198194,276.3339528477672
421.0,2004091300.0,17.428268473868542,14.0,133.7202001013979,131.75370499289286,141.98469286308065,42.859563332631204,276.3339528477672
421.0,2004091306.0,16.249695273957354,12.0,151.3872093946261,111.72538697974852,152.0488795614227,36.30841404723678,255.9521726133467
425.0,2004102506.0,17.459007695741885,40.0,57.43436099052307,-180.0286918418965,180.127782075861,-44.984236151603454,255.9521726133467
425.0,2004102512.0,33.34867190396324,30.0,72.40148542303059,-182.97637111610206,194.78463200597747,-43.20960003851927,79.0232911137172
505.0,2005071812.0,10.274708004555498,40.0,57.43436099052307,-207.4511917996805,239.29191818955547,-40.923251056421016,79.0232911137172
505.0,2005071818.0,8.726865515508868,40.0,57.43436099052307,-161.77774620864648,216.31322606051074,-36.79231922011558,224.99538896723317
505.0,2005071900.0,15.653527946600256,40.0,57.43436099052307,88.84188158301957,183.9349578183455,25.780870194067948,224.99538896723317
505.0,2005071906.0,12.456578323207978,35.0,63.95217374784219,105.36330780990691,107.82301451856917,44.33896059292436,2.3858461843450036
505.0,2005071912.0,10.627162737716906,30.0,72.40148542303059,65.60868961262098,110.2067110217349,30.766349710186187,2.3858461843450036
505.0,2005071918.0,18.527217498918333,20.0,100.3462021112321,117.98669418631926,163.84046553250437,35.758852226818234,200.09184833817116
509.0,2005080506.0,19.7217701132894,60.0,41.4398648134883,166.99133846633623,264.3889903328728,32.27701037924135,69.4622016221957
509.0,2005080512.0,14.761775126347088,60.0,41.4398648134883,165.88669594528812,193.74045576483778,40.57118211067596,69.4622016221957
509.0,2005080518.0,13.490176133306742,60.0,41.4398648134883,174.9404314794909,174.942166532834,44.999715872597406,274.74564415494115
509.0,2005080600.0,12.328317953784596,40.0,57.43436099052307,173.3124224260068,200.8907976838944,40.78498292248013,274.74564415494115
513.0,2005090100.0,22.538697880498006,50.0,47.99093740128585,194.98836036501123,271.34535171212525,35.70096713399923,341.5689996483363
513.0,2005090106.0,28.35337632749054,40.0,57.43436099052307,189.50737469442518,195.364763269512,44.12807994126832,341.5689996483363
515.0,2005091100.0,23.688110275564288,65.0,38.853919355861585,212.36463136038697,235.68238345451525,42.020838195375184,63.44294126508973
515.0,2005091106.0,61.787345678828416,65.0,38.853919355861585,31.64462730123453,228.1918624682642,7.895169099716991,63.44294126508973
601.0,2006051806.0,41.94603175530839,14.0,133.7202001013979,117.38096074457259,148.51707653992287,38.32119712149608,40.23848449718219
604.0,2006071318.0,16.81408159144537,35.0,63.95217374784219,-115.39890752385405,210.97585796016347,-28.67763784439709,40.23848449718219
604.0,2006071400.0,26.329646974432134,35.0,63.95217374784219,-79.46820401460555,138.8054796993964,-29.791779855177783,205.6350474656537
604.0,2006071406.0,33.93197544730212,30.0,72.40148542303059,30.13712626956597,84.97713353921397,19.52704276553519,205.6350474656537
608.0,2006081000.0,23.424349562554855,95.0,28.62612637867196,60.58972211115901,205.45833654589194,16.43080325252174,342.8963837966075
608.0,2006081006.0,20.141317115014356,90.0,29.899564757820535,48.7435350086725,85.38242766620064,29.721391572690464,342.8963837966075
608.0,2006081012.0,23.301256025237276,60.0,41.4398648134883,38.92318622468948,76.02950592191891,27.110105348552885,6.340378756427566
709.0,2007081806.0,8.755847372551933,50.0,47.99093740128585,269.8450395941869,298.5287502608774,42.11094615837364,6.340378756427566
709.0,2007081812.0,13.950843597375924,40.0,57.43436099052307,243.67206131888173,276.7753609275757,41.36057804249339,27.88514621156135
709.0,2007081818.0,10.068791079063365,35.0,63.95217374784219,238.54851906203834,241.29607023814907,44.67193260172289,27.88514621156135
709.0,2007081900.0,8.7057310221642,20.0,100.3462021112321,241.12178188281763,251.55032344146102,43.78738374668935,193.6311077854275
713.0,2007091806.0,22.468987336541915,75.0,34.626274653077736,20.300621905462883,250.22118919714836,4.6382881824705615,193.6311077854275
713.0,2007091812.0,21.302044075917202,70.0,36.603799205979946,50.682170491457235,116.34297572488343,23.539253590844663,331.38709366962763
713.0,2007091818.0,19.681641468606585,60.0,41.4398648134883,56.66766238178075,57.28325042542032,44.690478532869285,331.38709366962763
716.0,2007100606.0,6.27485170554629,75.0,34.626274653077736,-294.7973464966915,296.28005000818814,-44.85627520897575,355.6016979811345
716.0,2007100612.0,25.988556699539952,70.0,36.603799205979946,-8.948111357843553,298.6277039938646,-1.7163031169618395,355.6016979811345
716.0,2007100618.0,11.165471069356974,50.0,47.99093740128585,-51.829822055133576,142.87793611530466,-19.938541426979416,352.4121557873459
716.0,2007100700.0,18.53248777409315,40.0,57.43436099052307,-17.71369335734555,83.81653161865528,-11.933232298428445,352.4121557873459
716.0,2007100706.0,11.3742039911789,35.0,63.95217374784219,31.049381173092623,32.98696070483421,43.26690178943303,205.52831527800137
716.0,2007100712.0,4.054672311450633,25.0,83.84716432679616,13.7867790918644,87.78842894632965,8.925147167509147,35.68380728901734
716.0,2007100718.0,8.5993911424752,20.0,100.3462021112321,-106.8175985717013,111.92496739288234,-43.662457319868444,18.420010844209266
716.0,2007100800.0,11.339489611255885,15.0,126.49595057933435,-82.26363874748881,140.23104442415416,-30.39713472131173,18.420010844209266
807.0,2008071718.0,10.548628857808003,30.0,72.40148542303059,-9.643064330829091,240.45379346686818,-2.296536754357412,174.14150236962632
807.0,2008071800.0,19.459403392741418,25.0,83.84716432679616,-18.108278816465297,177.243266409679,-5.833454363096512,345.9661522441985
807.0,2008071806.0,18.560393212563525,25.0,83.84716432679616,-33.20683392063474,62.12496219818305,-28.125250923506474,345.9661522441985
807.0,2008071812.0,9.266243887046574,20.0,100.3462021112321,-64.03747308154477,66.00812003606887,-44.13183438635326,41.42955281527008
807.0,2008071818.0,15.621808178936034,15.0,126.49595057933435,-87.67262440332514,96.99772346474728,-42.10925222816648,41.42955281527008
808.0,2008072806.0,18.712351799180375,40.0,57.43436099052307,-199.7689060958411,271.3825105054841,-36.35736512383673,224.99987644370785
808.0,2008072812.0,23.51139562768662,35.0,63.95217374784219,170.77971848152885,207.18201183061745,39.49869055649762,224.99987644370785
808.0,2008072818.0,16.09021158815572,25.0,83.84716432679616,144.65757858075023,160.19422147751223,42.082469099140226,270.0013327305434
808.0,2008072900.0,11.384432257420691,20.0,100.3462021112321,168.6076981625326,212.7771846016299,38.39381080920738,270.0013327305434
813.0,2008091318.0,2.5043205361156238,60.0,41.4398648134883,-251.30557482147495,255.16423215883918,-44.56348730073683,288.43789827426605
813.0,2008091400.0,16.76352356416911,50.0,47.99093740128585,111.25168425056742,259.6377945555828,23.194552947549184,288.43789827426605
813.0,2008091406.0,5.351377358496993,40.0,57.43436099052307,-152.92969007694052,171.73233486644256,-41.685444992857235,263.66383087542783
813.0,2008091412.0,11.424462046120203,35.0,63.95217374784219,-11.084639740588537,162.46739325481389,-3.9030623749275457,263.66383087542783
813.0,2008091418.0,8.675544447735154,35.0,63.95217374784219,-93.84534637140906,94.20409455780243,-44.89069506428299,233.13094111513666
813.0,2008091500.0,12.415733351731879,30.0,72.40148542303059,-86.08146097616313,98.62982345993059,-41.113582271615435,233.13094111513666
813.0,2008091506.0,11.380010110238464,30.0,72.40148542303059,-68.47020362426686,145.20306661065612,-25.246123635817504,270.0002962680667
813.0,2008091512.0,9.91632681365027,30.0,72.40148542303059,-25.84565709591634,206.54198756172752,-7.132639113580011,270.0002962680667
813.0,2008091518.0,55.96954790502975,25.0,83.84716432679616,-218.61853680724928,265.6501374838328,-39.452898240991765,270.00078126260155
815.0,2008092812.0,12.216290966606877,60.0,41.4398648134883,-5.76350614420179,295.26346601692643,-1.1182644773739336,270.00078126260155
815.0,2008092818.0,15.656191011735741,50.0,47.99093740128585,17.426071584476027,221.99529563567359,4.488370588995193,270.00078147669905
815.0,2008092900.0,18.641308694489748,30.0,72.40148542303059,-108.16225828120794,128.44842925695076,-40.09964434386135,85.42064315590663
815.0,2008092906.0,16.331270850071615,25.0,83.84716432679616,-89.29170846351326,106.56143724524404,-39.9608672298181,40.59561105390453
815.0,2008092912.0,11.073876034554035,20.0,100.3462021112321,-60.267960613146705,175.96567254303415,-18.906249786164743,108.43216653157582
903.0,2009062118.0,17.903468601740357,20.0,100.3462021112321,-40.94265924490037,237.15795036204108,-9.794925229762617,218.152279228233
903.0,2009062200.0,31.54320134680791,15.0,126.49595057933435,-53.008985706541196,132.37768703314313,-21.82301400473661,129.83680320777228
903.0,2009062206.0,24.55740772404705,15.0,126.49595057933435,-74.9960039145527,85.63845686360418,-41.20954430411752,129.83680320777228
908.0,2009080800.0,12.512467448560072,40.0,57.43436099052307,-75.45066678577223,250.49609220665621,-16.762562137636507,354.2908434344866
908.0,2009080806.0,7.663438066329001,40.0,57.43436099052307,-123.90175962244764,180.17246377264715,-34.51568958366063,354.2908434344866
908.0,2009080812.0,5.806123640940718,40.0,57.43436099052307,-30.191193161790075,149.8571599915875,-11.390700597637716,306.87207971499623
908.0,2009080818.0,5.804916603229796,40.0,57.43436099052307,-30.227694692535742,115.79776355497812,-14.629945486631572,306.87207971499623
908.0,2009080900.0,8.93758458949297,35.0,63.95217374784219,52.91415538165893,82.38084857884415,32.71309421039695,330.2544063697303
908.0,2009080906.0,8.927988855873584,35.0,63.95217374784219,50.23118143292156,50.741048712023876,44.71068287913705,330.2544063697303
908.0,2009080912.0,9.412349174540308,35.0,63.95217374784219,61.25652066041883,63.94222918175167,43.77110461250171,338.1982979052225
908.0,2009080918.0,9.411054498555302,25.0,83.84716432679616,-86.6327207932483,96.22995235992413,-41.99568640271157,338.1982979052225
908.0,2009081000.0,18.81815450938453,23.0,89.66835004458707,-90.26591374786547,133.79369124529816,-34.00615974659641,281.3112709296923
1008.0,2010083000.0,6.912957244065054,10.0,175.31944474510186,4.905117381694826,284.1311527674925,0.9890313204610155,281.3112709296923
1008.0,2010083006.0,13.448118880209739,10.0,175.31944474510186,-83.03512970104934,242.65544162235125,-18.890616288553407,236.31034687481724
1008.0,2010083012.0,11.447597114049847,14.0,133.7202001013979,-128.79803750450492,170.99165561715665,-36.9885819846872,236.31034687481724
1008.0,2010083018.0,9.141700468714154,15.0,126.49595057933435,-129.73011731511818,141.78573900419946,-42.45767018101607,195.94486563619432
1008.0,2010083100.0,12.290904381857063,15.0,126.49595057933435,-134.0879187802898,134.83150452665407,-44.84157255779723,168.69205977091335
1008.0,2010083106.0,8.583352369577629,15.0,126.49595057933435,140.44375445568434,150.92028086233756,42.94071270384958,66.46557612346018
1008.0,2010083112.0,16.836253358988554,15.0,126.49595057933435,110.56548206968452,176.39486473219023,32.07976121700728,310.9347877346817
1008.0,2010083118.0,11.61503162461099,14.0,133.7202001013979,227.59010774074014,262.3897065623055,40.93753109541207,310.9347877346817
1010.0,2010091000.0,24.321257174961122,25.0,83.84716432679616,-168.85784158279213,229.81148039757716,-36.307209783850105,172.87404673824108
1010.0,2010091006.0,21.424462861640862,15.0,126.49595057933435,-155.2110180053026,163.0931839818563,-43.581474689847155,302.0055503303037
1010.0,2010091012.0,26.000197436972925,10.0,175.31944474510186,-168.93224741686575,177.96105144930408,-43.509064317987495,302.0055503303037
1111.0,2011083006.0,3.706497554818571,18.0,109.22843718657725,-156.05136132134876,297.6476854882105,-27.6672193583573,336.36682209787966
1111.0,2011083018.0,4.0709872181204485,18.0,109.22843718657725,236.9265130984506,268.87983994473217,41.3852547254836,336.36682209787966
1111.0,2011083100.0,20.28096507733064,14.0,133.7202001013979,209.50197356706008,256.23728665768795,39.26975008939216,353.993123239966
1205.0,2012062012.0,32.178309724416145,15.0,126.49595057933435,210.01207565965436,218.3923922984405,43.879340485961464,353.993123239966
1209.0,2012080206.0,17.91280723271753,35.0,63.95217374784219,21.755290143852193,248.6625373707954,5.000031345543191,209.75342971113972
1209.0,2012080212.0,16.23518125046432,35.0,63.95217374784219,-30.424809439028905,141.78573900419946,-12.111041581404658,32.00524018646006
1209.0,2012080218.0,16.240193003372962,30.0,72.40148542303059,-5.89806327894063,51.454732404958406,-6.539060999182537,32.00524018646006
1209.0,2012080300.0,29.501337568276313,25.0,83.84716432679616,29.88499813789134,46.57912821477294,32.684082179324825,0.0
1307.0,2013071218.0,26.28158195135929,60.0,41.4398648134883,-141.78044719040614,298.57972959810206,-25.400683952765544,0.0
1307.0,2013071300.0,22.35170224858477,50.0,47.99093740128585,-93.76330525861536,180.17246377264715,-27.492858050302303,128.061478734508
1307.0,2013071306.0,23.612239336954357,35.0,63.95217374784219,86.08002724173728,93.24943269453051,42.710593488900756,128.061478734508
1307.0,2013071312.0,15.098947100351088,25.0,83.84716432679616,33.51396053678254,192.8902143561958,9.856533311949027,284.0360873197411
1312.0,2013082106.0,28.915979361317326,35.0,63.95217374784219,-62.48916539316268,262.4612904909429,-13.392163478301343,284.0360873197411
1312.0,2013082112.0,23.65131095235583,45.0,52.23889874427604,-87.76842540673722,105.36318613092904,-39.79458409756035,326.31601545926384
1312.0,2013082118.0,20.771506761767217,54.0,45.10795202575687,116.74593510272723,127.9788668419462,42.37195347660577,326.31601545926384
1315.0,2013082900.0,18.6076944798709,20.0,100.3462021112321,197.6284817058402,267.95119094236827,36.41077975510344,290.55147784617145
1315.0,2013082906.0,11.242713013579463,16.0,120.0918404217308,185.35475945470404,204.28467731171105,42.21857654892226,290.55147784617145
1315.0,2013082912.0,12.933242174862286,16.0,120.0918404217308,-150.4941735460948,184.93672486507128,-39.13732954153367,246.02358637267275
1315.0,2013082918.0,46.59961903053506,16.0,120.0918404217308,-216.7655870981863,235.68238345451525,-42.605864593320234,246.02358637267275
1323.0,2013100606.0,23.764086736079182,55.0,44.44655669143675,82.48467484601353,262.0060696888471,17.475029432306215,198.42429670277014
1323.0,2013100612.0,27.010018091833686,55.0,44.44655669143675,40.58791129917977,136.24235739765103,16.589301343825994,198.42429670277014
1323.0,2013100618.0,23.412707121272046,45.0,52.23889874427604,53.20553907903773,56.417956672897866,43.32147925356652,80.54258223097011
1323.0,2013100700.0,16.95194832612835,15.0,126.49595057933435,57.40700460107743,165.36022584263316,19.145125536645452,80.54258223097011
1323.0,2013100706.0,24.845077220387164,10.0,175.31944474510186,140.57162440756727,262.40244491903957,28.17840111815714,344.0574373930192
1407.0,2014061612.0,29.97828034314149,12.0,151.3872093946261,-10.86957921401823,165.48749604152601,-3.7579137402688336,344.0574373930192
1407.0,2014061618.0,42.16656139574013,12.0,151.3872093946261,-13.481581040437582,18.76270398993132,-35.69841004002875,248.18772073093243
1410.0,2014072300.0,12.999980368359642,35.0,63.95217374784219,169.24601575928193,251.40194487512815,33.94878907112702,248.18772073093243
1410.0,2014072306.0,19.886861879991756,30.0,72.40148542303059,191.32295845644498,196.82656885376892,44.18765193324475,194.0294710214066
1410.0,2014072312.0,17.439164341074115,22.0,92.93511238619287,187.4064745220498,194.1912335348487,43.981395608838774,194.0294710214066
1410.0,2014072318.0,24.595769166772545,20.0,100.3462021112321,232.52157024901715,234.33891150370928,44.77696664857508,68.24316935232692
1416.0,2014092118.0,26.156278682878483,25.0,83.84716432679616,156.49653651650644,184.84144063555703,40.25301647657612,327.99646750049936
1416.0,2014092200.0,18.53248777409315,25.0,83.84716432679616,-147.83753918788537,162.23457974535313,-42.34159379757444,327.99646750049936
1513.0,2015080812.0,23.934505650800862,35.0,63.95217374784219,210.32751776762353,210.97032167173157,44.91257984558093,329.04869914150936
1513.0,2015080818.0,51.457886997828616,25.0,83.84716432679616,202.14862959179376,234.2062286298727,40.798210598723344,329.04869914150936
1521.0,2015092812.0,15.343619607945476,50.0,47.99093740128585,-285.3525430843356,297.1723907768277,-43.83758714911231,307.9101545564902
1521.0,2015092818.0,21.967607916091918,35.0,63.95217374784219,201.50442719757257,285.8729541086669,35.179015872458095,307.9101545564902
1521.0,2015092900.0,15.203583570318498,28.0,76.53637190808041,78.71036821419068,205.74552241350716,20.934939193515874,158.67122612278112
1601.0,2016070900.0,10.02269692984588,20.0,100.3462021112321,282.6537861282301,292.9048274322896,43.97963596518479,302.46441909806384
1601.0,2016070906.0,12.517044789506604,18.0,109.22843718657725,274.5349286712659,277.37805712568405,44.704848727400105,302.46441909806384
1616.0,2016091706.0,9.41588501184547,70.0,36.603799205979946,210.96241074933542,279.02433996105896,37.09189500510071,314.9987628574337
1616.0,2016091712.0,7.412995109637378,65.0,38.853919355861585,-228.74666356951752,244.02016157022203,-43.14961062627691,314.9987628574337
1616.0,2016091718.0,64.57032352962533,65.0,38.853919355861585,-146.9858653906714,230.30679986780316,-32.546737689459185,321.3395188292239
1709.0,2017072912.0,26.28158195135929,45.0,52.23889874427604,-164.1655834999376,255.16423215883918,-32.75610413020498,321.3395188292239
1709.0,2017072918.0,20.09727042851028,35.0,63.95217374784219,154.73384969804718,171.8120604736925,42.00618297275002,306.870778125509
1709.0,2017073000.0,21.334409938858396,28.0,76.53637190808041,130.91742339707315,154.49149680139075,40.278228219016725,306.870778125509
1709.0,2017073006.0,32.93552963271565,20.0,100.3462021112321,157.61572578865773,240.72551492637726,33.214889838345705,18.431189424024215
1710.0,2017073018.0,22.845510606051093,20.0,100.3462021112321,153.13370358833905,172.43845897617106,41.60662802233965,18.431189424024215
1710.0,2017073100.0,22.778888875758387,22.0,92.93511238619287,140.802182573566,151.5126298173514,42.9016149547252,141.8389523272757
1710.0,2017073106.0,55.21582906336213,20.0,100.3462021112321,172.93563621266534,230.64672593025267,36.86204168504258,279.457598565422
1808.0,2018071018.0,35.34426379682965,60.0,41.4398648134883,-27.31516602143534,194.78463200597747,-7.982683855085413,279.457598565422
1808.0,2018071100.0,29.923818747998027,50.0,47.99093740128585,26.68600617675623,35.81030492235813,36.69365084083288,286.69161779033783
1814.0,2018081212.0,34.29487166760112,25.0,83.84716432679616,200.49447283610016,218.50973485092413,42.53806018396232,286.69161779033783
