7004.0,1970080118.0,20.352143326993016,14.0,133.7202001013979,-186.55339559618983,268.18610203259794,-34.82292715283305,290.00520077145694
7004.0,1970080200.0,18.023571301820187,18.0,109.22843718657725,176.51012710371037,200.1745224428727,41.40524122639366,290.00520077145694
7004.0,1970080206.0,17.099892535315103,20.0,100.3462021112321,169.58105119865755,173.0982766792341,44.41194264415406,299.09569390388486
7004.0,1970080212.0,64.78902943660317,20.0,100.3462021112321,51.57265091902076,212.1805117158631,13.66140836250591,299.09569390388486
7004.0,1970080100.0,11.625138097540178,9.0,190.8380043790661,-184.07948977195755,190.9386746725579,-43.95216134170461,293.9847503670927
7004.0,1970080106.0,9.862343101827404,12.0,151.3872093946261,-177.40726118128183,217.73334738859157,-39.17285204557015,293.9847503670927
7004.0,1970080112.0,9.417601682599662,12.0,151.3872093946261,-209.1845281817787,255.83218495860652,-39.271598302878665,77.89500946840252
7004.0,1970080118.0,9.167072501430924,13.0,141.94028990686283,237.07950001202283,292.328242354671,39.04220561303035,77.89500946840252
7004.0,1970080200.0,7.663438066329001,11.0,162.3711905190999,-249.57274467712386,267.5029461054573,-43.01399791455568,18.419144951715857
7010.0,1970090706.0,8.590076090508862,25.0,83.84716432679616,200.2520098838815,284.0681489415909,35.181676118634016,18.419144951715857
7010.0,1970090712.0,13.536878838558389,22.0,92.93511238619287,191.40452527203826,252.53603501770922,37.15956395796921,21.78994553716059
7010.0,1970090718.0,11.878704301232942,20.0,100.3462021112321,168.27566831685505,213.0076993013032,38.30866697869596,21.78994553716059
7010.0,1970090800.0,15.55228941271807,15.0,126.49595057933435,166.7621358260207,180.00026653150363,42.81371667782206,11.306256496400282
7010.0,1970090806.0,12.212947414184441,14.0,133.7202001013979,-6.896631368782653,168.25597810130128,-2.3471784043157404,11.306256496400282
7010.0,1970090812.0,16.92335187431334,14.0,133.7202001013979,95.02471303342737,95.06234780830192,44.98865617825058,291.8011483867924
7010.0,1970090818.0,14.655444484942885,14.0,133.7202001013979,82.96772552859821,132.80743191947295,31.993928095506433,291.8011483867924
7010.0,1970090900.0,9.264939372656881,13.0,141.94028990686283,86.58520680536917,207.0646742477065,22.69250543453306,116.57694472028456
7010.0,1970090906.0,5.098620458935094,13.0,141.94028990686283,9.939430721711624,258.12846438219276,2.205127684265193,116.57694472028456
7011.0,1970091406.0,12.972741441865262,25.0,83.84716432679616,-288.51460036700377,288.68185043131484,-44.983397814510354,281.3070751674472
7114.0,1971072106.0,17.6598598700563,55.0,44.44655669143675,270.44778563744217,270.5035672822905,44.99409179255117,281.3070751674472
7114.0,1971072112.0,11.741874517855221,55.0,44.44655669143675,283.5737226160113,285.34215438811685,44.821900996867896,277.11735292767696
7114.0,1971072000.0,2.514114904536584,13.0,141.94028990686283,-134.81613176213517,180.7637864587416,-36.716085001594166,277.11735292767696
7114.0,1971072006.0,5.812761998369727,18.0,109.22843718657725,-180.83579386896673,190.54208212835232,-43.50286510839073,261.8593352270141
7114.0,1971072012.0,5.811615957549233,20.0,100.3462021112321,-180.88059839110747,203.2567621362956,-41.666263780794885,261.8593352270141
7114.0,1971072018.0,14.620435646446198,20.0,100.3462021112321,-153.44622461861343,220.75656828161746,-34.80287223101737,257.4552382026677
7114.0,1971072100.0,35.0069919386243,18.0,109.22843718657725,-134.46483232278072,289.1336819951517,-24.941306652471596,257.4552382026677
7115.0,1971072600.0,21.483577251214044,50.0,47.99093740128585,121.44352598090708,143.68048508496415,40.2056066135229,153.4526881899474
7115.0,1971072606.0,27.59458634507634,35.0,63.95217374784219,116.49516536713934,132.74732597026932,41.269240386566324,153.4526881899474
7115.0,1971072612.0,19.879315982341694,30.0,72.40148542303059,124.87776372608097,164.67785661918813,37.1736044639475,246.00000780289028
7122.0,1971091818.0,15.430847329776427,30.0,72.40148542303059,153.89340531686068,283.8868041962293,28.461866698370187,246.00000780289028
7122.0,1971091900.0,15.393503308518381,25.0,83.84716432679616,155.00264546437143,214.78941526658477,35.8160763032208,249.4029158529503
7122.0,1971091906.0,20.297116958397115,20.0,100.3462021112321,106.09975596265276,170.4478650436744,31.901285026417025,249.4029158529503
7122.0,1971091912.0,5.011354670990271,12.0,151.3872093946261,80.94536913904058,111.23661187709338,36.04287235836774,248.1580797643545
7122.0,1971091918.0,44.395259032987276,9.0,190.8380043790661,-91.36872271080055,91.97288243581896,-44.81119573446946,248.1580797643545
7204.0,1972071106.0,10.251174567796573,25.0,83.84716432679616,103.6762376996235,287.29975410455074,19.84270575951221,270.00816651113405
7204.0,1972071112.0,5.056182600032078,25.0,83.84716432679616,51.285957230401195,231.2907415010104,12.502369252864368,270.00816651113405
7204.0,1972071118.0,5.818682760011934,25.0,83.84716432679616,-41.12986238351882,201.8408121356929,-11.517685458727666,0.0
7204.0,1972071200.0,4.083369489472671,25.0,83.84716432679616,143.7896385945209,167.68390588282548,40.61322447925713,0.0
7204.0,1972071206.0,5.458884667920369,25.0,83.84716432679616,143.96478912062128,154.9673728777978,42.89210645319338,141.48044775769
7204.0,1972071212.0,5.455377235225055,25.0,83.84716432679616,141.74800071758926,167.8993283096297,40.17252924480739,281.31094757756443
7204.0,1972071218.0,7.568063743709064,25.0,83.84716432679616,46.87003233801482,185.69926038421377,14.165457545750314,281.31094757756443
7204.0,1972071300.0,4.083885749520102,25.0,83.84716432679616,228.378447755781,229.97261705545685,44.80072304525891,296.6282575519034
7204.0,1972071306.0,3.901246559500701,25.0,83.84716432679616,214.84151638178145,235.86694173319628,42.32910401900531,296.6282575519034
7204.0,1972071312.0,5.476205237564195,25.0,83.84716432679616,203.85149999282396,228.90275296009432,41.6869626324648,64.74149347995453
7204.0,1972071318.0,6.873207420903295,25.0,83.84716432679616,172.88143983093298,218.0547841091718,38.40860820433257,44.96154109311913
7204.0,1972071400.0,7.804632437489114,25.0,83.84716432679616,115.87234772176618,197.20693082661353,30.437103083294698,44.96154109311913
7204.0,1972071406.0,18.86191499428865,23.0,89.66835004458707,85.05320663001231,161.78349085691173,27.731910795865513,18.415911747324248
7204.0,1972071412.0,18.723502990131095,23.0,89.66835004458707,-72.45414854056236,86.52977248318933,-39.9405164141873,18.415911747324248
7204.0,1972071418.0,20.663502650929725,23.0,89.66835004458707,-83.89033197603739,91.32960786770977,-42.56886528797622,18.41992241363482
7301.0,1973070206.0,11.252024892692665,28.0,76.53637190808041,76.12757427782412,246.96627579746985,17.13196082900532,18.41992241363482
7301.0,1973070212.0,14.924667525329882,28.0,76.53637190808041,-25.243289575960407,183.29019515725133,-7.841620312854863,29.73624882165659
7301.0,1973070218.0,15.212356595537342,30.0,72.40148542303059,-13.851446794100545,95.13487452568086,-8.283941315270585,29.73624882165659
7301.0,1973070300.0,17.434826039308135,32.0,68.73601561075849,-12.567082850137629,13.246334788740505,-43.49267187466245,214.46014762519167
7301.0,1973070306.0,17.42431383778766,32.0,68.73601561075849,-13.694432925543518,101.55326092840734,-7.679993593008529,214.46014762519167
7304.0,1973071706.0,23.82647953624669,28.0,76.53637190808041,-147.62177818914563,279.2672090384015,-27.86111165905137,340.02837620962964
7304.0,1973071712.0,25.073187488003757,26.0,81.24123960938374,-144.4258341894439,178.63112407846347,-38.95603779846464,340.02837620962964
7304.0,1973071718.0,32.5529670933199,25.0,83.84716432679616,-156.19209537111345,161.65676776378882,-44.015029290658184,291.78615760302773
7310.0,1973082012.0,57.20734325386994,15.0,126.49595057933435,-173.69392102093812,278.5364139018963,-31.947459487929276,291.78615760302773
7310.0,1973082000.0,13.082663139381737,15.0,126.49595057933435,-197.2132618898543,200.9625512496716,-44.46050940102423,289.9745260538639
7310.0,1973082006.0,8.143087135931612,15.0,126.49595057933435,-153.50992030666555,228.31196604498368,-33.91566867147612,289.9745260538639
7310.0,1973082012.0,13.591045421109918,15.0,126.49595057933435,94.43258105017581,266.0947513840627,19.53892357081023,108.90163201852565
7310.0,1973082018.0,9.861428403646313,12.0,151.3872093946261,-100.36280497086626,192.88692043139517,-27.488834463099252,296.56922673866796
7310.0,1973082100.0,4.0743095235897115,10.0,175.31944474510186,-89.70622033502424,145.32672529033502,-31.68590099279324,296.56922673866796
7310.0,1973082106.0,5.0220768770857465,10.0,175.31944474510186,-55.929992978500145,127.07213054334743,-23.75639030116713,296.565531222213
7315.0,1973100912.0,15.690549013253543,35.0,63.95217374784219,81.2189787738708,218.00237784021311,20.433384104852465,296.565531222213
7315.0,1973100918.0,18.014312714888447,35.0,63.95217374784219,72.80168549024667,134.19507195082934,28.480114489495424,265.21309959944347
7315.0,1973101000.0,26.241945958081942,35.0,63.95217374784219,61.45826363541967,71.75076259171287,40.58177537310219,265.21309959944347
7315.0,1973101006.0,61.85544032071254,20.0,100.3462021112321,-29.305731393906978,140.3798329943009,-11.791730887328251,224.97672621284923
7412.0,1974081006.0,12.972741441865262,16.0,120.0918404217308,-147.7320178311539,235.51358569329946,-32.09906144527933,224.97672621284923
7412.0,1974081012.0,13.084505999702706,16.0,120.0918404217308,128.12846454955744,178.87935144650697,35.6134293051109,67.41022650167727
7412.0,1974081018.0,8.155131648913974,17.0,114.3717338112809,102.76337093206341,133.77921102330808,37.52990241566075,67.41022650167727
7412.0,1974081100.0,11.24764044829292,17.0,114.3717338112809,109.27364548335737,109.55141921204051,44.927269511895275,224.12293966793717
7412.0,1974081106.0,11.618967028142523,20.0,100.3462021112321,119.82454292558995,125.59778538104445,43.65243951153126,58.96278450362468
7412.0,1974081112.0,17.71468831991411,20.0,100.3462021112321,164.22433071610104,164.28456586232875,44.9894942887256,58.96278450362468
7426.0,1974110812.0,11.639862490682487,21.0,96.48139057295128,159.54918483859376,248.57690245729202,32.694392889052565,44.910948298899555
7426.0,1974110818.0,7.575594562590616,20.0,100.3462021112321,193.99796699930448,197.37778722714762,44.50522070204216,44.910948298899555
7426.0,1974110900.0,7.102171251547645,18.0,109.22843718657725,89.44041387451628,190.61891437362087,25.136467087461476,18.386566873538367
7426.0,1974110906.0,8.834669789472978,18.0,109.22843718657725,0.19100372082284164,228.6307205835719,0.047866290673955224,18.386566873538367
7426.0,1974110912.0,20.385736551502465,12.0,151.3872093946261,-225.22278537162003,281.6361647334114,-38.64912035431224,333.4934251735782
7503.0,1975080306.0,19.4145433944435,60.0,41.4398648134883,113.93566070799618,285.299666640767,21.769511469244424,333.4934251735782
7503.0,1975080312.0,17.762990277555144,40.0,57.43436099052307,118.73854392824383,186.703305026575,32.45532070556226,288.4677110952233
7503.0,1975080318.0,23.97603336268878,35.0,63.95217374784219,130.09411426603683,130.3419562728903,44.94547492341339,288.4677110952233
7503.0,1975080400.0,35.89867371662711,25.0,83.84716432679616,159.2209659208855,196.49595247955764,39.01790210809324,288.4658596875681
7506.0,1975081512.0,17.838553457179742,15.0,126.49595057933435,-94.64921374001472,176.56025875679384,-28.194563995970675,288.4658596875681
7506.0,1975081518.0,20.74228720852628,15.0,126.49595057933435,-93.48318117288602,107.56717786338857,-40.99285741345263,224.91710707154877
7506.0,1975081600.0,15.27213262332137,15.0,126.49595057933435,-124.29674548193766,125.3445834662454,-44.75950960605533,224.91710707154877
7506.0,1975081606.0,9.210605621322932,15.0,126.49595057933435,-144.16915252373784,162.6871536783563,-41.54653300722749,153.50385279477413
7506.0,1975081612.0,9.222839594155795,15.0,126.49595057933435,-141.18654262404036,191.54699008018864,-36.39339557134356,153.50385279477413
7506.0,1975081618.0,32.23188023898536,15.0,126.49595057933435,-230.27952140790882,230.4673633055584,-44.976641084917034,116.64270497634391
7511.0,1975092212.0,17.121754314936464,45.0,52.23889874427604,-113.74259529274575,290.0028070130833,-21.415709935208447,116.64270497634391
7511.0,1975092218.0,14.077667857783583,40.0,57.43436099052307,-18.437075363433845,201.9011492496144,-5.217627124477743,108.50166736661473
7511.0,1975092300.0,19.39661539084351,30.0,72.40148542303059,-25.10034995566341,118.14656014913679,-11.994210815304672,108.50166736661473
7511.0,1975092306.0,19.497264857097687,30.0,72.40148542303059,24.658792260146917,25.890243942730333,43.60446338432489,89.9838903027265
7511.0,1975092312.0,20.110930768079715,22.0,92.93511238619287,52.60834334705125,125.77495655398035,22.69827056781255,89.9838903027265
7511.0,1975092318.0,8.784112493290891,15.0,126.49595057933435,167.27795354797766,240.01229626081596,34.874791080777634,63.37935451338365
7514.0,1975101306.0,19.32595610271206,60.0,41.4398648134883,-230.62849800299753,249.34739454500283,-42.76661593565367,63.37935451338365
7514.0,1975101312.0,17.613499517780156,50.0,47.99093740128585,230.26442980274004,231.6014941424633,44.834133834892945,48.77138892850928
7514.0,1975101318.0,31.336361905068603,45.0,52.23889874427604,251.40523825305118,260.7970011596011,43.94953976848361,48.77138892850928
7607.0,1976062800.0,8.650780394763137,30.0,72.40148542303059,289.10262417979305,289.1232787594876,44.99795336003179,29.029647400497353
7607.0,1976062806.0,8.844225143750903,30.0,72.40148542303059,-293.067266089364,293.12139087494046,-44.99470968648929,29.029647400497353
7613.0,1976081000.0,31.08031017285055,45.0,52.23889874427604,189.92671232477528,261.22352328632905,36.019621330419355,10.301058238698056
7613.0,1976081006.0,29.363287877261964,35.0,63.95217374784219,201.32546423140914,202.00648842879608,44.90325642459713,10.301058238698056
7616.0,1976082318.0,3.446214034370574,25.0,83.84716432679616,214.7464535796541,291.1067125073491,36.415817715594855,201.72683281554984
7701.0,1977061518.0,14.925645780534978,30.0,72.40148542303059,-4.740343417869556,257.98661230125754,-1.052655830494223,350.5675844857192
7701.0,1977061600.0,23.266684614000223,25.0,83.84716432679616,28.387914805431706,168.44908913370864,9.565898452421083,350.5675844857192
7701.0,1977061606.0,27.863021985662982,20.0,100.3462021112321,-29.906244388472498,37.59691319470499,-38.50028867279355,7.109634152822688
7701.0,1977061612.0,16.424577297295333,15.0,126.49595057933435,-14.283954702098711,145.13523667479632,-5.620848349695935,7.109634152822688
7701.0,1977061618.0,57.650035110896646,12.0,151.3872093946261,-196.70320041894843,243.46124460082726,-38.93629110431222,14.01831825160107
7704.0,1977072500.0,35.211726770776984,50.0,47.99093740128585,-236.928852956768,267.9283110403077,-41.48631115675326,14.01831825160107
7704.0,1977072506.0,31.63969414559755,35.0,63.95217374784219,236.46480581162777,243.45322730796033,44.16573512143748,18.424598725891705
7704.0,1977072512.0,23.89207359850313,20.0,100.3462021112321,-269.9629651504753,281.0581279882071,-43.84646864154699,18.424598725891705
7705.0,1977073118.0,18.5907918949641,60.0,41.4398648134883,145.34501822788437,266.0947513840627,28.644041207725813,18.43223423786538
7705.0,1977080100.0,24.636935404658516,45.0,52.23889874427604,168.0521287521872,186.98924100149623,41.946864433838584,18.43223423786538
7705.0,1977080106.0,30.158591309889847,30.0,72.40148542303059,188.73492938810557,190.45949107250945,44.73942278830613,237.92127233194577
7707.0,1977082018.0,9.38987825123654,25.0,83.84716432679616,-186.11970624968677,282.59769650854247,-33.36902233807715,53.96771366300659
7707.0,1977082112.0,13.962730938183467,20.0,100.3462021112321,-163.54719758594322,254.1257369620816,-32.76403695566956,53.96771366300659
7707.0,1977082118.0,21.579493030933392,20.0,100.3462021112321,-187.05949356366727,194.16005431330598,-43.932937388691315,56.31582368550001
7707.0,1977082200.0,20.66694636666817,20.0,100.3462021112321,-190.6106890816459,192.68087633857363,-44.690544092365684,56.31582368550001
7707.0,1977082206.0,11.237205720721535,20.0,100.3462021112321,-85.78838369513828,207.9170347152585,-22.421471167288363,58.00733645410653
7807.0,1978073006.0,13.176278062060293,20.0,100.3462021112321,-27.25404788642264,273.4416463450141,-5.691896811765276,58.00733645410653
7807.0,1978073012.0,16.466354299879132,17.0,114.3717338112809,-56.2464409540646,194.91658419117832,-16.09638013946339,191.49540504126654
7807.0,1978073018.0,23.761261149131958,15.0,126.49595057933435,70.25291869662323,104.95150657346281,33.797741372623854,34.693141059233874
7811.0,1978081306.0,33.71382400162325,20.0,100.3462021112321,190.40977144144284,290.6633227726508,33.228287876713665,34.693141059233874
7811.0,1978081312.0,15.066916743766877,14.0,133.7202001013979,199.78199237017247,202.00648842879608,44.682785994256925,8.124327204945875
7811.0,1978081318.0,42.94960984168199,10.0,175.31944474510186,-180.78315042930626,210.05544174323956,-40.71676571665039,8.124327204945875
7908.0,1979080118.0,30.136841912377307,85.0,31.30746122196499,-187.69499071599358,202.05790859816142,-42.88952857084561,26.554400316285772
7908.0,1979080200.0,58.49728007868392,70.0,36.603799205979946,158.6309211390738,213.7466227127765,36.58076119268112,26.554400316285772
7907.0,1979072812.0,25.739200149850035,35.0,63.95217374784219,-89.49636655118778,269.1223905082151,-18.394491288854944,262.85828701329774
7907.0,1979072818.0,18.63476468819009,30.0,72.40148542303059,-88.58165174744691,135.50641615457224,-33.172973212986996,262.85828701329774
7907.0,1979072900.0,18.778999322113503,30.0,72.40148542303059,76.21135567702123,89.37784635774318,40.4538066294897,201.78353371056014
7907.0,1979072906.0,19.15482990552363,30.0,72.40148542303059,42.871601355712066,174.61774995750568,13.79423422849749,201.78353371056014
7907.0,1979072912.0,14.092465214317906,20.0,100.3462021112321,215.4570157330309,286.9063415824126,36.90531756014205,206.5406995356041
8004.0,1980052318.0,25.040566328274945,25.0,83.84716432679616,-153.96294196871284,244.83847690762462,-32.163108193918376,206.5406995356041
8004.0,1980052400.0,22.504119605297632,22.0,92.93511238619287,-97.31488365458009,155.89843387491237,-31.97322508681154,224.96300039029256
8004.0,1980052406.0,22.423807118326284,22.0,92.93511238619287,-103.55570130373673,103.97903191497778,-44.883127882516376,224.96300039029256
8006.0,1980071012.0,11.741874517855221,25.0,83.84716432679616,-168.3588898219084,264.1425150828896,-32.512580554240536,224.95772566527194
8006.0,1980071018.0,9.368002461299929,25.0,83.84716432679616,-180.314570510479,214.6546286453057,-40.03099205174866,158.26034517696357
8006.0,1980071100.0,12.692273417979706,25.0,83.84716432679616,165.12652946034714,189.5007895918597,41.06812775094263,339.48167992443064
8006.0,1980071106.0,18.740796975005434,25.0,83.84716432679616,138.46552494284734,162.73426790552386,40.39342600886335,339.48167992443064
8006.0,1980071112.0,16.284172113833616,27.0,78.81016856002348,113.70155592486724,133.16769853935602,40.49144006240328,336.0604320656594
8006.0,1980071118.0,13.971004388337287,25.0,83.84716432679616,137.96481663116427,197.75963561761722,34.901127175676606,336.0604320656594
8006.0,1980071200.0,52.33789040839543,18.0,109.22843718657725,210.45328447842223,262.37702385684764,38.73318919622372,312.27357296023575
8009.0,1980072700.0,17.13236453006767,22.0,92.93511238619287,248.54058888230495,263.21609170478024,43.35739516676361,312.27357296023575
8009.0,1980072706.0,17.02486339389152,22.0,92.93511238619287,231.79059313611225,241.03788772517348,43.879586495291505,148.26088726619514
8012.0,1980082806.0,17.639977404521975,30.0,72.40148542303059,265.3482048856596,267.4723599829003,44.7715844969699,148.26088726619514
8015.0,1980091806.0,17.966633620561296,70.0,36.603799205979946,-24.988655197271648,216.8431575036445,-6.573676195928625,0.0
8015.0,1980091812.0,17.587997065981284,55.0,44.44655669143675,-10.424772145782438,110.66559462223296,-5.381419968548548,0.0
8015.0,1980091818.0,21.268216554293804,50.0,47.99093740128585,10.454724694825346,11.532326039434167,42.19413735430845,351.88309695235495
8015.0,1980091900.0,24.264171469288513,30.0,72.40148542303059,51.63238584045404,122.43359627414563,22.866002398035583,351.88309695235495
8103.0,1981061218.0,29.084382436275224,40.0,57.43436099052307,-279.59346323612044,299.7605274541582,-43.00636343487768,333.46342056702116
8107.0,1981072000.0,35.03843636006906,23.0,89.66835004458707,236.8561659945154,297.15127906045944,38.55798143325507,333.46342056702116
8116.0,1981092106.0,16.423354615461225,50.0,47.99093740128585,242.83794337438988,291.0928511353196,39.835825781546816,350.54506104144235
8116.0,1981092112.0,21.6106789836653,50.0,47.99093740128585,229.58521574522183,246.24291800893923,42.99501887135672,350.54506104144235
8116.0,1981092118.0,26.37364716843737,50.0,47.99093740128585,214.20736702102596,223.646843559702,43.76498069916043,341.57211374351385
8116.0,1981092200.0,29.629597120677005,25.0,83.84716432679616,281.0955984421883,298.86739759275446,43.244835338480826,341.57211374351385
8205.0,1982070106.0,12.02810591668314,15.0,126.49595057933435,168.36528520076658,297.8093445926244,29.481467984858494,299.05048979874215
8205.0,1982070112.0,12.174224256366303,14.0,133.7202001013979,194.04205327301617,244.06388133349424,38.486320192854194,299.05048979874215
8205.0,1982070118.0,22.438075455484213,14.0,133.7202001013979,193.12980108847486,211.72265533133887,42.37053815924429,196.9427101151512
8205.0,1982070200.0,43.99863645636312,14.0,133.7202001013979,-179.03379577849068,203.71741175277492,-41.31010629500852,71.51784398972222
8209.0,1982072900.0,16.986995380990994,45.0,52.23889874427604,75.66098475028109,232.5406725887897,18.023161261740167,108.50710371210974
8209.0,1982072906.0,14.922041228135939,40.0,57.43436099052307,141.21782633324565,141.2503694590956,44.99339896036831,146.4180855605383
8209.0,1982072912.0,18.38410437668001,30.0,72.40148542303059,-48.27993540683213,170.23762923114055,-15.833505811524493,232.99530014246616
8209.0,1982072906.0,10.24262157143643,35.0,63.95217374784219,182.90118613207326,277.76147471896667,33.36422112827407,0.0
8209.0,1982072912.0,20.097270428510633,30.0,72.40148542303059,227.1136249798023,237.56576852802425,43.711449757216265,341.61736433289946
8209.0,1982072918.0,52.26660158865081,30.0,72.40148542303059,-163.9821223955143,243.12676022294735,-33.99855064767586,341.61736433289946
8212.0,1982081500.0,16.302048751955237,20.0,100.3462021112321,12.13741686722875,198.83378034001854,3.493173605197205,315.0718845171698
8212.0,1982081506.0,22.37951006994332,18.0,109.22843718657725,19.300996967494154,101.38220618785236,10.778899007004755,315.0718845171698
8212.0,1982081512.0,30.542379594885784,15.0,126.49595057933435,30.9528964432626,40.75247660867647,37.217910191636044,255.9113996380897
8304.0,1983072500.0,30.23627223181742,65.0,38.853919355861585,5.3036804461704,201.42594430429065,1.5082878670040738,255.9113996380897
8304.0,1983072506.0,26.2728851237536,60.0,41.4398648134883,4.20350411874715,20.58950671915409,11.538798742415638,233.03083518602506
8304.0,1983072512.0,63.510880806132995,35.0,63.95217374784219,35.67975386184098,137.59570724188555,14.53710543833157,233.03083518602506
8402.0,1984062400.0,22.415773275983828,30.0,72.40148542303059,-230.91211883524,250.01495214800235,-42.72535855160864,0.0
8408.0,1984082112.0,60.08700870573023,14.0,133.7202001013979,183.18743608680515,271.24014946036465,34.03390786452349,0.0
8411.0,1984083006.0,15.178309590048562,30.0,72.40148542303059,213.5725010349719,250.6136870688377,40.437572129588396,79.71527803428201
8411.0,1984083012.0,19.069865092729255,30.0,72.40148542303059,206.29368049415356,212.29312774432995,44.17885737132092,285.2444759004281
8411.0,1984083018.0,16.31036265499606,30.0,72.40148542303059,186.50303435186694,207.10558281801494,42.00371701427932,285.2444759004281
8411.0,1984083100.0,46.10045059941502,20.0,100.3462021112321,214.49348393407195,258.9434527471781,39.63634652109364,286.6912091564055
8504.0,1985062306.0,15.955118775936372,45.0,52.23889874427604,258.33863684470134,262.62016168367643,44.52912249321841,286.6912091564055
8504.0,1985062312.0,28.613462975455864,45.0,52.23889874427604,283.76950164011043,291.1067125073491,44.26876711691842,300.24847914812426
8504.0,1985062406.0,5.815392461107357,35.0,63.95217374784219,288.82640077290256,289.5611069784726,44.92721913672818,300.24847914812426
8510.0,1985082318.0,14.506077061428215,35.0,63.95217374784219,170.03589092001747,221.8708152225018,37.46559536715022,216.83076475377834
8510.0,1985082400.0,16.86390183684679,20.0,100.3462021112321,175.50136618612953,178.398197949401,44.53101799476075,216.83076475377834
8516.0,1985091706.0,33.13159624687699,12.0,151.3872093946261,-34.16113717522024,287.47889609709904,-6.776683769278336,60.94050721848567
8516.0,1985091712.0,13.943627736265709,10.0,175.31944474510186,-7.377107361612794,93.13762079608809,-4.528744806306297,60.94050721848567
8607.0,1986071018.0,20.214290887026767,34.0,65.46204349166737,249.89271861151988,266.5222893517543,43.15560147003118,65.56211509720005
8607.0,1986071100.0,16.55458208110689,34.0,65.46204349166737,243.49026019314047,244.06388133349424,44.93258993736727,65.56211509720005
8607.0,1986071106.0,8.165699298697328,32.0,68.73601561075849,248.20315020054431,248.98921982224718,44.909414470301044,96.35925194497983
8616.0,1986082100.0,20.240230901831225,40.0,57.43436099052307,55.356727454089175,253.17444853211336,12.333648238033845,96.35925194497983
8616.0,1986082106.0,20.18913353666014,45.0,52.23889874427604,56.36408015340519,138.04286256524162,22.21061330264917,111.82405582506215
8616.0,1986082112.0,19.374184605906326,45.0,52.23889874427604,-57.70173879838504,58.24320111477925,-44.73243092806032,111.82405582506215
8616.0,1986082118.0,21.65592993024183,45.0,52.23889874427604,-37.742018754354405,119.21668519141315,-17.56692056436017,111.82760297281602
8616.0,1986082200.0,55.80389872932844,45.0,52.23889874427604,-206.1955602847149,245.1855721459872,-40.063081848616015,111.82760297281602
8616.0,1986082500.0,26.933382362220176,18.0,109.22843718657725,-237.475161408543,292.7163196741427,-39.05176010606553,166.7911728432053
8712.0,1987090918.0,14.661418153427732,45.0,52.23889874427604,112.99857666303969,227.08410174404005,26.455246648969027,166.7911728432053
8712.0,1987091000.0,18.008470825586468,35.0,63.95217374784219,121.34353248999611,156.46677564591056,37.79438920403419,270.035925094122
8712.0,1987091006.0,16.454522661664935,35.0,63.95217374784219,117.7563494378552,122.19820689177676,43.93950493919174,270.035925094122
8712.0,1987091012.0,15.346052314065377,30.0,72.40148542303059,141.10930307743513,141.69260592393942,44.88182277832821,299.7784441202268
8719.0,1987102612.0,5.190469590588581,15.0,126.49595057933435,-287.8032992204964,297.20813492463964,-44.078973595476825,299.7784441202268
8719.0,1987102618.0,6.920625331110672,14.0,133.7202001013979,-288.6844604830073,291.60130919581434,-44.71200101408535,296.576213912315
8719.0,1987102700.0,12.11108781456089,14.0,133.7202001013979,289.1060163610884,289.1232787594876,44.99828949764289,296.576213912315
8719.0,1987102706.0,24.222117584714553,10.0,175.31944474510186,287.5016684800343,298.69968145348287,43.90563053622933,285.2460998222042
8802.0,1988060112.0,20.537091259487415,35.0,63.95217374784219,-284.8385434206405,297.20813492463964,-43.782539707134895,285.2460998222042
8802.0,1988060118.0,45.189794728185156,30.0,72.40148542303059,-235.1427877608475,280.7894382439441,-39.94397112200213,249.9602445730512
8805.0,1988071900.0,24.515473819086882,40.0,57.43436099052307,204.51524086301458,273.0196450745045,36.83637351983593,249.9602445730512
8805.0,1988071906.0,22.673503343180187,40.0,57.43436099052307,196.075373567088,198.66056352931125,44.62476597009593,306.9008214921537
8805.0,1988071912.0,41.74235299116524,35.0,63.95217374784219,194.72072467350287,248.78581481846876,38.04972506078102,306.9008214921537
8817.0,1988092112.0,17.68792121101492,40.0,57.43436099052307,211.96183588909616,227.79091329407638,42.938505359965525,124.6841766931528
8817.0,1988092118.0,16.536104152882253,40.0,57.43436099052307,205.54991012573896,205.7371548940972,44.97391521607638,280.2958383935562
8817.0,1988092200.0,11.248817287412392,25.0,83.84716432679616,223.9674275877276,224.4399455057253,44.93962348960094,280.2958383935562
9003.0,1990051818.0,27.691066757954236,30.0,72.40148542303059,-199.5534158847033,211.6212019772492,-43.31887779255902,281.30750653359325
9003.0,1990051900.0,40.15482083826974,20.0,100.3462021112321,-205.76511675118377,210.80458842063766,-44.30689541389302,281.30750653359325
9006.0,1990062806.0,14.695580091724276,50.0,47.99093740128585,-87.74866990183662,294.99254328942015,-16.565669679252164,116.73153538297953
9006.0,1990062812.0,14.679876769543094,50.0,47.99093740128585,-88.16554492272697,211.9892889162943,-22.582241626376618,116.73153538297953
9006.0,1990062818.0,11.633363544836868,50.0,47.99093740128585,66.18097577196025,135.49461949334207,26.032728095686423,89.97551647903725
9006.0,1990062900.0,9.421390564099662,50.0,47.99093740128585,58.30924222137884,79.87240076685623,36.13056240193165,89.97551647903725
9006.0,1990062906.0,13.408348840752273,45.0,52.23889874427604,-49.311213311153125,55.157266097964076,-41.79707055622931,78.66214021545635
9006.0,1990062912.0,17.94503156430255,30.0,72.40148542303059,-68.0281589775713,74.67663045145811,-42.33257651055697,78.66214021545635
9006.0,1990062918.0,17.025677282729493,20.0,100.3462021112321,-56.909229118114766,158.0591956267543,-19.80141747189343,15.759732550258814
9009.0,1990073018.0,23.81853816625835,40.0,57.43436099052307,272.3814901541287,273.2706563909873,44.906633873088936,282.5092054206217
9012.0,1990082000.0,16.791751872777976,40.0,57.43436099052307,123.29677832871995,279.21227019977823,23.825676159005468,282.5092054206217
9012.0,1990082006.0,11.616612931454704,30.0,72.40148542303059,-24.494311362900923,194.24660625657856,-7.1870097475311026,283.2264470466814
9012.0,1990082012.0,10.274708004555919,30.0,72.40148542303059,-97.26758491316231,125.34567793703246,-37.811274225574905,283.2264470466814
9012.0,1990082018.0,13.400261404244189,30.0,72.40148542303059,151.406204402517,170.4478650436744,41.614190562400466,185.42434563450922
9012.0,1990082100.0,9.160763187918358,25.0,83.84716432679616,142.9922993074877,222.91700863207797,32.67853991422177,89.99125196365189
9012.0,1990082106.0,10.548628857808003,25.0,83.84716432679616,46.41911282782515,184.1672269149127,14.146667939921414,89.99125196365189
9012.0,1990082112.0,10.558332376514018,25.0,83.84716432679616,46.6054307530249,123.52457126820937,20.671332824568196,89.97374800509353
9012.0,1990082118.0,9.222839594155795,25.0,83.84716432679616,-67.06111234065351,68.013295880987,-44.59611006079692,89.97374800509353
9012.0,1990082200.0,7.412995109637259,25.0,83.84716432679616,-40.490447730814,96.57002279453337,-22.747616499638,89.97374801039696
9012.0,1990082206.0,10.07449025553,25.0,83.84716432679616,134.57863755163814,138.61012920619964,44.15453810857777,98.1924397059863
9012.0,1990082212.0,15.22356023055309,20.0,100.3462021112321,167.26094325061408,167.3114452745572,44.991351489524924,260.44473983527854
9012.0,1990082218.0,17.21351662455823,15.0,126.49595057933435,169.90717591929135,187.4275572078643,42.1929942684039,7.103377685297476
9012.0,1990082300.0,17.482821995331687,12.0,151.3872093946261,226.7526401392316,245.33983765510195,42.74531845914637,7.103377685297476
9018.0,1990090718.0,16.297315872152492,40.0,57.43436099052307,-177.54724346622532,272.0554006880428,-33.12904096166535,18.40878007908648
9018.0,1990090712.0,10.068593784261608,25.0,83.84716432679616,99.9392997299887,211.9601626820365,25.243895926096048,18.40878007908648
9018.0,1990090718.0,10.849957035417132,40.0,57.43436099052307,31.441079934714782,161.63302168003688,11.007788794968441,23.191319734464336
9018.0,1990090800.0,16.299393052812817,40.0,57.43436099052307,88.39476481684238,98.83785070837976,41.807578504965846,23.191319734464336
9018.0,1990090806.0,32.28152906853861,35.0,63.95217374784219,101.49330565612901,106.1397874701689,43.718030126301784,40.59931816874571
9018.0,1990090812.0,9.185865237595667,25.0,83.84716432679616,188.06015781868834,199.4264941212251,43.31979655661154,40.59931816874571
9018.0,1990090818.0,16.146625703217484,25.0,83.84716432679616,176.6546771165276,220.4298680993854,38.70903106371634,163.3377658219622
9018.0,1990090900.0,18.609656831187866,20.0,100.3462021112321,277.57752020723694,285.18318269087587,44.22569960965347,163.3377658219622
9018.0,1990091100.0,60.88790503198916,9.0,190.8380043790661,88.60093196457635,278.49680282240223,17.647940820640304,0.0
9107.0,1991071900.0,25.65837835140104,70.0,36.603799205979946,-88.30741562920163,140.21434932836993,-32.202846129369334,0.0
9107.0,1991071906.0,28.244128979841964,65.0,38.853919355861585,80.3751930859756,100.04559976485217,38.777893529146084,329.0321623754845
9110.0,1991081806.0,10.004489043035003,20.0,100.3462021112321,-34.73289159982474,274.9286352983896,-7.2002724077834745,329.0321623754845
9110.0,1991081812.0,11.459879760815754,15.0,126.49595057933435,-58.015649900584805,215.61777492475548,-15.059744159777047,138.02977130045042
9110.0,1991081818.0,11.475563672890297,10.0,175.31944474510186,-57.5769435040432,150.71239855434493,-20.908451707833745,138.02977130045042
9110.0,1991081900.0,8.776110464112804,10.0,175.31944474510186,-37.04864168462715,91.32960786770977,-22.080358163249553,275.1797458571258
9110.0,1991081906.0,55.43114252378461,10.0,175.31944474510186,-23.337339279474822,49.182281544156915,-25.384669128854082,275.1797458571258
9119.0,1991092306.0,10.20521031714563,50.0,47.99093740128585,4.051868032591727,250.38510191633276,0.9271105734599042,285.9313691756323
9119.0,1991092312.0,10.25814853795615,35.0,63.95217374784219,-94.00316457088896,189.15696820328853,-26.4254698843208,285.9313691756323
9119.0,1991092318.0,9.323126151160247,25.0,83.84716432679616,-127.42516970113417,140.89092119498022,-42.12695588040128,270.0207368077614
9119.0,1991092400.0,7.097411829943112,20.0,100.3462021112321,-129.80110833568867,131.42785032097933,-44.64320860205644,270.0207368077614
9119.0,1991092406.0,7.412995109637259,20.0,100.3462021112321,-7.771441960804582,133.62612588595528,-3.32846451762325,141.4669415093911
9119.0,1991092412.0,18.61252767343628,15.0,126.49595057933435,-25.35145210509189,178.05650794256007,-8.103235417425354,291.86076550773913
9119.0,1991092418.0,14.695580091724482,10.0,175.31944474510186,145.95539321841773,289.1232787594876,26.785585844767535,291.86076550773913
9119.0,1991093018.0,9.424324425333026,35.0,63.95217374784219,87.83868914112442,215.82865828960124,22.145509015435874,180.0
9119.0,1991100100.0,11.119492664455771,35.0,63.95217374784219,-58.31139262406607,164.86680844899064,-19.4780700385007,23.136562759584425
9119.0,1991100106.0,13.943627736265709,40.0,57.43436099052307,87.01285832611526,104.149991986844,39.877311575609816,23.136562759584425
9119.0,1991100112.0,16.432184060272913,40.0,57.43436099052307,53.55616972390595,85.332413681212,32.11312699075358,41.5908515168046
9119.0,1991100118.0,54.12681364391583,15.0,126.49595057933435,146.2500086014558,171.69405040986254,40.424553664143176,41.5908515168046
9212.0,1992081600.0,9.406037711706961,20.0,100.3462021112321,276.15614348703684,277.2170847145426,44.89015120885893,10.295893197593998
9212.0,1992081606.0,5.190469590589021,20.0,100.3462021112321,288.95375407768705,290.0732609441638,44.88922289116763,10.295893197593998
9212.0,1992081700.0,9.266243887046574,20.0,100.3462021112321,-58.70890672192116,294.20235443778336,-11.285293757078806,51.32762311521021
9212.0,1992081706.0,10.607985225648596,25.0,83.84716432679616,69.04135785081921,239.76753244100613,16.063820641361904,51.32762311521021
9212.0,1992081712.0,9.880869675207816,25.0,83.84716432679616,42.14367704684928,179.46708270103406,13.215145435538577,251.0805818841822
9212.0,1992081800.0,9.422534699992129,25.0,83.84716432679616,20.67423772615802,122.35292685871195,9.590798584811703,66.78147646587577
9212.0,1992081806.0,5.036024279340003,25.0,83.84716432679616,-41.592597540213305,67.09886507318791,-31.79354707119194,66.78147646587577
9212.0,1992081812.0,3.877104200919335,25.0,83.84716432679616,45.8903073571524,46.41430371205857,44.67474585757247,57.97595514092774
9212.0,1992081818.0,13.135858031934546,20.0,100.3462021112321,43.13158206951219,47.392249475590674,42.30525949269818,57.97595514092774
9212.0,1992081900.0,17.887743974179404,17.0,114.3717338112809,30.200161684664653,104.95150657346281,16.053357161913496,311.99244839694063
9215.0,1992090418.0,16.464372684838516,30.0,72.40148542303059,180.33166684092458,213.30282340618834,40.21203362414784,311.99244839694063
9215.0,1992090500.0,27.23537059589548,30.0,72.40148542303059,84.83710741541375,186.08182404282286,24.50885513578016,80.82031900651853
9215.0,1992090506.0,15.18948377875053,25.0,83.84716432679616,88.76513787442076,89.93076846539572,44.626265830609476,275.68847883330585
9215.0,1992090512.0,18.64985611891287,18.0,109.22843718657725,74.21427248333323,137.33196688130852,28.386812502093186,275.68847883330585
9216.0,1992083018.0,21.413206547729356,35.0,63.95217374784219,225.58950642873452,267.28937260492205,40.16402479262158,270.0095825129888
9216.0,1992083100.0,4.065310766030387,32.0,68.73601561075849,173.9818413467505,235.61977180116202,36.44219180251389,270.0095825129888
9216.0,1992083106.0,7.597828425639829,28.0,76.53637190808041,-12.765378006941862,253.81788378196129,-2.8791767139991356,101.34385263115385
9315.0,1993091212.0,7.834182781939333,50.0,47.99093740128585,-167.74670615163103,282.59769650854247,-30.692875169625292,101.34385263115385
9315.0,1993091218.0,11.361191251284987,55.0,44.44655669143675,-127.49111336328446,246.5324333946312,-27.34517028539186,207.22024235288126
9315.0,1993091300.0,7.808907280527186,60.0,41.4398648134883,-155.26893241385628,191.04800205629675,-39.10152304687597,283.2127179014613
9315.0,1993091306.0,6.343178889384595,65.0,38.853919355861585,146.6122389389999,167.32344000204978,41.22550937455873,283.2127179014613
9315.0,1993091312.0,10.210400840511022,65.0,38.853919355861585,147.39488097286755,151.1096375232381,44.2870161997654,93.50996537685363
9315.0,1993091318.0,16.50834100833735,60.0,41.4398648134883,143.70487304902923,146.32745908759748,44.4819232218004,93.50996537685363
9315.0,1993091400.0,19.53790108401475,45.0,52.23889874427604,96.30775930883324,185.15500604358357,27.48104600522563,289.65241867765235
9406.0,1994071018.0,25.42059116132481,40.0,57.43436099052307,155.35564186752651,179.70744856948787,40.84315043211945,289.65241867765235
9407.0,1994071106.0,32.65315927126868,18.0,109.22843718657725,82.91290470968087,297.0254851245221,15.596760829334269,291.81300216173224
9407.0,1994071112.0,25.575896311075766,12.0,151.3872093946261,-93.3353892881392,119.43370744342529,-38.00701480628588,291.81300216173224
9413.0,1994080312.0,28.54294545204495,25.0,83.84716432679616,93.12796863779592,241.83583098251452,21.061074360765357,270.0356869527744
9413.0,1994080318.0,18.679051603901694,20.0,100.3462021112321,70.94233326762294,110.7856138927726,32.63374793951426,270.0356869527744
9413.0,1994080400.0,16.362309331308907,18.0,109.22843718657725,52.05146871613899,81.26986843349516,32.63862100957258,259.63637002614183
9413.0,1994080406.0,21.206245800730585,18.0,109.22843718657725,42.194627097962865,169.46098979474831,13.981936250206099,259.63637002614183
9413.0,1994080412.0,62.05065220497184,16.0,120.0918404217308,-189.45198479923025,294.5918793558624,-32.74506369074369,119.83358258643
9418.0,1994090112.0,64.45782484333039,40.0,57.43436099052307,-131.503521365151,253.58353875866203,-27.41038182174145,119.83358258643
9502.0,1995060800.0,21.19285823031972,12.0,151.3872093946261,-177.2568798744666,209.02384107045393,-40.29868802775205,17.082907344437185
9502.0,1995060806.0,52.170529703627956,12.0,151.3872093946261,-143.8412427951768,169.15273443555762,-40.37661209601521,17.082907344437185
9504.0,1995073018.0,24.33626020654441,30.0,72.40148542303059,150.06941727336792,276.78383478485057,28.46610479830781,51.33474873608809
9504.0,1995073100.0,29.700714887979796,30.0,72.40148542303059,-123.39406123537822,167.8993283096297,-36.313239795177246,51.33474873608809
9504.0,1995073106.0,30.07701996196458,30.0,72.40148542303059,103.76228187645296,132.8436826407028,37.99288115506806,51.342904223415594
9509.0,1995083018.0,26.50157610168549,60.0,41.4398648134883,-186.6246883041479,211.9892889162943,-41.35906432240524,51.342904223415594
9509.0,1995083100.0,55.03351843564615,55.0,44.44655669143675,102.1888265840423,191.7195665079726,28.0581504676685,172.5296651368953
9607.0,1996072612.0,24.021881377052477,35.0,63.95217374784219,108.55303369815948,198.83378034001854,28.632273693739585,296.6282575519034
9607.0,1996072618.0,34.89564651105607,30.0,72.40148542303059,105.15488809180682,113.23650099187122,42.88072631689977,296.6282575519034
9607.0,1996072700.0,41.85201474220123,20.0,100.3462021112321,-198.8194375581232,207.20965450502985,-43.81620400246385,291.85035408495895
9608.0,1996080100.0,22.43589008210894,40.0,57.43436099052307,232.6598567095443,282.46611287621397,39.47737943567699,291.85035408495895
9608.0,1996080106.0,26.081979485926315,35.0,63.95217374784219,242.8462270439537,243.12676022294735,44.96692539337475,303.74855613169905
9608.0,1996080112.0,53.84965188206968,30.0,72.40148542303059,110.10310853880573,290.3249722827579,20.768776991301852,303.74855613169905
9610.0,1996080612.0,22.618978403014506,17.0,114.3717338112809,-46.039153895689154,114.13380874653129,-21.968101452868535,330.98361568612063
9610.0,1996080618.0,12.972741441865145,15.0,126.49595057933435,-14.361592306161716,57.14778983761082,-14.106657694550668,330.98361568612063
9610.0,1996080700.0,18.665383352666424,12.0,151.3872093946261,-109.82213659236307,134.083716578536,-39.319412951783654,310.6237663523566
9610.0,1996080706.0,8.947066828842049,12.0,151.3872093946261,-66.59751941107662,221.8708152225018,-16.707837969185864,310.6237663523566
9610.0,1996080712.0,2.4922699765349887,10.0,175.31944474510186,-103.28299377458373,273.86046157607194,-20.663330147666766,320.2103928440564
9610.0,1996080800.0,43.89346068816417,10.0,175.31944474510186,-272.9796280378436,291.8263801909291,-43.08883258690162,320.2103928440564
9714.0,1997082900.0,22.538697880498006,40.0,57.43436099052307,250.68401968045228,299.28918213464607,39.94947391552779,161.62450503366742
9801.0,1998070906.0,8.737859171424267,12.0,151.3872093946261,-103.29469256048313,133.19548871439176,-37.794005296862515,161.62450503366742
9801.0,1998070912.0,13.777637020651875,12.0,151.3872093946261,-91.06260784662359,169.15273443555762,-28.29559993567299,328.05470544717605
9801.0,1998070918.0,18.720585362095594,12.0,151.3872093946261,174.13138230147638,241.23266701160537,35.823256883794635,328.05470544717605
9801.0,1998071000.0,10.12488152080163,12.0,151.3872093946261,119.35559749979849,183.2081078883296,33.08325885432211,347.48954050711
9801.0,1998071006.0,5.014953418989628,10.0,175.31944474510186,136.8733003600573,145.32672529033502,43.28419301004709,347.48954050711
9801.0,1998071012.0,6.99806646934787,10.0,175.31944474510186,108.9581400255839,140.4521982294741,37.80311925250116,59.32604878261579
9802.0,1998080412.0,18.672564258434992,25.0,83.84716432679616,228.6422840456831,228.79253767595253,44.98118005417921,299.0501754898802
9802.0,1998080418.0,15.278193555831047,12.0,151.3872093946261,253.4808315749524,258.33578649884976,44.45652392990279,299.0501754898802
9802.0,1998080500.0,8.675544447735154,12.0,151.3872093946261,247.55445284261245,264.5443091096618,43.099799869790104,163.47587824078983
9810.0,1998102606.0,16.56825753596678,35.0,63.95217374784219,24.367264834035346,251.51562944215055,5.533643297595067,299.0813465106917
9810.0,1998102612.0,14.663754954023537,35.0,63.95217374784219,-4.228112616577822,152.9290212609252,-1.5836844407847182,299.0813465106917
9810.0,1998102618.0,11.49707577940194,30.0,72.40148542303059,5.93071306642344,65.00785423750436,5.2127050715958685,306.894500740157
9810.0,1998102700.0,11.481763349658658,25.0,83.84716432679616,-5.571569507893923,7.132641983443539,-37.99470646533882,306.894500740157
9810.0,1998102706.0,11.237205720721212,15.0,126.49595057933435,-10.386112633847246,73.31972911461125,-8.062595772957218,311.6434429639421
9903.0,1999060600.0,28.965983363921612,40.0,57.43436099052307,-106.47881308866486,254.10269623465652,-22.735560521220403,311.6434429639421
9903.0,1999060606.0,29.994984916232955,40.0,57.43436099052307,-114.56071590874834,123.54494427311838,-42.839134582844274,282.07607571177107
9905.0,1999072706.0,31.015934151491127,20.0,100.3462021112321,-81.32382789292954,179.90044056995168,-24.325303176053055,282.07607571177107
9905.0,1999072712.0,25.517250297362704,20.0,100.3462021112321,-76.03058489887779,85.75641338942339,-41.55980321362446,139.42267628667543
9909.0,1999090306.0,20.497238971776277,15.0,126.49595057933435,-193.9984760248954,246.19602503135437,-38.23753682920299,52.3801968983197
9909.0,1999090312.0,19.069865092729255,15.0,126.49595057933435,175.81979126853494,193.0066349768158,42.33201934323618,52.3801968983197
9909.0,1999090318.0,22.997057352789522,20.0,100.3462021112321,168.7881470309092,171.09188881052287,44.61164927091852,353.9871020559384
9909.0,1999090400.0,61.915213034369,12.0,151.3872093946261,150.068330832587,228.13601972449987,33.3369989684461,270.01503132837223
9914.0,1999100718.0,7.61089171542451,45.0,52.23889874427604,-43.475239419815715,256.34423396400916,-9.625607916668171,270.01503132837223
9914.0,1999100800.0,9.883407049972215,45.0,52.23889874427604,-71.03913412424727,211.3924271846827,-18.5750953066618,178.81085684065235
9914.0,1999100806.0,5.817960638864317,45.0,52.23889874427604,35.39270670940204,156.24133431938947,12.763570370766743,310.69062227448387
9914.0,1999100812.0,14.923953775011585,45.0,52.23889874427604,11.840314752258005,122.35292685871195,5.527405111909718,310.69062227448387
9914.0,1999100818.0,14.825990219274518,45.0,52.23889874427604,-7.741636611201001,34.11419863894514,-12.785754482891472,318.4244172110762
9914.0,1999100900.0,11.24684333948691,40.0,57.43436099052307,16.7766601384246,56.05138048931484,16.662893846639314,318.4244172110762
9914.0,1999100906.0,11.615823462857449,30.0,72.40148542303059,-41.82919071293935,122.35228627559441,-18.874276912404678,312.29468876448334
9914.0,1999100912.0,14.919736642977108,12.0,151.3872093946261,-4.708587324874531,189.812906322979,-1.4210143506300215,312.29468876448334
9914.0,1999100918.0,59.38007928255319,10.0,175.31944474510186,-184.1721411997414,279.3186858416583,-33.39934267876324,158.26316654288163
10.0,2000082218.0,26.56513816814271,70.0,36.603799205979946,98.85330979126687,222.39261815623126,23.965102014038397,158.26316654288163
10.0,2000082300.0,22.444095921412515,55.0,44.44655669143675,106.11357225007563,110.7856138927726,43.76603096760684,89.9718073710872
10.0,2000082306.0,19.27240857987091,40.0,57.43436099052307,146.2939868856752,156.22934514977896,43.1189894861773,89.9718073710872
10.0,2000082312.0,10.218242032920433,25.0,83.84716432679616,159.19920418807408,226.34557596489987,35.120474915966874,98.18521694513075
102.0,2001062300.0,22.499931258318792,50.0,47.99093740128585,119.96339932426794,209.58315907078435,29.786409858750957,98.18521694513075
102.0,2001062306.0,26.165142529929252,40.0,57.43436099052307,-121.31758511125024,121.36230093817771,-44.98944276687659,94.46780011308044
105.0,2001071112.0,12.650199050549979,14.0,133.7202001013979,61.83642658605566,285.4019776707273,12.224994474276489,94.46780011308044
105.0,2001071118.0,15.097677431996026,14.0,133.7202001013979,99.91122287137819,211.9601626820365,25.23768642371938,49.89965138799314
105.0,2001071200.0,18.609536949041793,12.0,151.3872093946261,138.89468228878624,139.5954614613398,44.85582396680024,49.89965138799314
105.0,2001071206.0,36.3185666119107,10.0,175.31944474510186,-168.30611929823974,170.23762923114055,-44.6731111799604,293.96786746282214
116.0,2001091718.0,6.813543627643718,15.0,126.49595057933435,-40.508918133109944,286.1501824514208,-8.057548880673851,293.96786746282214
116.0,2001091800.0,7.760912832653439,15.0,126.49595057933435,-145.05347339134426,245.91003515715352,-30.534823731387398,352.8791032425726
116.0,2001091812.0,10.590147655979502,15.0,126.49595057933435,-205.67400442646155,211.9601626820365,-44.13765881797005,352.8791032425726
116.0,2001091900.0,11.985239382502003,12.0,151.3872093946261,-115.50229121601689,210.13271786550462,-28.79599058033279,68.20504121060569
116.0,2001091912.0,18.918096055942005,12.0,151.3872093946261,-108.3236641949608,157.5134209460982,-34.51671957016701,68.20504121060569
116.0,2001091918.0,17.972198906080603,15.0,126.49595057933435,110.51380821946374,111.98704046127891,44.62063625062126,279.4575056314169
116.0,2001092000.0,25.665217923839815,25.0,83.84716432679616,80.9737154438096,139.2337965352721,30.180849541071673,279.4575056314169
119.0,2001092618.0,8.156204991232922,30.0,72.40148542303059,207.9155338489004,255.95295884197878,39.087622705769455,300.95808433047637
119.0,2001092700.0,5.025601345427678,25.0,83.84716432679616,-163.81517089588795,231.29896736722833,-35.307650724819574,300.95808433047637
119.0,2001092706.0,6.510376313515972,20.0,100.3462021112321,220.8788320345782,252.46611825593678,41.18219468542529,155.26181021964135
119.0,2001092712.0,5.8119992046561295,20.0,100.3462021112321,-203.74516833758858,237.45513218390485,-40.63079773695536,155.26181021964135
119.0,2001092718.0,14.630289117624114,20.0,100.3462021112321,-181.76922470269807,222.05707712680348,-39.30272131081274,288.4378935396496
119.0,2001092812.0,7.601795523812104,20.0,100.3462021112321,278.27270490901526,279.48661319451344,44.875301569329444,288.4378935396496
208.0,2002070800.0,12.626328455182248,18.0,109.22843718657725,201.0149116275815,266.52852599567984,37.023474779276384,292.61532228674037
208.0,2002070806.0,15.634769880732508,18.0,109.22843718657725,182.058974577477,224.95486591939857,38.983708432125596,292.61532228674037
208.0,2002070812.0,9.024974778315766,18.0,109.22843718657725,-147.49687370072863,184.319099534687,-38.667691264256526,273.14108651114134
208.0,2002070818.0,16.32510852842353,15.0,126.49595057933435,-133.0965591578847,154.97046793556424,-40.65766965278907,273.14108651114134
208.0,2002070900.0,17.08535151612097,22.0,92.93511238619287,-124.08977908348558,127.41282366583138,-44.24300842551848,116.7024996277397
208.0,2002070906.0,7.715444159276248,22.0,92.93511238619287,-39.66497689435816,175.6277676599036,-12.726557654366948,315.01992452205235
208.0,2002070912.0,5.397309635470234,22.0,92.93511238619287,-8.529240060405314,220.75656828161746,-2.2126023792124627,315.01992452205235
212.0,2002080500.0,20.385736551502465,25.0,83.84716432679616,-239.36895245650445,247.1268357613966,-44.08641285057366,312.2771377888673
309.0,2003080318.0,22.783882134406312,22.0,92.93511238619287,75.92438356185407,264.07372610079716,16.04058205393508,312.2771377888673
309.0,2003080400.0,11.597320800404686,22.0,92.93511238619287,62.37979466161027,139.5954614613398,24.078014436321403,149.13859886175064
309.0,2003080406.0,11.57662534877196,15.0,126.49595057933435,63.20052306104201,85.17311531357657,36.57631371467386,149.13859886175064
309.0,2003080412.0,13.923582772527112,12.0,151.3872093946261,43.36178433629162,68.91897154392697,32.17689223644455,270.0580115159904
309.0,2003080418.0,17.41954856332608,10.0,175.31944474510186,31.988161062700637,145.15296321401385,12.427939830168615,270.0580115159904
313.0,2003090200.0,26.801700809273427,60.0,41.4398648134883,183.51523883707077,189.05640307367034,44.14791711812302,43.99376840873943
313.0,2003090206.0,23.426570650236428,50.0,47.99093740128585,196.28298398552616,213.15902789735514,42.6397656701788,266.3896970565197
411.0,2004072618.0,26.45159278979398,10.0,175.31944474510186,180.51146868149817,213.9668029531683,40.1523984240758,141.20431969178773
411.0,2004072700.0,18.956885485135597,20.0,100.3462021112321,161.7312112028165,177.17277072667693,42.39122359517383,141.20431969178773
411.0,2004072706.0,64.70754028442113,10.0,175.31944474510186,-73.60216690240593,240.01229626081596,-17.048680989825556,315.07963337323287
418.0,2004082512.0,23.076017760128025,40.0,57.43436099052307,73.47499925780123,180.72841188111795,22.124163422113984,315.07963337323287
418.0,2004082518.0,12.224557059482954,30.0,72.40148542303059,47.55818395241428,78.94955875587587,31.064211082626947,318.8648117166936
418.0,2004082600.0,17.07682088679676,25.0,83.84716432679616,14.610135333671412,45.187528071326994,17.917176683818226,318.8648117166936
418.0,2004082606.0,17.089694125312604,15.0,126.49595057933435,14.491296509513086,145.70908150269986,5.679596494262947,310.63279591336294
421.0,2004091100.0,28.97971246890012,10.0,175.31944474510186,-227.61179723845254,252.73917515505653,-42.0055610263042,310.63279591336294
428.0,2004120318.0,30.692492325319737,25.0,83.84716432679616,-247.7256326149013,248.03356454194966,-44.964411759520665,141.47170246056527
428.0,2004120400.0,40.771473103004986,20.0,100.3462021112321,-266.694913335854,290.0028070130833,-42.60253295454601,141.47170246056527
505.0,2005071818.0,8.726865515508868,40.0,57.43436099052307,249.72520582862518,288.0123505722168,40.927388671580516,282.53698975936123
510.0,2005081218.0,28.096164114479805,25.0,83.84716432679616,-134.7629178872298,234.16093013526,-29.92103387636886,282.53698975936123
510.0,2005081300.0,22.802408556258666,30.0,72.40148542303059,124.24209767694806,131.21021738045388,43.437497530704036,325.34746263515655
510.0,2005081306.0,22.93537878242553,20.0,100.3462021112321,101.08292366135424,147.28626246643177,34.46190478680805,325.34746263515655
513.0,2005090100.0,22.538697880498006,50.0,47.99093740128585,214.9094971347952,249.99739529611594,40.68390072791228,341.5952783369294
513.0,2005090106.0,28.35337632749054,40.0,57.43436099052307,199.1637897299011,223.5921421983198,41.69292201354204,341.5952783369294
513.0,2005090112.0,56.38284718051968,25.0,83.84716432679616,-176.83907660041078,222.77783789290862,-38.44223522150782,56.74802198038487
519.0,2005100200.0,15.693017612370197,50.0,47.99093740128585,76.9601964340451,262.60937017356065,16.333729189042522,249.43078616794054
519.0,2005100206.0,17.318323300149558,50.0,47.99093740128585,73.73416057097565,175.6277676599036,22.77422391514661,249.43078616794054
519.0,2005100212.0,20.742287208526665,40.0,57.43436099052307,87.32293227845345,95.34350842101075,42.485853578793254,275.7001147745882
519.0,2005100218.0,16.847279868630206,20.0,100.3462021112321,91.37322594712312,129.86229047629465,35.13084409928945,275.7001147745882
519.0,2005100300.0,50.03771699005144,10.0,175.31944474510186,142.11554262475212,214.40855568233388,33.537448072589704,146.41758864918248
601.0,2006051712.0,19.227127181924427,50.0,47.99093740128585,-98.89469189287703,190.61891437362087,-27.420663069945427,319.4378480207481
601.0,2006051718.0,24.47768396273256,50.0,47.99093740128585,-73.22816045926099,107.35988443061875,-34.29716376573417,319.4378480207481
601.0,2006051800.0,34.98925914768591,20.0,100.3462021112321,-88.38716469722038,102.76437033655289,-40.698673799887466,336.83020142859874
601.0,2006051806.0,59.28137599563684,14.0,133.7202001013979,-239.30357167603097,281.7142626144997,-40.346401238413655,336.83020142859874
605.0,2006072418.0,23.981446008610806,35.0,63.95217374784219,58.00700210832835,298.21521174756873,11.00737500629989,197.58068699163775
605.0,2006072500.0,17.531982164743457,35.0,63.95217374784219,95.91768434220346,159.97416956432224,30.946156906468566,307.93989913553264
605.0,2006072506.0,20.604719453485096,35.0,63.95217374784219,75.73449139001237,102.85219048046152,36.36581382228938,307.93989913553264
605.0,2006072512.0,5.389795049233512,20.0,100.3462021112321,68.00939998019747,99.10125845506577,34.46031805359529,319.45461423574665
605.0,2006072518.0,26.045360445598703,18.0,109.22843718657725,58.106190023464585,124.53724504400331,25.01266543826711,319.45461423574665
609.0,2006080900.0,22.294964451782665,15.0,126.49595057933435,-98.31255555304926,220.11230202254904,-24.067796092266704,153.5013254079228
609.0,2006080906.0,22.548825675684018,12.0,151.3872093946261,-107.25354586066199,121.2741545372713,-41.48919559284564,153.5013254079228
609.0,2006080912.0,15.153643107993338,12.0,151.3872093946261,36.06086829694778,138.25957436519752,14.61821739778829,70.00934892797325
609.0,2006080918.0,10.118892242278578,12.0,151.3872093946261,35.583807633138704,227.2434005384008,8.899616271608435,70.00934892797325
707.0,2007080718.0,24.101971299501656,30.0,72.40148542303059,-140.466450120901,286.21437272412226,-26.140584090369465,70.0143371379112
707.0,2007080800.0,25.79540052936262,30.0,72.40148542303059,-145.84707500547046,179.3736918893156,-39.114238303029104,70.0143371379112
707.0,2007080806.0,24.004926922535443,25.0,83.84716432679616,142.5411141521843,158.29296611932807,42.002695961747634,63.42675959659608
707.0,2007080812.0,62.82292409191353,20.0,100.3462021112321,51.650125760331285,253.17444853211336,11.530681869520429,63.42675959659608
708.0,2007080906.0,11.261993771147095,12.0,151.3872093946261,-87.31381521055819,139.5954614613398,-32.02505119736187,71.57439683857726
709.0,2007081806.0,8.755847372551933,50.0,47.99093740128585,147.49899289802582,195.3797338324895,37.05043117906239,71.57439683857726
709.0,2007081812.0,13.950843597375924,40.0,57.43436099052307,163.2410217774791,168.44326267291848,44.101428606438226,203.1082663194714
709.0,2007081818.0,10.068791079063365,35.0,63.95217374784219,173.96107507317157,174.83161256525577,44.856998089685895,203.1082663194714
709.0,2007081900.0,8.7057310221642,20.0,100.3462021112321,172.47945789791774,184.1672269149127,43.1230156037984,28.247766824821625
709.0,2007081906.0,47.002048848043025,20.0,100.3462021112321,-189.37629866859405,211.38894046215748,-41.85610104739029,28.247766824821625
808.0,2008072806.0,18.712351799180375,40.0,57.43436099052307,212.5994315094224,259.80847167892756,39.29321956365224,330.29515642694076
808.0,2008072812.0,23.51139562768662,35.0,63.95217374784219,221.60138717781115,222.61915300088043,44.86872830298046,330.29515642694076
903.0,2009062012.0,13.965380630787799,30.0,72.40148542303059,81.28762260666745,267.9130515316645,16.878346222489565,336.0554144677994
903.0,2009062018.0,18.846638926477265,30.0,72.40148542303059,-44.6177955417105,189.16759757756236,-13.271446144642834,336.0554144677994
903.0,2009062100.0,16.765796083331143,30.0,72.40148542303059,-38.00318242781482,82.57968296518982,-24.711894438215538,319.4072214915103
903.0,2009062106.0,11.247442103973114,30.0,72.40148542303059,-34.524927670322086,43.746677636652365,-38.28054189282371,319.4072214915103
903.0,2009062112.0,13.920644859890507,30.0,72.40148542303059,-12.662237119656448,100.95804519679854,-7.148753322018385,296.5624875976007
903.0,2009062118.0,17.903468601740357,20.0,100.3462021112321,-31.120643763722846,184.12956079488228,-9.593181038337883,296.5624875976007
906.0,2009071800.0,19.758972478674135,35.0,63.95217374784219,-227.86087367031863,246.19602503135437,-42.78506877980171,166.65937049648625
906.0,2009071806.0,23.426570650236428,40.0,57.43436099052307,227.47600210470952,227.79091329407638,44.960368130026005,270.01469181407117
906.0,2009071812.0,61.98021630609163,45.0,52.23889874427604,181.12675538475563,253.17444853211336,35.58079198512757,270.01469181407117
1006.0,2010083118.0,14.825990219274459,20.0,100.3462021112321,-159.39989211900468,278.0491561469653,-29.82476492775157,270.0195870755987
1006.0,2010090100.0,12.246980371426394,20.0,100.3462021112321,78.1192693757171,208.68573737541183,20.522848949186958,270.0195870755987
1006.0,2010090106.0,7.5553201727417445,20.0,100.3462021112321,34.860983670857074,142.64041233865674,13.733739122651762,270.03427707795555
1006.0,2010090112.0,11.281503964843113,20.0,100.3462021112321,24.004001597101386,99.3009217818634,13.589414082999756,270.03427707795555
1006.0,2010090118.0,16.247499991128183,20.0,100.3462021112321,11.915224929749066,37.701097502810406,17.53885490102035,89.93144351167462
1006.0,2010090200.0,21.05561212642215,20.0,100.3462021112321,16.984413916442765,63.423574569929336,14.991670733410828,89.93144351167462
1006.0,2010090206.0,18.97427510240375,15.0,126.49595057933435,92.69814466473937,188.0995789866895,26.234732850874874,58.974126415149115
1008.0,2010083106.0,8.583352369577629,15.0,126.49595057933435,130.71639646199105,289.7830966677368,24.279353915265002,58.974126415149115
1008.0,2010083112.0,16.836253358988554,15.0,126.49595057933435,83.31097319295755,245.45353744951058,18.748058537226605,263.2753676834519
1010.0,2010090900.0,17.460312946490557,18.0,109.22843718657725,62.59092724103265,291.93390588099265,12.101073424664033,263.2753676834519
1010.0,2010090906.0,17.02637276136257,25.0,83.84716432679616,80.04131461080571,190.38259006835284,22.8030288345992,333.48741363480525
1010.0,2010090912.0,22.30363072465539,35.0,63.95217374784219,86.18626975729899,104.7825446415654,39.43815347951465,333.48741363480525
1010.0,2010090918.0,20.661306417739524,40.0,57.43436099052307,93.57850872976123,110.36828525462435,40.29377787064695,315.02912367234757
1010.0,2010091000.0,51.88443786786913,25.0,83.84716432679616,-177.23374742228543,208.29366829766724,-40.393928019139025,315.02912367234757
1011.0,2010091906.0,12.062441754559188,50.0,47.99093740128585,-4.551767993543895,255.95295884197878,-1.0188184922467252,136.86179609983378
1011.0,2010091912.0,14.693870639028821,40.0,57.43436099052307,34.96587817225145,183.6138214013896,10.781833767960093,136.86179609983378
1011.0,2010091918.0,25.531227959939145,40.0,57.43436099052307,6.47214406359669,98.83785070837976,3.746518843258325,315.0628071690802
1011.0,2010092000.0,22.407747900324363,35.0,63.95217374784219,30.337611010319172,55.116932827294114,28.829384631220858,315.0628071690802
1011.0,2010092006.0,17.88857336499694,20.0,100.3462021112321,121.95357240823036,182.06091441903948,33.81616812065372,319.442644755989
1013.0,2010102200.0,11.252751530384272,60.0,41.4398648134883,-65.96144836491953,289.6351948526597,-12.829707943971247,319.442644755989
1013.0,2010102206.0,12.972741441865145,60.0,41.4398648134883,-29.948669597463386,224.11017645646606,-7.6115512127783305,350.54949520956495
1013.0,2010102212.0,9.422986887386577,50.0,47.99093740128585,1.1118754979900571,147.17319289518704,0.4328543815606594,350.54949520956495
1013.0,2010102218.0,11.630407885366877,45.0,52.23889874427604,-10.14629749055182,90.63678366991913,-6.387359806983166,54.33867712023219
1013.0,2010102300.0,12.229452370429742,45.0,52.23889874427604,12.895835317285979,22.448407336449783,29.875880891039166,168.69205977091335
1013.0,2010102306.0,7.603280926101589,35.0,63.95217374784219,-44.800434479518536,55.72687011071172,-38.79680293609321,186.15266907503246
1013.0,2010102312.0,8.143087135931612,20.0,100.3462021112321,-62.2227049802877,91.97288243581896,-34.079654859362144,50.160820957111966
1103.0,2011061012.0,24.09223410632109,15.0,126.49595057933435,-123.78023754952876,280.87369471067774,-23.782950964629418,50.160820957111966
1103.0,2011061018.0,18.532487774093088,15.0,126.49595057933435,-120.07028961413796,160.3792079148076,-36.82091044671532,215.69409915850798
1103.0,2011061100.0,63.08644908193023,14.0,133.7202001013979,25.281041794054612,115.14092263335414,12.383702706101145,215.69409915850798
1111.0,2011082900.0,12.592180397349502,30.0,72.40148542303059,122.0925516848005,267.6507423694369,24.520749851540604,330.3409389352426
1111.0,2011082906.0,8.997125185819796,25.0,83.84716432679616,142.89904769481575,203.7097719274903,35.04902701599694,330.3409389352426
1111.0,2011082912.0,3.8657803407652285,20.0,100.3462021112321,85.39360789004401,170.4615742786775,26.608816475425325,330.3174641298135
1111.0,2011082918.0,8.763996696659138,20.0,100.3462021112321,106.40503180180033,151.31344499878193,35.115245728227166,330.3174641298135
1111.0,2011083000.0,4.073760234460587,20.0,100.3462021112321,122.1590947753856,122.19820689177676,44.990829170388565,341.5983446960177
1111.0,2011083006.0,3.706497554818571,18.0,109.22843718657725,-101.78132651117397,125.59778538104445,-39.02044980995485,341.5983446960177
1111.0,2011083018.0,4.0709872181204485,18.0,109.22843718657725,140.11478752407166,148.5185155233072,43.332270903970986,348.70614717916834
1111.0,2011083100.0,13.580292905458565,14.0,133.7202001013979,140.2027023473983,159.96903741444257,41.23250724954855,348.70614717916834
1111.0,2011083106.0,64.47890667525328,14.0,133.7202001013979,41.93006124971814,144.72749683105192,16.157217501819115,15.932651025805075
1205.0,2012061918.0,25.57766369088104,25.0,83.84716432679616,42.65890182398245,250.821608563326,9.652314269801067,15.932651025805075
1205.0,2012062000.0,31.579821692984122,20.0,100.3462021112321,48.86528997775452,102.8010421209682,25.423538856397645,36.863851335102716
1205.0,2012062006.0,22.654217942656555,18.0,109.22843718657725,-18.81754407443613,108.24627236700823,-9.86175088445839,36.863851335102716
1205.0,2012062012.0,46.36239645119207,15.0,126.49595057933435,-209.76797269819454,243.04250665724388,-40.797204652606545,32.00524018646006
1214.0,2012082406.0,7.106910743813271,40.0,57.43436099052307,-92.69717372245356,254.85147800700057,-19.987853841505746,32.00524018646006
1214.0,2012082412.0,10.449815340941191,40.0,57.43436099052307,-108.6322210652308,216.18678621721827,-26.679181293008124,222.27279600679756
1214.0,2012082418.0,11.993885812979435,35.0,63.95217374784219,-129.3416818018735,166.3174387093568,-37.87147912599363,337.40445076101685
1214.0,2012082500.0,8.768230097386699,35.0,63.95217374784219,-136.23022458189254,136.26559673386353,-44.992562546467454,337.40445076101685
1214.0,2012082506.0,12.69227341797935,35.0,63.95217374784219,105.67936998629303,146.45912296320444,35.812792915713665,66.11567287789758
1214.0,2012082512.0,11.547100028026277,40.0,57.43436099052307,44.998186506900204,207.306562205701,12.246705898957078,246.02358637267275
1308.0,2013071800.0,24.092234106320916,20.0,100.3462021112321,-7.77350229608835,211.3924271846827,-2.10598025824138,246.02358637267275
1308.0,2013071806.0,16.679238996683775,15.0,126.49595057933435,-7.764981047964091,67.09886507318791,-6.601160685341431,198.42429670277014
1308.0,2013071812.0,23.783723408421228,15.0,126.49595057933435,19.920551144118818,34.11078704427344,30.284742362980158,198.42429670277014
1312.0,2013082118.0,20.771506761767217,54.0,45.10795202575687,262.3274879285361,288.10687867339834,42.3185327164609,80.54258223097011
1319.0,2013092118.0,18.75791891875254,80.0,32.87325033719918,-189.25556685145372,260.44150880071976,-36.00485710145671,80.54258223097011
1319.0,2013092200.0,21.917847750899313,80.0,32.87325033719918,182.51076438909857,200.59458096746457,42.297459145399586,344.0574373930192
1319.0,2013092206.0,25.07383914747049,80.0,32.87325033719918,159.2584170392518,183.44954421821916,40.962293209788314,344.0574373930192
1319.0,2013092212.0,32.73531545751815,75.0,34.626274653077736,239.05984152626277,283.1250409490954,40.17645460486182,248.18772073093243
1407.0,2014061418.0,11.251657493739524,22.0,92.93511238619287,167.80442446738087,255.73054504986172,33.27195223445749,248.18772073093243
1407.0,2014061500.0,11.119492664455771,22.0,92.93511238619287,-142.43658064986826,206.86239865736542,-34.54963204584461,210.94878287631778
1407.0,2014061506.0,9.873967910718484,24.0,86.64829809982032,160.3309325215846,162.4487450593537,44.62407800900976,210.94878287631778
1407.0,2014061512.0,7.412995109637378,16.0,120.0918404217308,-156.6328068195715,159.60102655648288,-44.462228731944265,210.94008117283644
1407.0,2014061518.0,13.019364994181835,12.0,151.3872093946261,-135.45621963373947,156.23510096591642,-40.92536901903011,210.94008117283644
1407.0,2014061600.0,21.43532060288496,12.0,151.3872093946261,-136.69948882193464,138.7246202473752,-44.57872463277763,68.1926388354108
1407.0,2014061606.0,25.31288838718534,12.0,151.3872093946261,-173.43086547138873,181.02268041366264,-43.77300576227216,68.1926388354108
1407.0,2014061612.0,33.36545243331831,12.0,151.3872093946261,-234.9274673330161,273.86046157607194,-40.624193435421574,0.0
1410.0,2014072300.0,12.999980368359642,35.0,63.95217374784219,222.91150252804877,228.31196604498368,44.31428878302908,0.0
1410.0,2014072306.0,19.886861879991756,30.0,72.40148542303059,224.83586997771127,229.94516111689072,44.35633088620166,300.9670225755629
1510.0,2015070718.0,5.559746332227886,25.0,83.84716432679616,-74.07293125003864,286.39756284230003,-14.501028587839105,300.9670225755629
1510.0,2015070800.0,7.412995109637318,25.0,83.84716432679616,-73.9675564616585,254.1257369620816,-16.228522583343512,263.6452456257317
1510.0,2015070806.0,9.029141361747802,35.0,63.95217374784219,-59.73595811322953,211.6212019772492,-15.763192768273045,263.6452456257317
1510.0,2015070812.0,13.22372771766202,45.0,52.23889874427604,-126.22629619135294,160.2195815994504,-38.23221145701129,258.6703761259463
1510.0,2015070818.0,14.18045120559682,55.0,44.44655669143675,126.75455240101756,126.88901855846703,44.96962531887446,258.6703761259463
1510.0,2015070900.0,20.833590924375574,55.0,44.44655669143675,113.57810986778586,152.84769416491352,36.6153130402714,233.0970414122216
1513.0,2015080800.0,12.426030251125026,55.0,44.44655669143675,89.00582799694017,252.46611825593678,19.419879821439512,233.0970414122216
1513.0,2015080806.0,17.01708687420636,45.0,52.23889874427604,185.4856491098693,185.48767429281838,44.999687216227144,96.35863025999093
1513.0,2015080812.0,23.934505650800862,35.0,63.95217374784219,201.9507744722029,215.01007733838603,43.20607039279392,229.33135046229614
1513.0,2015080818.0,16.018688805006605,25.0,83.84716432679616,223.3402750624798,225.51356014777912,44.722584324232606,229.33135046229614
1521.0,2015092812.0,15.343619607945476,50.0,47.99093740128585,73.14686028623858,295.35288794901487,13.909945503494852,315.0389639845912
1521.0,2015092818.0,21.967607916091918,35.0,63.95217374784219,194.5143135832648,207.9170347152585,43.09250540141688,315.0389639845912
1521.0,2015092900.0,29.43188904962764,28.0,76.53637190808041,187.7093182308892,210.6425100888262,41.705107789056875,288.44396851232864
1601.0,2016070800.0,15.118296584444343,60.0,41.4398648134883,122.54358800108426,294.8480831618765,22.568553369812804,288.44396851232864
1601.0,2016070806.0,5.437624300041512,45.0,52.23889874427604,-105.87377247781754,215.87208852222264,-26.12549311777189,333.44949156752705
1601.0,2016070812.0,5.034302883490705,35.0,63.95217374784219,92.51425824345291,189.05397385873854,26.07498485508087,333.44949156752705
1601.0,2016070818.0,20.379663467985306,25.0,83.84716432679616,130.06512573875258,163.59350376905775,38.486478491015156,288.4129533972131
1601.0,2016070900.0,10.02269692984588,20.0,100.3462021112321,130.92291540902875,133.721421200437,44.39414311057105,288.4129533972131
1601.0,2016070906.0,12.517044789506604,18.0,109.22843718657725,139.81405616877225,139.9352626311648,44.97517556668219,248.18231465197357
1601.0,2016070912.0,23.906579727217515,15.0,126.49595057933435,147.97271122191876,166.9430514248062,41.552701771949444,248.18231465197357
1604.0,2016080106.0,28.943096985549563,35.0,63.95217374784219,275.9300754591592,283.2792854997484,44.24705395214873,251.53978733671067
1604.0,2016080112.0,19.011751965471856,45.0,52.23889874427604,171.35202573675375,288.82241039122704,30.67973013010265,251.53978733671067
1608.0,2016081506.0,14.255964054590732,15.0,126.49595057933435,155.40627444645895,211.72265533133887,36.278993602659675,185.7024499528108
1608.0,2016081512.0,63.56614214397131,15.0,126.49595057933435,159.32455718456575,275.9485457644725,30.000870490768783,185.7024499528108
1614.0,2016091406.0,24.065901052053558,85.0,31.30746122196499,68.61411638974371,227.08410174404005,16.812343311622605,106.52316595762338
1614.0,2016091412.0,17.97652733621156,75.0,34.626274653077736,73.09731618909184,99.49875895862894,36.3030711722457,106.52316595762338
1614.0,2016091418.0,22.530517560896055,70.0,36.603799205979946,82.58774916211172,86.44205005164197,43.69373972981273,289.6470811609935
1614.0,2016091500.0,17.898777566152617,20.0,100.3462021112321,59.16867494424761,185.82991705062815,17.661595358506506,289.6470811609935
1617.0,2016092712.0,22.69010439682064,50.0,47.99093740128585,143.92605606309573,251.8267451757076,29.749179090006475,284.01166108459284
1617.0,2016092718.0,25.336192717888935,40.0,57.43436099052307,126.48394167326387,165.16630630103137,37.44480146169697,284.01166108459284
1617.0,2016092800.0,15.2357717347609,25.0,83.84716432679616,143.29859306535434,144.5853964705842,44.74389713966658,67.83432348523228
1617.0,2016092806.0,12.318533615571987,20.0,100.3462021112321,118.19171100595644,181.97871156886833,33.002957187290896,224.9830649778866
1619.0,2016100806.0,5.4931634737240165,20.0,100.3462021112321,167.04726887508633,275.8409477065505,31.19879224363791,224.9830649778866
1619.0,2016100812.0,3.911866978208392,18.0,109.22843718657725,139.92909586800008,250.821608563326,29.15640231612769,218.63453988629223
1619.0,2016100818.0,3.9097606791168786,15.0,126.49595057933435,140.48367506839818,231.82283198257684,31.21568931845244,218.63453988629223
1619.0,2016100900.0,3.907645476343056,15.0,126.49595057933435,141.0672093849116,213.69920195268338,33.429617416553086,218.62291561760534
1619.0,2016100906.0,3.4390225634482596,15.0,126.49595057933435,187.78480043275232,196.688257314871,43.673406804904594,218.62291561760534
1619.0,2016100912.0,2.528501903802996,12.0,151.3872093946261,158.95929207982496,192.03605574929443,39.61651383206977,233.0829059936058
1619.0,2016100918.0,5.559746332227944,12.0,151.3872093946261,25.513891508985562,201.53651136992016,7.215084879690923,233.0829059936058
1619.0,2016101000.0,9.389878251236139,12.0,151.3872093946261,206.94022484414577,234.700663113634,41.40326303702892,253.68832851529393
1619.0,2016101006.0,31.07963264995556,12.0,151.3872093946261,253.93863500834,266.5222893517543,43.61497797388931,253.68832851529393
1707.0,2017072206.0,24.78005730285078,10.0,175.31944474510186,-222.29414398242784,278.3814766396898,-38.60818652897568,92.61052274322061
1707.0,2017072212.0,26.093179615569586,12.0,151.3872093946261,224.84372105279107,224.95486591939857,44.98584225956686,301.00969358531944
1709.0,2017072918.0,20.09727042851028,35.0,63.95217374784219,256.34446701689285,284.0681489415909,42.06324643695438,301.00969358531944
1709.0,2017073000.0,21.334409938858396,28.0,76.53637190808041,259.93203153585864,266.452416368669,44.29030687175681,270.02051029487984
1709.0,2017073006.0,11.440187574187453,20.0,100.3462021112321,245.13432975257177,278.07700493155687,41.39727221480963,270.02051029487984
1709.0,2017073012.0,12.470397668003384,18.0,109.22843718657725,235.0616905601281,250.41839055110756,43.18822471867322,248.13248233851647
1709.0,2017073018.0,12.206197483591067,18.0,109.22843718657725,196.82151232444133,230.50265344997257,40.493337323391145,248.13248233851647
1710.0,2017073012.0,38.90760901844077,20.0,100.3462021112321,225.07994506065256,255.95295884197878,41.327755175725166,255.91348813114126
1716.0,2017090200.0,5.067510490059257,20.0,100.3462021112321,252.1933425594464,287.9440368964511,41.21322165491819,255.91348813114126
1716.0,2017090206.0,4.088446418475874,20.0,100.3462021112321,204.3949167441871,273.0196450745045,36.8201951720207,180.0
1716.0,2017090212.0,6.540559303977417,20.0,100.3462021112321,221.34397165303363,256.3452417986753,40.80930945767641,180.0
1716.0,2017090218.0,5.0561826000323755,20.0,100.3462021112321,232.43685798557948,236.597742228024,44.49173290743141,185.68356680175705
1716.0,2017090300.0,8.168796869664147,20.0,100.3462021112321,214.14963919775357,230.51527432479756,42.89221331999133,185.68356680175705
1716.0,2017090306.0,6.334198858272504,20.0,100.3462021112321,200.88584082010684,213.6308621427308,43.238898589741304,330.34093893524056
1716.0,2017090312.0,16.50834100833735,20.0,100.3462021112321,195.0226644422451,226.55846950106599,40.72203427584374,330.34093893524056
1717.0,2017090612.0,15.186809051560637,12.0,151.3872093946261,-42.51901270925421,292.39916511835827,-8.27363331155827,348.7225454504105
1717.0,2017090618.0,13.059377077271142,10.0,175.31944474510186,30.193078578110235,202.8679979173838,8.465258223016127,348.7225454504105
1804.0,2018061000.0,25.272458933151185,10.0,175.31944474510186,210.1159025729324,215.1540381437957,44.321253693874624,0.0
1806.0,2018061312.0,12.618378404133884,14.0,133.7202001013979,200.5898920281793,245.24598472143086,39.280181417693605,0.0
1806.0,2018061318.0,12.190881761764837,14.0,133.7202001013979,208.67243390469318,211.29278630032792,44.64251043267808,336.83020142859874
1806.0,2018061400.0,10.962651553454286,16.0,120.0918404217308,-211.50141879732877,211.6212019772492,-44.98377994901291,336.83020142859874
1806.0,2018061406.0,11.338302418890985,16.0,120.0918404217308,-220.44771171851005,220.4507433246107,-44.999606035737436,302.01718502849155
1806.0,2018061412.0,6.334198858272152,16.0,120.0918404217308,-208.43612149584243,224.99918706733177,-42.811594464306374,302.01718502849155
1806.0,2018061418.0,4.081809430541147,16.0,120.0918404217308,-239.11636938673203,239.13707120081028,-44.99751987863851,162.2517500109794
