 7003,1970071500,19.900000000000002,117.5, 984,3
 7003,1970071506,20.200000000000003,116.9, 985,3
 7003,1970071512,20.6,116.10000000000001, 985,3
 7004,1970080112,21.3,120.5, 996,2
 7004,1970080118,21.400000000000002,119.10000000000001, 996,2
 7004,1970080200,21.8,118.0, 992,3
 7004,1970080206,22.3,117.10000000000001, 990,3
 7004,1970080212,22.700000000000003,116.2, 990,3
 7004,1970080100,23.5,119.9,1001,1
 7004,1970080106,24.1,120.10000000000001, 998,1
 7010,1970090800,25.200000000000003,118.30000000000001, 995,0
 7010,1970090806,25.0,117.4, 996,0
 7010,1970090812,24.400000000000002,117.7, 996,0
 7010,1970090818,24.0,116.80000000000001, 996,0
 7010,1970090900,23.700000000000003,116.0, 997,0
 7010,1970090906,23.5,115.5, 997,0
 7114,1971072018,20.6,119.9, 945,6
 7114,1971072100,20.900000000000002,118.5, 945,6
 7114,1971072106,21.200000000000003,117.60000000000001, 955,5
 7114,1971072112,21.400000000000002,116.60000000000001, 955,5
 7114,1971072118,21.700000000000003,116.0, 960,5
 7114,1971072200,22.3,115.2, 965,4
 7114,1971072000,23.5,119.80000000000001, 997,1
 7114,1971072006,23.6,119.9, 992,1
 7114,1971072012,23.900000000000002,120.0, 990,2
 7114,1971072018,24.200000000000003,120.10000000000001, 990,2
 7115,1971072600,23.3,119.4, 960,4
 7115,1971072606,24.400000000000002,119.0, 975,3
 7115,1971072612,25.0,117.5, 980,1
 7122,1971091900,24.3,120.0, 985,3
 7122,1971091906,24.700000000000003,119.2, 990,3
 7122,1971091912,24.6,118.0, 998,0
 7122,1971091918,24.400000000000002,117.80000000000001,1001,0
 7204,1972071100,21.0,116.0, 980,4
 7204,1972071106,21.5,116.4, 985,3
 7204,1972071112,21.8,116.9, 985,3
 7204,1972071118,22.0,117.10000000000001, 985,3
 7204,1972071200,22.3,117.2, 985,3
 7204,1972071206,22.5,117.10000000000001, 985,3
 7204,1972071212,22.6,116.80000000000001, 985,3
 7204,1972071218,22.700000000000003,116.5, 985,3
 7204,1972071300,22.400000000000002,116.2, 985,3
 7204,1972071306,22.200000000000003,116.30000000000001, 985,3
 7204,1972071312,22.1,116.5, 985,3
 7204,1972071318,22.0,116.80000000000001, 985,3
 7204,1972071400,22.0,117.2, 985,2
 7204,1972071406,22.200000000000003,117.60000000000001, 987,2
 7204,1972071412,22.900000000000002,118.4, 987,2
 7204,1972071418,23.8,118.9, 987,1
 7204,1972071500,24.900000000000002,119.10000000000001, 990,1
 7210,1972082400,20.3,119.2,1003,1
 7210,1972082406,20.200000000000003,118.4,1003,1
 7210,1972082412,19.900000000000002,117.60000000000001,1003,1
 7301,1973070118,20.1,118.0, 990,3
 7301,1973070200,20.8,117.80000000000001, 982,3
 7301,1973070206,21.400000000000002,117.7, 982,3
 7301,1973070212,22.0,117.60000000000001, 982,3
 7301,1973070218,22.8,117.7, 980,4
 7301,1973070300,23.6,117.9, 978,4
 7301,1973070306,24.5,118.2, 978,4
 7304,1973071706,23.400000000000002,115.30000000000001, 982,3
 7304,1973071712,24.200000000000003,116.4, 984,1
 7304,1973071718,25.0,117.60000000000001, 985,0
 7310,1973082006,21.200000000000003,119.5, 995,2
 7310,1973082012,21.1,118.2, 995,1
 7310,1973082018,21.1,116.80000000000001, 996,1
 7310,1973082000,23.700000000000003,120.0, 995,2
 7310,1973082006,24.400000000000002,120.10000000000001, 995,2
 7310,1973082018,24.700000000000003,119.5, 998,2
 7310,1973082100,24.200000000000003,119.30000000000001,1000,2
 7310,1973082106,24.0,119.2,1000,2
 7310,1973082112,23.8,119.0,1002,1
 7310,1973082118,23.6,118.80000000000001,1002,1
 7315,1973100900,20.8,119.7, 975,4
 7315,1973100906,21.3,119.60000000000001, 975,4
 7315,1973100912,22.1,119.4, 975,4
 7315,1973100918,22.900000000000002,119.10000000000001, 975,4
 7315,1973101000,23.8,118.7, 975,4
 7315,1973101006,24.8,117.60000000000001, 990,3
 7412,1974080918,20.5,119.80000000000001, 990,3
 7412,1974081000,21.200000000000003,119.60000000000001, 994,2
 7412,1974081006,21.900000000000002,119.4, 994,2
 7412,1974081012,22.6,119.4, 994,1
 7412,1974081018,23.3,119.30000000000001, 993,1
 7412,1974081100,23.700000000000003,119.10000000000001, 993,1
 7412,1974081106,24.3,119.0, 990,1
 7412,1974081112,24.900000000000002,118.80000000000001, 990,1
 7417,1974082600,20.400000000000002,117.2,1002,1
 7417,1974082606,20.1,116.9,1002,1
 7417,1974082618,20.700000000000003,116.9,1000,1
 7417,1974082700,20.3,117.5, 998,1
 7417,1974082706,20.400000000000002,118.5, 998,1
 7417,1974082712,20.8,120.2, 995,2
 7419,1974090306,21.8,116.80000000000001,1002,0
 7419,1974090312,21.900000000000002,117.10000000000001,1002,0
 7419,1974090318,21.8,117.4,1002,0
 7419,1974090400,21.5,117.60000000000001,1002,0
 7419,1974090406,21.200000000000003,117.2,1002,0
 7419,1974090412,20.900000000000002,116.60000000000001,1000,0
 7419,1974090418,20.700000000000003,116.30000000000001,1000,1
 7420,1974092700,21.200000000000003,120.5, 992,3
 7426,1974110806,20.700000000000003,117.5, 987,4
 7426,1974110812,21.5,117.2, 989,4
 7426,1974110818,22.1,117.0, 990,3
 7426,1974110900,22.400000000000002,116.7, 992,3
 7426,1974110906,22.3,116.30000000000001, 992,2
 7426,1974110912,22.0,115.9, 998,2
 7426,1974110918,21.700000000000003,115.7,1002,1
 7426,1974111000,21.5,115.5,1004,1
 7427,1974120300,23.1,115.9,1007,0
 7503,1975080312,24.3,119.7, 970,4
 7503,1975080318,24.6,118.7, 975,4
 7506,1975081512,23.700000000000003,116.30000000000001, 995,0
 7506,1975081518,24.200000000000003,117.2, 995,0
 7506,1975081600,24.700000000000003,118.30000000000001, 995,1
 7506,1975081606,24.6,119.2, 995,1
 7506,1975081612,24.400000000000002,119.7, 995,1
 7506,1975081618,24.200000000000003,120.2, 995,1
 7511,1975092212,22.5,120.60000000000001, 965,4
 7511,1975092218,22.5,119.60000000000001, 970,4
 7511,1975092300,22.900000000000002,118.9, 980,4
 7511,1975092306,23.400000000000002,117.9, 980,4
 7511,1975092312,23.700000000000003,116.80000000000001, 988,3
 7511,1975092318,23.3,115.7, 995,1
 7514,1975101300,21.200000000000003,119.60000000000001, 930,6
 7514,1975101306,21.400000000000002,118.5, 950,5
 7514,1975101312,21.6,117.4, 960,4
 7514,1975101318,21.8,116.4, 965,4
 7514,1975101400,21.900000000000002,115.5, 965,4
 7607,1976062712,20.3,117.0, 985,3
 7607,1976062718,20.5,117.5, 985,3
 7607,1976062800,21.0,118.0, 980,4
 7607,1976062806,21.0,118.5, 980,4
 7607,1976062812,21.1,119.0, 980,4
 7607,1976062818,21.0,119.5, 980,4
 7607,1976062900,21.0,120.2, 975,4
 7616,1976082306,20.0,117.60000000000001, 994,3
 7616,1976082312,20.700000000000003,117.0, 990,3
 7616,1976082318,21.6,116.2, 985,3
 7616,1976082400,22.6,115.2, 985,3
 7619,1976093000,21.5,115.60000000000001,1006,0
 7619,1976093006,21.6,116.4,1005,1
 7619,1976093012,21.6,117.0,1005,1
 7619,1976093018,21.6,117.60000000000001,1005,1
 7619,1976100100,21.6,118.2,1005,1
 7619,1976100106,21.5,118.9,1005,0
 7701,1977061512,20.5,117.5, 980,3
 7701,1977061518,21.3,117.7, 980,3
 7701,1977061600,22.1,117.80000000000001, 985,3
 7701,1977061606,23.3,118.2, 990,3
 7701,1977061612,24.700000000000003,118.80000000000001, 995,2
 7704,1977072412,20.700000000000003,119.60000000000001, 960,4
 7704,1977072418,21.3,119.80000000000001, 960,4
 7704,1977072500,22.400000000000002,120.30000000000001, 960,4
 7705,1977080100,24.900000000000002,119.2, 965,4
 7707,1977082012,21.1,119.9, 985,2
 7707,1977082018,21.3,119.2, 985,2
 7707,1977082100,21.5,118.7, 988,2
 7707,1977082106,20.700000000000003,118.4, 988,2
 7707,1977082112,21.400000000000002,118.7, 990,2
 7707,1977082118,22.1,119.0, 990,2
 7707,1977082200,23.0,119.80000000000001, 990,2
 7707,1977082206,24.1,120.0, 990,2
 7710,1977091912,20.1,119.0, 970,3
 7710,1977091918,20.400000000000002,119.2, 970,3
 7710,1977092000,20.5,119.10000000000001, 963,4
 7710,1977092006,20.5,119.0, 965,4
 7710,1977092012,20.3,118.80000000000001, 965,4
 7710,1977092018,20.200000000000003,118.60000000000001, 965,4
 7710,1977092100,20.1,118.30000000000001, 965,4
 7710,1977092106,20.1,118.0, 970,4
 7710,1977092112,20.0,117.2, 975,3
 7801,1978042418,20.200000000000003,117.2, 965,4
 7801,1978042500,20.900000000000002,118.80000000000001, 970,4
 7807,1978073006,22.8,115.5, 990,2
 7807,1978073012,23.1,116.2, 993,1
 7807,1978073018,23.6,117.0, 995,0
 7815,1978091012,20.5,119.7,1002,1
 7905,1979070418,20.0,117.9, 980,3
 7905,1979070500,20.3,116.5, 980,3
 7908,1979080112,21.3,120.10000000000001, 920,6
 7908,1979080118,21.8,118.30000000000001, 925,6
 7908,1979080200,22.200000000000003,116.60000000000001, 940,6
 7907,1979072812,22.0,120.0, 975,3
 7907,1979072818,22.5,118.60000000000001, 980,3
 7907,1979072900,22.900000000000002,117.60000000000001, 980,3
 7907,1979072906,22.900000000000002,116.5, 980,3
 7907,1979072912,22.700000000000003,115.4, 990,2
 7913,1979092206,20.5,116.2, 998,1
 7913,1979092212,20.900000000000002,116.0, 996,1
 8003,1980052618,21.0,120.30000000000001,1002,0
 8004,1980052312,21.700000000000003,115.7, 985,3
 8004,1980052318,22.3,116.10000000000001, 985,3
 8004,1980052400,23.6,116.5, 988,2
 8004,1980052406,24.400000000000002,117.5, 988,2
 8006,1980071006,21.1,119.80000000000001, 985,3
 8006,1980071012,21.400000000000002,119.0, 985,3
 8006,1980071018,21.700000000000003,118.4, 985,3
 8006,1980071100,21.900000000000002,117.9, 985,3
 8006,1980071106,22.3,117.30000000000001, 985,3
 8006,1980071112,23.200000000000003,116.80000000000001, 983,3
 8006,1980071118,23.8,116.10000000000001, 985,2
 8009,1980072612,20.200000000000003,117.30000000000001, 988,3
 8009,1980072618,20.8,116.9, 988,3
 8009,1980072700,21.700000000000003,116.5, 988,3
 8009,1980072706,22.5,116.0, 988,3
 8009,1980072712,23.400000000000002,115.80000000000001, 993,3
 8015,1980091806,22.400000000000002,119.7, 940,6
 8015,1980091812,22.900000000000002,118.80000000000001, 955,5
 8015,1980091818,23.5,118.0, 960,5
 8015,1980091900,24.3,117.10000000000001, 980,4
 8103,1981061212,20.400000000000002,117.4, 967,3
 8103,1981061218,21.0,118.80000000000001, 970,3
 8103,1981061300,22.0,120.10000000000001, 970,3
 8111,1981080618,20.0,118.30000000000001, 990,2
 8111,1981080700,20.400000000000002,118.0, 993,2
 8111,1981080706,20.6,117.5, 995,2
 8111,1981080712,20.5,117.0, 995,2
 8116,1981092018,20.200000000000003,119.30000000000001, 956,4
 8116,1981092100,20.6,118.5, 960,4
 8116,1981092106,21.0,117.7, 960,4
 8116,1981092112,21.6,117.0, 960,4
 8116,1981092118,22.5,116.2, 960,4
 8205,1982070106,22.0,115.7, 995,1
 8205,1982070112,22.0,116.4, 996,1
 8205,1982070118,21.900000000000002,117.10000000000001, 996,0
 8205,1982070200,21.8,118.4, 996,0
 8209,1982072900,23.400000000000002,120.30000000000001, 965,4
 8209,1982072906,23.8,119.4, 970,4
 8209,1982072912,24.6,119.30000000000001, 980,2
 8212,1982081500,23.1,119.9, 990,3
 8212,1982081506,23.400000000000002,119.0, 992,2
 8212,1982081512,23.900000000000002,117.80000000000001, 995,2
 8212,1982081518,24.0,116.0,1000,1
 8212,1982081600,24.0,116.0,1000,0
 8214,1982090312,19.900000000000002,118.7,1004,0
 8304,1983072418,21.200000000000003,120.4, 935,6
 8304,1983072500,22.3,119.4, 945,5
 8304,1983072506,23.5,118.2, 950,5
 8304,1983072512,24.5,117.10000000000001, 975,3
 8309,1983090718,20.0,117.5, 963,5
 8309,1983090800,20.3,116.7, 965,5
 8309,1983090806,20.8,115.9, 965,5
 8402,1984062318,21.8,120.60000000000001, 982,3
 8402,1984062400,21.5,118.9, 980,3
 8402,1984062406,21.5,117.60000000000001, 980,3
 8402,1984062412,21.3,116.2, 980,3
 8408,1984081600,20.200000000000003,118.5, 992,1
 8408,1984081606,20.200000000000003,118.0, 988,2
 8408,1984081612,20.0,117.4, 985,2
 8411,1984082918,20.0,118.5, 985,3
 8411,1984083000,20.700000000000003,118.0, 985,3
 8411,1984083006,21.400000000000002,117.5, 980,3
 8411,1984083012,22.0,116.9, 980,3
 8411,1984083018,22.8,116.2, 980,3
 8411,1984083100,23.400000000000002,115.5, 990,1
 8504,1985062218,20.200000000000003,119.0, 965,4
 8504,1985062300,20.900000000000002,118.0, 965,4
 8504,1985062306,21.400000000000002,117.10000000000001, 965,4
 8504,1985062312,21.6,116.2, 965,4
 8504,1985062318,21.8,115.60000000000001, 970,4
 8504,1985062400,22.1,115.4, 970,4
 8504,1985062406,22.900000000000002,115.30000000000001, 975,3
 8510,1985082400,25.200000000000003,117.9, 990,2
 8516,1985091700,21.1,120.30000000000001, 992,2
 8516,1985091706,21.400000000000002,119.5, 998,1
 8516,1985091712,22.8,118.30000000000001,1000,1
 8516,1985091718,23.5,118.0,1004,0
 8604,1986052400,20.3,116.7, 995,2
 8604,1986052406,20.200000000000003,117.10000000000001, 995,2
 8604,1986052412,19.900000000000002,117.60000000000001, 995,2
 8604,1986052418,20.0,118.2, 995,2
 8604,1986052500,20.0,119.0, 995,2
 8607,1986071006,19.900000000000002,118.7, 960,4
 8607,1986071012,20.5,118.0, 970,4
 8607,1986071018,21.3,117.30000000000001, 976,4
 8607,1986071100,22.0,116.4, 976,4
 8607,1986071106,22.700000000000003,115.80000000000001, 978,3
 8616,1986082100,22.3,116.0, 970,4
 8616,1986082106,22.700000000000003,117.10000000000001, 965,4
 8616,1986082112,23.1,118.2, 965,4
 8616,1986082118,23.6,119.2, 965,4
 8616,1986082200,24.0,120.4, 965,4
 8616,1986082418,21.400000000000002,120.7, 990,2
 8616,1986082500,21.200000000000003,119.2, 992,2
 8616,1986082506,20.700000000000003,118.0, 992,2
 8616,1986082512,20.0,117.2, 992,2
 8712,1987090912,21.8,120.5, 955,5
 8712,1987090918,22.5,119.9, 965,4
 8712,1987091000,23.200000000000003,119.5, 975,4
 8712,1987091006,24.1,119.10000000000001, 975,3
 8712,1987091012,24.8,118.5, 980,3
 8719,1987102500,20.200000000000003,119.5, 970,3
 8719,1987102506,20.6,119.30000000000001, 975,3
 8719,1987102512,20.8,119.10000000000001, 985,3
 8719,1987102518,20.900000000000002,118.9, 985,3
 8719,1987102600,20.900000000000002,118.9, 990,3
 8719,1987102606,20.900000000000002,118.9, 995,2
 8719,1987102612,21.0,118.7, 995,2
 8719,1987102618,21.0,118.4, 996,2
 8719,1987102700,21.0,118.0, 996,2
 8719,1987102706,21.0,117.30000000000001,1000,2
 8719,1987102712,21.0,116.4,1002,1
 8719,1987102718,21.200000000000003,115.60000000000001,1004,1
 8802,1988053118,19.900000000000002,117.7, 975,4
 8802,1988060100,20.200000000000003,117.5, 975,4
 8802,1988060106,20.6,118.0, 975,4
 8802,1988060112,21.0,118.7, 975,4
 8802,1988060118,21.6,119.7, 980,4
 8805,1988071812,20.200000000000003,119.30000000000001, 965,4
 8805,1988071818,20.6,118.10000000000001, 965,4
 8805,1988071900,21.3,117.10000000000001, 970,4
 8805,1988071906,22.5,116.5, 970,4
 8805,1988071912,23.400000000000002,115.60000000000001, 975,3
 8817,1988092100,20.3,118.30000000000001, 985,3
 8817,1988092106,20.8,117.80000000000001, 980,3
 8817,1988092112,21.700000000000003,117.2, 970,4
 8817,1988092118,22.400000000000002,116.5, 970,4
 8817,1988092200,23.1,115.9, 985,3
 8817,1988092206,23.700000000000003,115.80000000000001, 998,1
 8819,1988092318,22.3,115.2, 995,2
 8921,1989091112,22.200000000000003,120.7, 975,3
 9003,1990051812,21.0,116.9, 975,4
 9003,1990051818,21.8,118.7, 980,3
 9003,1990051900,22.8,119.9, 990,2
 9006,1990062800,20.200000000000003,119.2, 960,4
 9006,1990062806,21.0,118.60000000000001, 960,4
 9006,1990062812,21.700000000000003,118.2, 960,4
 9006,1990062818,22.400000000000002,117.80000000000001, 960,4
 9006,1990062900,23.0,117.60000000000001, 960,4
 9006,1990062906,23.5,117.5, 965,4
 9006,1990062912,24.200000000000003,117.7, 980,3
 9006,1990062918,25.0,118.30000000000001, 990,3
 9009,1990073012,21.400000000000002,115.80000000000001, 970,4
 9009,1990073018,22.400000000000002,115.7, 970,4
 9012,1990082012,24.6,118.60000000000001, 980,2
 9012,1990082018,24.700000000000003,119.2, 980,2
 9012,1990082112,24.700000000000003,118.2, 985,2
 9012,1990082118,24.200000000000003,117.9, 985,2
 9012,1990082200,24.400000000000002,118.4, 985,2
 9012,1990082206,24.8,118.4, 985,2
 9012,1990082212,25.1,117.9, 990,1
 9012,1990082218,25.0,117.0, 995,1
 9018,1990090718,23.6,120.7, 970,4
 9018,1990090712,23.0,120.0, 985,1
 9018,1990090718,23.400000000000002,119.60000000000001, 970,4
 9018,1990090800,23.6,119.0, 970,4
 9018,1990090806,24.400000000000002,118.60000000000001, 975,4
 9107,1991071900,22.5,118.7, 940,5
 9107,1991071906,23.0,117.30000000000001, 945,5
 9107,1991071912,23.400000000000002,115.7, 970,3
 9108,1991072300,20.0,118.30000000000001, 980,3
 9108,1991072306,20.8,116.5, 975,4
 9110,1991081818,24.3,119.30000000000001,1000,1
 9110,1991081900,23.8,118.9,1000,1
 9110,1991081906,23.5,118.5,1000,1
 9116,1991090606,22.0,115.60000000000001, 980,3
 9116,1991090612,22.6,115.4, 980,3
 9119,1991091618,20.400000000000002,119.4, 995,2
 9119,1991091700,20.6,118.60000000000001, 995,2
 9119,1991091706,20.6,118.60000000000001, 995,2
 9119,1991091712,20.3,118.0, 995,2
 9119,1991091718,20.3,117.80000000000001, 995,2
 9119,1991092300,22.200000000000003,120.7, 950,5
 9119,1991092306,22.400000000000002,120.10000000000001, 960,4
 9119,1991092312,22.700000000000003,119.60000000000001, 975,3
 9119,1991092318,22.700000000000003,119.0, 985,3
 9119,1991092400,22.5,118.5, 990,2
 9119,1991092406,22.400000000000002,118.10000000000001, 990,2
 9119,1991092412,22.0,118.10000000000001, 995,1
 9119,1991092418,21.0,118.0,1000,1
 9119,1991092500,20.1,117.0,1000,1
 9119,1991093012,20.8,117.60000000000001, 980,3
 9119,1991093018,21.700000000000003,117.60000000000001, 975,3
 9119,1991100100,22.200000000000003,117.5, 975,3
 9119,1991100106,22.8,117.5, 970,4
 9119,1991100112,23.5,117.2, 970,4
 9119,1991100118,24.0,116.4, 995,2
 9212,1992081518,20.8,116.7, 995,1
 9212,1992081600,21.200000000000003,117.30000000000001, 990,2
 9212,1992081606,21.0,117.80000000000001, 990,2
 9212,1992081612,20.8,118.0, 990,2
 9212,1992081618,20.8,118.0, 990,2
 9212,1992081700,21.0,117.5, 990,3
 9212,1992081706,21.5,117.5, 985,3
 9212,1992081712,22.0,117.80000000000001, 985,3
 9212,1992081718,22.5,118.0, 985,3
 9212,1992081800,22.5,118.0, 985,3
 9212,1992081806,23.0,118.10000000000001, 985,3
 9212,1992081812,23.200000000000003,117.9, 985,3
 9212,1992081818,23.3,117.7, 990,2
 9212,1992081900,23.6,117.0, 993,2
 9212,1992081906,23.3,116.0, 998,1
 9215,1992090418,23.900000000000002,120.10000000000001, 980,3
 9215,1992090500,24.6,119.5, 980,3
 9215,1992090506,24.400000000000002,117.9, 985,3
 9215,1992090512,24.400000000000002,117.0, 992,1
 9309,1993081818,20.0,118.0, 985,3
 9315,1993091206,21.1,119.7, 970,4
 9315,1993091212,21.3,119.2, 960,4
 9315,1993091218,21.5,118.80000000000001, 955,5
 9315,1993091300,21.900000000000002,118.30000000000001, 950,5
 9315,1993091306,22.1,117.9, 945,5
 9315,1993091312,22.3,117.60000000000001, 945,5
 9315,1993091318,22.6,117.10000000000001, 950,5
 9315,1993091400,23.1,116.30000000000001, 965,4
 9403,1994060412,20.1,117.0, 985,3
 9403,1994060418,20.1,117.0, 985,3
 9403,1994060500,20.200000000000003,117.2, 985,3
 9403,1994060506,20.200000000000003,117.2, 980,3
 9406,1994071018,24.5,119.5, 970,4
 9406,1994071100,25.200000000000003,118.2, 980,3
 9407,1994071106,21.3,119.5, 992,2
 9407,1994071112,23.0,119.0, 998,1
 9413,1994080312,23.5,120.4, 985,3
 9413,1994080318,24.200000000000003,118.9, 990,3
 9413,1994080400,24.3,117.80000000000001, 992,2
 9413,1994080406,24.8,117.0, 992,2
 9424,1994091106,20.400000000000002,117.7, 990,2
 9424,1994091112,20.3,116.60000000000001, 990,2
 9502,1995060718,20.900000000000002,118.2, 995,2
 9502,1995060800,21.900000000000002,118.9, 998,2
 9502,1995060806,22.900000000000002,119.5, 998,1
 9504,1995073018,21.3,117.0, 980,3
 9504,1995073100,22.6,116.80000000000001, 980,3
 9504,1995073106,24.200000000000003,116.9, 980,3
 9509,1995083012,21.1,119.7, 945,5
 9509,1995083018,21.700000000000003,118.2, 950,5
 9509,1995083100,22.3,116.80000000000001, 955,5
 9509,1995083106,22.700000000000003,115.2, 960,4
 9514,1995092112,20.400000000000002,118.60000000000001, 950,5
 9514,1995092118,20.8,119.7, 950,5
 9607,1996072612,23.1,119.9, 975,4
 9607,1996072618,24.1,119.0, 980,3
 9610,1996080606,21.0,115.80000000000001, 990,3
 9610,1996080612,23.200000000000003,117.0, 993,2
 9610,1996080618,24.1,117.9, 995,2
 9610,1996080700,24.8,117.9, 998,1
 9615,1996090806,19.900000000000002,117.80000000000001, 940,5
 9624,1996111006,19.900000000000002,117.80000000000001, 994,2
 9624,1996111012,20.1,117.7, 994,2
 9624,1996111018,20.3,117.9, 994,2
 9624,1996111100,20.200000000000003,118.2, 992,2
 9801,1998070800,20.1,118.30000000000001,1004,1
 9801,1998070806,20.8,118.80000000000001,1002,1
 9801,1998070812,21.6,118.7,1002,1
 9801,1998070818,22.1,118.60000000000001,1002,1
 9801,1998070900,22.5,118.60000000000001,1002,1
 9801,1998070906,22.8,119.0, 998,2
 9801,1998070912,22.900000000000002,119.5, 998,2
 9801,1998070918,23.0,120.30000000000001, 998,2
 9801,1998071000,23.900000000000002,119.80000000000001, 998,2
 9801,1998071006,24.200000000000003,119.30000000000001,1000,1
 9801,1998071012,24.400000000000002,119.10000000000001,1000,1
 9801,1998071018,24.5,118.7,1002,1
 9801,1998071100,24.400000000000002,118.10000000000001,1002,1
 9810,1998102600,20.8,116.2, 975,4
 9810,1998102606,21.700000000000003,116.7, 975,4
 9810,1998102612,22.400000000000002,117.30000000000001, 975,4
 9810,1998102618,23.1,117.7, 980,3
 9810,1998102700,23.6,118.10000000000001, 985,3
 9810,1998102706,24.1,118.5, 995,2
 9810,1998102712,24.5,119.0,1002,1
 9903,1999060600,22.0,119.80000000000001, 970,4
 9903,1999060606,22.5,118.2, 970,4
 9903,1999060612,22.900000000000002,116.5, 970,4
 9905,1999072706,22.8,116.5, 990,2
 9905,1999072712,24.200000000000003,117.5, 990,1
 9908,1999082106,19.900000000000002,117.7, 980,3
 9908,1999082112,20.200000000000003,117.10000000000001, 980,3
 9908,1999082118,21.0,116.0, 980,3
 9908,1999082200,21.5,115.4, 980,3
 9909,1999090300,20.200000000000003,119.5, 995,2
 9909,1999090306,21.400000000000002,118.30000000000001, 995,2
 9909,1999090312,22.0,117.30000000000001, 995,2
 9909,1999090318,22.8,116.60000000000001, 990,2
 9909,1999090400,23.8,115.80000000000001, 998,1
 9910,1999091412,20.400000000000002,116.4, 985,3
 9910,1999091418,20.700000000000003,116.2, 985,3
 9910,1999091500,21.0,116.0, 980,3
 9913,1999092506,21.5,115.5, 985,3
 9913,1999092512,21.6,115.5, 995,2
 9914,1999100706,20.200000000000003,117.9, 970,4
 9914,1999100712,20.700000000000003,118.2, 965,4
 9914,1999100718,21.3,118.2, 965,4
 9914,1999100800,21.700000000000003,118.10000000000001, 965,4
 9914,1999100806,22.200000000000003,117.9, 965,4
 9914,1999100812,22.5,118.0, 965,4
 9914,1999100818,23.3,118.10000000000001, 965,4
 9914,1999100900,24.1,118.10000000000001, 970,4
 9914,1999100906,24.700000000000003,118.0, 980,3
 0004,2000070618,20.1,118.7, 975,3
 0010,2000082218,23.400000000000002,120.2, 940,5
 0010,2000082300,24.200000000000003,118.9, 955,4
 0010,2000082306,25.0,117.9, 970,4
 0013,2000083112,21.5,115.5, 985,3
 0013,2000083118,22.400000000000002,115.2, 980,3
 0021,2000110606,20.1,117.0, 975,3
 0021,2000110612,20.3,116.80000000000001, 980,3
 0021,2000110618,20.400000000000002,116.4, 998,2
 0102,2001062218,21.0,119.9, 970,4
 0102,2001062300,22.200000000000003,119.4, 960,4
 0102,2001062306,23.400000000000002,119.2, 970,4
 0102,2001062312,24.8,119.4, 970,4
 0104,2001070500,20.5,118.5, 965,4
 0104,2001070506,20.900000000000002,117.5, 965,4
 0104,2001070512,21.200000000000003,116.60000000000001, 965,4
 0104,2001070518,21.8,116.0, 965,4
 0105,2001071112,22.6,120.60000000000001, 996,2
 0105,2001071118,23.0,120.0, 996,2
 0105,2001071200,23.6,119.4, 998,1
 0105,2001071206,24.6,119.30000000000001,1000,1
 0107,2001072400,20.400000000000002,118.5, 990,2
 0107,2001072406,20.6,117.0, 980,3
 0116,2001091718,23.200000000000003,120.80000000000001, 995,2
 0116,2001091800,23.200000000000003,120.4, 995,2
 0116,2001091806,23.0,120.0, 995,2
 0116,2001091812,23.0,120.0, 995,2
 0116,2001091818,22.5,119.7, 998,2
 0116,2001091900,22.5,119.7, 998,2
 0116,2001091906,22.5,119.0, 998,2
 0116,2001091912,22.5,119.0, 998,2
 0116,2001091918,22.6,117.9, 995,2
 0116,2001092000,22.900000000000002,116.9, 985,3
 0116,2001092006,23.0,115.4, 995,2
 0119,2001092612,22.700000000000003,120.9, 970,4
 0119,2001092618,23.200000000000003,120.5, 980,3
 0119,2001092700,23.6,120.30000000000001, 985,3
 0119,2001092706,23.8,120.5, 990,2
 0119,2001092712,24.1,120.30000000000001, 990,2
 0119,2001092718,23.8,120.2, 990,2
 0204,2002060700,20.1,118.0, 998,1
 0204,2002060706,20.3,118.80000000000001, 998,1
 0208,2002070718,21.3,116.4, 995,1
 0208,2002070800,21.400000000000002,117.0, 992,1
 0208,2002070806,21.6,117.7, 992,1
 0208,2002070812,22.0,118.5, 992,1
 0208,2002070818,22.400000000000002,118.80000000000001, 995,2
 0208,2002070900,23.200000000000003,119.2, 988,2
 0208,2002070906,24.0,119.7, 988,2
 0208,2002070912,24.200000000000003,120.10000000000001, 988,2
 0212,2002080218,20.200000000000003,117.80000000000001, 998,1
 0212,2002080300,20.8,117.30000000000001, 996,1
 0212,2002080306,20.900000000000002,116.5, 992,1
 0212,2002080418,22.0,115.5, 980,3
 0212,2002080500,23.0,115.7, 985,3
 0212,2002080506,24.1,115.7, 985,2
 0305,2003060200,20.400000000000002,119.4, 990,2
 0305,2003060206,20.700000000000003,120.0, 990,3
 0309,2003080318,22.900000000000002,120.5, 988,3
 0309,2003080400,23.6,119.4, 988,3
 0309,2003080406,23.900000000000002,118.80000000000001, 995,2
 0309,2003080412,24.200000000000003,118.2, 998,2
 0309,2003080418,24.900000000000002,117.9,1000,1
 0313,2003090118,21.6,120.2, 950,5
 0313,2003090200,21.900000000000002,118.0, 950,5
 0313,2003090206,22.3,116.5, 960,4
 0409,2004071500,20.0,118.9, 990,2
 0409,2004071506,20.200000000000003,118.2, 990,2
 0409,2004071512,20.8,117.10000000000001, 990,2
 0409,2004071518,21.200000000000003,116.0, 990,2
 0411,2004072618,21.700000000000003,117.7,1000,1
 0411,2004072700,22.700000000000003,116.60000000000001, 990,2
 0411,2004072706,23.3,115.7,1000,1
 0418,2004082512,24.900000000000002,119.10000000000001, 970,4
 0418,2004082518,24.3,117.9, 980,3
 0418,2004082600,23.700000000000003,117.60000000000001, 985,2
 0418,2004082606,23.6,116.60000000000001, 995,2
 0418,2004082612,23.5,115.60000000000001, 995,1
 0421,2004091018,23.0,119.60000000000001,1002,1
 0421,2004091100,22.700000000000003,120.30000000000001,1000,1
 0428,2004120312,20.200000000000003,118.30000000000001, 980,3
 0428,2004120318,21.6,119.10000000000001, 985,3
 0428,2004120400,22.5,120.60000000000001, 990,3
 0510,2005081212,20.5,119.10000000000001, 985,3
 0510,2005081218,21.5,118.2, 985,3
 0510,2005081300,22.700000000000003,117.2, 980,3
 0510,2005081306,23.8,116.60000000000001, 990,3
 0518,2005092218,20.1,118.9, 990,2
 0518,2005092300,20.1,118.2, 990,2
 0518,2005092306,20.3,117.30000000000001, 990,2
 0518,2005092312,20.3,116.7, 990,2
 0519,2005100200,23.8,120.60000000000001, 960,4
 0519,2005100206,24.0,119.7, 960,4
 0519,2005100212,24.200000000000003,118.7, 970,4
 0519,2005100218,24.700000000000003,117.60000000000001, 990,2
 0601,2006051706,21.3,116.0, 960,4
 0601,2006051712,22.400000000000002,116.7, 960,4
 0601,2006051718,23.400000000000002,117.0, 960,4
 0601,2006051800,24.5,117.80000000000001, 990,2
 0605,2006072418,23.1,120.9, 975,4
 0605,2006072500,23.6,119.60000000000001, 975,4
 0605,2006072506,24.200000000000003,118.80000000000001, 975,4
 0605,2006072512,24.400000000000002,117.60000000000001, 990,2
 0605,2006072518,24.5,117.30000000000001, 992,2
 0609,2006080900,22.8,120.0, 995,2
 0609,2006080906,22.700000000000003,118.7, 998,1
 0609,2006080912,22.5,117.4, 998,1
 0609,2006080918,21.900000000000002,116.80000000000001, 998,1
 0609,2006081000,21.5,116.4, 998,1
 0609,2006081006,21.5,116.0, 998,1
 0609,2006081012,21.6,115.60000000000001, 998,1
 0707,2007080718,22.1,120.30000000000001, 980,3
 0707,2007080800,22.200000000000003,118.9, 980,3
 0707,2007080806,22.3,117.4, 985,3
 0707,2007080812,22.3,116.0, 990,2
 0708,2007080906,23.6,119.4, 998,1
 0709,2007081806,24.0,119.9, 960,4
 0709,2007081812,24.3,119.5, 970,4
 0709,2007081818,24.900000000000002,119.0, 975,4
 0812,2008082100,20.1,118.2, 965,4
 0812,2008082106,20.3,117.2, 970,4
 0812,2008082112,20.6,116.5, 970,4
 0812,2008082118,21.0,115.9, 975,4
 0814,2008092300,20.200000000000003,117.30000000000001, 940,5
 0817,2008100600,23.200000000000003,115.60000000000001,1006,0
 0817,2008100606,23.400000000000002,116.5,1006,0
 0903,2009062000,20.1,117.2, 985,3
 0903,2009062006,20.6,117.4, 980,3
 0903,2009062012,21.200000000000003,117.80000000000001, 980,3
 0903,2009062018,21.900000000000002,118.10000000000001, 980,3
 0903,2009062100,22.900000000000002,118.30000000000001, 980,3
 0903,2009062106,23.8,118.4, 980,3
 0903,2009062112,24.400000000000002,118.5, 980,3
 0903,2009062118,25.1,118.80000000000001, 990,2
 0906,2009071718,21.0,119.60000000000001, 975,4
 0906,2009071800,21.400000000000002,118.30000000000001, 975,4
 0906,2009071806,21.700000000000003,117.2, 970,4
 0906,2009071812,22.3,116.0, 965,4
 1006,2010082912,20.400000000000002,116.30000000000001, 995,2
 1006,2010082918,20.700000000000003,116.30000000000001, 995,2
 1006,2010083000,20.900000000000002,116.5, 995,2
 1006,2010083006,20.900000000000002,116.7, 990,3
 1006,2010083012,20.8,117.0, 985,3
 1006,2010083018,20.8,117.30000000000001, 990,3
 1006,2010083100,20.8,117.60000000000001, 990,3
 1006,2010083106,20.5,118.10000000000001, 990,3
 1006,2010083112,20.700000000000003,119.10000000000001, 990,3
 1006,2010083118,21.5,119.5, 990,3
 1006,2010090100,22.3,119.5, 990,3
 1006,2010090106,22.900000000000002,119.2, 990,3
 1006,2010090112,23.200000000000003,118.9, 990,3
 1006,2010090118,23.6,118.4, 990,2
 1006,2010090200,23.900000000000002,117.5, 990,2
 1006,2010090206,24.200000000000003,116.30000000000001, 995,2
 1008,2010083118,24.8,118.80000000000001, 996,2
 1010,2010090806,21.0,119.7,1000,2
 1010,2010090812,20.900000000000002,119.30000000000001, 995,2
 1010,2010090818,20.700000000000003,119.0, 995,2
 1010,2010090900,21.3,119.4, 992,2
 1010,2010090906,22.200000000000003,119.10000000000001, 985,3
 1010,2010090912,23.1,118.9, 975,4
 1010,2010090918,24.3,118.80000000000001, 970,4
 1011,2010091906,23.200000000000003,120.5, 960,4
 1011,2010091912,23.3,119.80000000000001, 970,4
 1011,2010091918,23.6,119.0, 970,4
 1011,2010092000,23.700000000000003,117.5, 975,4
 1011,2010092006,23.200000000000003,116.30000000000001, 990,3
 1013,2010102106,19.900000000000002,117.60000000000001, 940,5
 1013,2010102112,20.200000000000003,117.80000000000001, 940,5
 1013,2010102118,20.6,118.0, 940,5
 1013,2010102200,21.0,118.2, 950,5
 1013,2010102206,21.6,118.30000000000001, 950,5
 1013,2010102212,22.3,118.30000000000001, 960,4
 1013,2010102218,22.8,118.2, 965,4
 1013,2010102300,23.400000000000002,118.0, 965,4
 1013,2010102306,24.0,117.7, 975,4
 1013,2010102312,24.400000000000002,117.80000000000001, 990,2
 1013,2010102318,24.8,118.0,1002,1
 1103,2011061006,20.1,117.10000000000001, 995,2
 1103,2011061012,21.3,116.9, 995,2
 1103,2011061018,22.6,116.9, 995,2
 1103,2011061100,23.6,116.9, 996,2
 1104,2011062006,20.200000000000003,118.60000000000001,1000,1
 1104,2011062012,19.900000000000002,117.5,1000,1
 1111,2011082900,22.8,120.5, 980,3
 1111,2011082906,23.3,120.0, 985,3
 1111,2011082912,23.700000000000003,119.7, 990,3
 1111,2011082918,23.8,119.5, 990,2
 1111,2011083000,24.1,119.10000000000001, 990,2
 1111,2011083006,24.3,119.0, 992,2
 1111,2011083012,24.5,119.0, 992,2
 1111,2011083018,24.6,119.0, 992,2
 1111,2011083100,24.8,118.9, 996,2
 1111,2011083106,24.900000000000002,118.10000000000001, 996,1
 1205,2012061912,21.0,116.10000000000001, 985,3
 1205,2012061918,21.6,116.9, 985,3
 1205,2012062000,22.700000000000003,117.80000000000001, 990,2
 1205,2012062006,24.0,119.0, 992,2
 1206,2012062900,20.3,117.7, 990,2
 1206,2012062906,20.6,116.4, 990,2
 1214,2012082400,22.200000000000003,120.60000000000001, 955,5
 1214,2012082406,22.200000000000003,120.0, 970,4
 1214,2012082412,22.3,119.60000000000001, 970,4
 1214,2012082418,22.400000000000002,119.0, 975,4
 1214,2012082500,22.400000000000002,118.30000000000001, 975,4
 1214,2012082506,22.3,117.80000000000001, 975,4
 1214,2012082512,21.900000000000002,117.2, 970,4
 1214,2012082518,21.400000000000002,116.80000000000001, 965,4
 1214,2012082600,21.0,116.80000000000001, 965,4
 1214,2012082606,20.8,116.9, 965,4
 1214,2012082612,20.700000000000003,117.2, 970,4
 1214,2012082618,20.5,117.7, 970,4
 1214,2012082700,20.5,118.2, 975,4
 1214,2012082706,20.900000000000002,119.0, 975,4
 1214,2012082712,21.3,119.80000000000001, 975,4
 1308,2013071718,20.700000000000003,118.5, 995,2
 1308,2013071800,21.700000000000003,118.10000000000001, 990,2
 1308,2013071806,23.0,118.10000000000001, 995,2
 1308,2013071812,23.900000000000002,118.10000000000001, 995,2
 1308,2013071818,25.1,117.60000000000001,1002,1
 1319,2013092112,21.1,119.80000000000001, 930,6
 1319,2013092118,21.400000000000002,118.9, 930,5
 1319,2013092200,21.8,117.9, 930,5
 1319,2013092206,22.400000000000002,116.80000000000001, 930,5
 1319,2013092212,22.8,115.4, 935,5
 1406,2014060900,20.700000000000003,120.0,1000,1
 1407,2014061318,20.1,116.9, 996,1
 1407,2014061400,20.400000000000002,116.9, 994,1
 1407,2014061406,20.700000000000003,116.80000000000001, 992,2
 1407,2014061412,21.1,116.80000000000001, 990,2
 1407,2014061418,21.6,116.80000000000001, 988,2
 1407,2014061500,22.200000000000003,116.7, 988,2
 1407,2014061506,22.8,116.7, 986,2
 1407,2014061512,23.3,116.5, 994,2
 1407,2014061518,23.700000000000003,116.5, 998,1
 1407,2014061600,24.3,116.9, 998,1
 1410,2014072300,24.400000000000002,120.10000000000001, 975,4
 1416,2014092012,20.8,119.80000000000001, 990,2
 1416,2014092018,21.400000000000002,120.0, 985,3
 1416,2014092100,21.8,120.30000000000001, 982,3
 1504,2015040600,20.1,117.4,1002,1
 1510,2015070700,20.200000000000003,118.9, 992,2
 1510,2015070706,20.5,118.9, 990,3
 1510,2015070712,20.8,118.80000000000001, 985,3
 1510,2015070718,21.1,118.7, 985,3
 1510,2015070800,21.400000000000002,118.7, 985,3
 1510,2015070806,21.8,118.7, 975,4
 1510,2015070812,22.200000000000003,118.4, 965,4
 1510,2015070818,22.5,117.7, 955,5
 1510,2015070900,22.700000000000003,116.9, 955,5
 1510,2015070906,22.900000000000002,115.7, 970,4
 1513,2015080800,23.8,120.5, 955,5
 1513,2015080806,24.0,119.80000000000001, 965,4
 1521,2015092818,24.1,120.0, 975,4
 1601,2016070800,22.6,120.7, 950,5
 1601,2016070806,23.200000000000003,120.10000000000001, 965,4
 1601,2016070812,23.1,119.80000000000001, 975,4
 1601,2016070818,23.3,119.60000000000001, 985,3
 1601,2016070900,24.3,119.10000000000001, 990,2
 1601,2016070906,24.700000000000003,118.7, 992,2
 1601,2016070912,25.1,118.10000000000001, 995,2
 1604,2016080100,20.1,118.9, 980,3
 1604,2016080106,21.1,117.5, 975,3
 1604,2016080112,21.8,116.0, 965,4
 1608,2016081506,21.900000000000002,117.10000000000001, 995,1
 1608,2016081512,21.700000000000003,116.30000000000001, 995,1
 1608,2016081518,21.6,115.4, 995,1
 1614,2016091406,22.5,119.9, 925,6
 1614,2016091412,23.5,119.0, 935,6
 1614,2016091418,24.3,118.4, 940,6
 1617,2016092712,23.700000000000003,120.5, 960,4
 1617,2016092718,24.400000000000002,119.4, 970,4
 1617,2016092800,24.900000000000002,118.0, 985,3
 1617,2016092806,25.0,117.10000000000001, 990,2
 1619,2016100606,20.6,119.0, 998,2
 1619,2016100612,20.6,118.10000000000001, 995,2
 1619,2016100618,20.5,117.30000000000001, 995,2
 1619,2016100700,20.3,116.5, 992,2
 1619,2016100706,20.700000000000003,116.10000000000001, 992,2
 1619,2016100712,21.0,116.0, 990,3
 1619,2016100718,21.200000000000003,116.10000000000001, 985,3
 1619,2016100800,21.3,116.30000000000001, 985,3
 1619,2016100806,21.5,116.60000000000001, 990,3
 1619,2016100812,21.6,116.9, 992,2
 1619,2016100818,21.700000000000003,117.10000000000001, 995,2
 1619,2016100900,21.8,117.30000000000001, 995,2
 1619,2016100906,21.900000000000002,117.5, 995,2
 1619,2016100912,21.900000000000002,117.7, 998,2
 1619,2016100918,21.8,117.80000000000001, 998,2
 1619,2016101000,21.5,117.80000000000001, 998,2
 1619,2016101006,21.3,117.30000000000001, 998,2
 1619,2016101012,21.0,116.7,1000,1
 1622,2016102018,20.6,116.5, 955,5
 1622,2016102100,21.8,115.7, 955,5
 1707,2017072206,21.3,119.10000000000001,1000,1
 1707,2017072212,21.6,117.7, 998,2
 1707,2017072218,21.8,116.2, 998,2
 1709,2017073100,24.8,116.60000000000001, 994,0
 1710,2017073006,21.700000000000003,120.30000000000001, 985,2
 1710,2017073012,23.200000000000003,120.5, 990,2
 1713,2017082206,20.5,118.80000000000001, 980,3
 1713,2017082212,20.6,117.30000000000001, 975,4
 1713,2017082218,21.1,116.0, 965,4
 1716,2017090100,20.0,118.9, 998,2
 1716,2017090106,20.3,118.60000000000001, 998,2
 1716,2017090112,20.6,118.2, 998,2
 1716,2017090118,20.900000000000002,117.7, 998,2
 1716,2017090200,21.1,117.30000000000001, 990,2
 1716,2017090206,21.3,117.10000000000001, 990,2
 1716,2017090212,21.5,117.0, 990,3
 1716,2017090218,21.8,116.80000000000001, 990,3
 1716,2017090300,22.0,116.60000000000001, 990,3
 1716,2017090306,22.400000000000002,116.4, 990,3
 1716,2017090312,22.6,116.10000000000001, 990,2
 1716,2017090318,23.1,115.30000000000001,1000,1
 1717,2017090606,20.700000000000003,120.0, 998,2
 1717,2017090612,21.700000000000003,120.0, 998,2
 1717,2017090618,22.200000000000003,119.30000000000001,1000,1
 1717,2017090700,22.8,118.9,1002,1
 1717,2017090706,23.700000000000003,119.10000000000001,1002,1
 1717,2017090712,24.5,119.60000000000001,1008,0
 1804,2018061000,22.5,116.30000000000001,1000,0
 1806,2018061312,21.5,117.30000000000001, 996,1
 1806,2018061318,21.700000000000003,118.0, 996,1
 1806,2018061400,21.8,118.7, 994,1
 1806,2018061406,22.0,119.30000000000001, 994,1
 1806,2018061412,22.400000000000002,119.80000000000001, 994,1
 1806,2018061418,22.6,120.10000000000001, 994,1
 1806,2018061500,22.8,120.2, 992,1
 1823,2018091018,21.0,119.5,1002,1
 1823,2018091100,20.8,118.7,1000,2
 1823,2018091106,20.700000000000003,118.10000000000001, 995,2
 1823,2018091112,20.5,117.4, 995,2
 1823,2018091118,20.5,116.4, 995,2
 1826,2018110118,20.6,116.30000000000001, 990,2
 1826,2018110200,20.700000000000003,116.2, 990,2
 1826,2018110206,20.700000000000003,116.0, 995,2
