7004.0,1970080100.0,11.625138097540178,9.0,190.8380043790661,57.18354106649237,265.84618398294504,12.139362027527103,18.419144951715857
7004.0,1970080106.0,9.862343101827404,12.0,151.3872093946261,68.3037371460374,197.991100576471,19.033608740115707,18.419144951715857
7004.0,1970080112.0,9.417601682599662,12.0,151.3872093946261,-44.20521027251974,143.1268179065877,-17.16348340233459,21.78994553716059
7004.0,1970080118.0,9.167072501430924,13.0,141.94028990686283,-69.59703753220361,90.28886998786871,-37.62598163179377,21.78994553716059
7004.0,1970080200.0,52.652894168667984,11.0,162.3711905190999,58.39123413825687,69.19497960229289,40.15985445410671,11.306256496400282
7010.0,1970090612.0,19.116052077232784,30.0,72.40148542303059,-134.69449238092497,285.3527092756651,-25.268626373381604,11.306256496400282
7010.0,1970090618.0,17.672814346895972,28.0,76.53637190808041,-110.14367378133541,196.4190309547171,-29.28190665213398,291.8011483867924
7010.0,1970090700.0,11.897714172326973,28.0,76.53637190808041,-79.70141463628374,129.84397048340557,-31.54262340393636,291.8011483867924
7010.0,1970090706.0,8.590076090508862,25.0,83.84716432679616,-81.50809938286706,88.02905824401546,-42.7973009552759,80.86726411055817
7010.0,1970090712.0,13.536878838558389,22.0,92.93511238619287,78.28235679980826,83.36856542662147,43.19783163752325,80.86726411055817
7010.0,1970090718.0,11.878704301232942,20.0,100.3462021112321,42.18103681919818,132.13725892075283,17.704194219887572,243.42226667409028
7010.0,1970090800.0,15.55228941271807,15.0,126.49595057933435,26.57979232944239,200.41683264901985,7.554626374056415,243.42226667409028
7010.0,1970090806.0,12.212947414184441,14.0,133.7202001013979,289.4789323580848,292.9515762487979,44.658387604923234,253.28315320862413
7010.0,1970090812.0,39.28320104468194,14.0,133.7202001013979,240.98932229376354,296.4751251777901,39.10587988547784,253.28315320862413
7114.0,1971072000.0,2.514114904536584,13.0,141.94028990686283,159.1660961094286,266.9952584493754,30.800788267110036,278.12342402717906
7114.0,1971072006.0,5.812761998369727,18.0,109.22843718657725,53.655339413587285,254.77818631047109,11.892496758861174,278.12342402717906
7114.0,1971072012.0,5.811615957549233,20.0,100.3462021112321,53.71399809720824,220.68513294301715,13.679599522306049,281.3070751674472
7114.0,1971072018.0,14.620435646446198,20.0,100.3462021112321,87.82313602051285,186.8753695590958,25.171443244788446,281.3070751674472
7114.0,1971072100.0,12.204497019490328,18.0,109.22843718657725,-82.6647933444156,114.50239026333436,-35.8273329558777,277.11735292767696
7114.0,1971072106.0,47.12203025869119,15.0,126.49595057933435,-77.5845144623256,77.63758171460238,-44.980411748441476,277.11735292767696
7115.0,1971072600.0,21.483577251214044,50.0,47.99093740128585,175.19325390905635,296.73360970121473,30.557850133967232,261.8593352270141
7115.0,1971072606.0,27.59458634507634,35.0,63.95217374784219,193.34012726942726,201.20156276471297,43.85850471549932,261.8593352270141
7122.0,1971091812.0,14.062415637335407,34.0,65.46204349166737,-190.6647037344929,283.1632098806885,-33.95390200870599,257.4552382026677
7122.0,1971091818.0,15.430847329776427,30.0,72.40148542303059,-163.15323395347087,229.71918230137186,-35.38347567626701,257.4552382026677
7122.0,1971091900.0,15.393503308518381,25.0,83.84716432679616,164.4667393443391,176.33609350104638,43.00533015313433,153.4526881899474
7122.0,1971091906.0,20.297116958397115,20.0,100.3462021112321,117.4695690501975,162.2892607878016,35.898085610717914,153.4526881899474
7122.0,1971091912.0,5.011354670990271,12.0,151.3872093946261,63.8448497585286,258.8732845833254,13.854148221299663,113.2675194005327
7123.0,1971092212.0,19.948967729379135,70.0,36.603799205979946,-54.636036154553096,273.48934704562834,-11.297476151026771,113.2675194005327
7123.0,1971092218.0,20.648872398170514,60.0,41.4398648134883,-43.755568565457175,158.80673434686514,-15.4043279417471,44.96154109311913
7123.0,1971092300.0,20.359023996542515,60.0,41.4398648134883,-28.353642628422364,53.608396150648446,-27.87449857381734,44.96154109311913
7123.0,1971092306.0,29.211654244446056,40.0,57.43436099052307,26.77348273802895,79.96620414604847,18.511059816328096,18.415911747324248
7204.0,1972071418.0,20.663502650929725,23.0,89.66835004458707,-93.17393924389027,263.4386234552044,-19.47785545407602,18.415911747324248
7207.0,1972080106.0,22.82796287035264,22.0,92.93511238619287,138.25968149949557,285.28464523823584,25.856575505011907,18.41992241363482
7207.0,1972080112.0,26.088239713746358,22.0,92.93511238619287,150.25514886092597,183.00347360291335,39.38773417154426,18.41992241363482
7207.0,1972080118.0,13.523212197911883,20.0,100.3462021112321,153.95871190119772,172.55867532339127,41.73968688707704,29.73624882165659
7207.0,1972080200.0,12.29488499130683,14.0,133.7202001013979,171.16083093023136,225.97769601002366,37.14114580160974,29.73624882165659
7207.0,1972080206.0,64.12121625910548,12.0,151.3872093946261,-141.22170628381735,281.93810945330375,-26.60611175864452,26.561885682967784
7209.0,1972081618.0,16.36294111547802,73.0,35.38793200437064,149.4322554743637,195.07861661091977,37.45249150727307,26.561885682967784
7209.0,1972081700.0,14.898827540523696,65.0,38.853919355861585,149.8635930245329,156.64636556003023,43.73230604194642,212.4274682666799
7209.0,1972081706.0,20.325509792702785,55.0,44.44655669143675,163.98461668081853,164.6496357792076,44.88405732105146,212.4274682666799
7209.0,1972081712.0,14.876768030514937,38.0,59.8555314566313,196.1128335411553,205.33459904864526,43.684073447023664,340.02837620962964
7209.0,1972081718.0,62.25546506683853,25.0,83.84716432679616,174.71922478902508,246.8969143970974,35.28553944086665,340.02837620962964
7301.0,1973070306.0,17.42431383778766,32.0,68.73601561075849,-147.45968038296022,249.0805761292051,-30.626210524023726,291.78615760302773
7301.0,1973070312.0,17.413513185281946,22.0,92.93511238619287,-142.98863741221157,173.8016836457755,-39.444522885278545,291.78615760302773
7301.0,1973070318.0,22.784957642913927,20.0,100.3462021112321,-142.44630777133483,142.67606379865455,-44.95383018259382,107.67922889855825
7301.0,1973070400.0,52.61183544733132,16.0,120.0918404217308,186.95134636276146,208.1563492106802,41.927944731548415,284.0326825886664
7304.0,1973071718.0,32.5529670933199,25.0,83.84716432679616,-61.561625064406556,274.10572898216515,-12.658065857975847,284.0326825886664
7304.0,1973071800.0,35.137434773163136,23.0,89.66835004458707,-56.72906640920703,95.92505533602512,-30.59962244857819,296.56922673866796
7304.0,1973071806.0,63.40794965854113,23.0,89.66835004458707,-52.359981149330636,150.5706268944294,-19.174794994135993,296.56922673866796
7310.0,1973082000.0,13.082663139381737,15.0,126.49595057933435,17.7351710975961,242.8773303083945,4.17638872225393,296.565531222213
7310.0,1973082006.0,8.143087135931612,15.0,126.49595057933435,68.58944976935109,164.6454310899043,22.61606552349364,296.565531222213
7310.0,1973082012.0,13.591045421109918,15.0,126.49595057933435,-121.02209291174576,121.03288937321724,-44.99744441667863,265.21309959944347
7310.0,1973082018.0,9.861428403646313,12.0,151.3872093946261,18.032056636725727,146.58227641714805,7.0130983342684,265.21309959944347
7310.0,1973082100.0,4.0743095235897115,10.0,175.31944474510186,1.0786000230942798,205.4970735973849,0.30072769663513904,224.97672621284923
7310.0,1973082106.0,5.0220768770857465,10.0,175.31944474510186,71.6250389338305,229.9428938809696,17.301318042051392,224.97672621284923
7315.0,1973101000.0,26.241945958081942,35.0,63.95217374784219,271.4065106588374,273.6737080738734,44.76168628096755,88.84155320798357
7410.0,1974071906.0,27.99912467405973,15.0,126.49595057933435,164.8855791420969,212.95406316354868,37.74981937876598,289.97441205167047
7412.0,1974081018.0,8.155131648913974,17.0,114.3717338112809,210.93802677769045,299.47639265670836,35.15918546049639,289.97441205167047
7412.0,1974081100.0,11.24764044829292,17.0,114.3717338112809,152.4269780318508,264.561879741414,29.948338681565083,294.4362185337135
7412.0,1974081106.0,11.618967028142523,20.0,100.3462021112321,171.27209812125946,210.41944990877346,39.14406058324707,294.4362185337135
7412.0,1974081112.0,17.71468831991411,20.0,100.3462021112321,157.69106963776002,173.96799838446455,42.19033265240451,322.12218932217695
7413.0,1974082012.0,4.938466351262841,20.0,100.3462021112321,178.26065161697267,281.3007538794247,32.362488032467034,322.12218932217695
7413.0,1974082018.0,4.942508750242824,18.0,109.22843718657725,-186.3154404613466,258.0197429626881,-35.83296053165371,322.43344863018524
7413.0,1974082100.0,11.239905516221773,18.0,109.22843718657725,-66.08279708103412,237.0320403986935,-15.57808086573275,322.43344863018524
7413.0,1974082018.0,4.054672311450464,18.0,109.22843718657725,-40.55838942831417,172.55867532339127,-13.22678548260309,173.9938593681601
7413.0,1974082100.0,4.950527019538904,18.0,109.22843718657725,-99.18231356523711,196.4057075613494,-26.793178537391608,10.301058238698056
7413.0,1974082106.0,4.946529020265722,18.0,109.22843718657725,-98.76311859131485,223.02043003554027,-23.885840132764184,10.301058238698056
7413.0,1974082112.0,4.051011198577071,18.0,109.22843718657725,-20.53215022785468,250.3363223666102,-4.688805227566422,74.29155464310004
7413.0,1974082118.0,3.754314188279075,17.0,114.3717338112809,-180.6890077444889,274.5906970166743,-33.34612921611943,296.56111365779293
7420.0,1974092806.0,5.007731406627528,24.0,86.64829809982032,49.348718065926775,242.3242201562231,11.510738408085922,296.56111365779293
7420.0,1974092812.0,2.502499755044885,24.0,86.64829809982032,49.160495585306535,212.95406316354868,12.99902326207837,301.61106879286973
7420.0,1974092900.0,5.5597463322280625,20.0,100.3462021112321,-160.65452971905532,190.0456951317892,-40.209402295259956,301.61106879286973
7420.0,1974092906.0,6.956131835671148,15.0,126.49595057933435,-28.956043849831644,172.9163715862698,-9.506371273471173,309.8151683148897
7420.0,1974092912.0,6.4893718898043495,12.0,151.3872093946261,65.18155981430395,132.13725892075283,26.256513201803454,309.8151683148897
7420.0,1974092918.0,5.559746332227886,10.0,175.31944474510186,-96.03582298676595,100.11726838612208,-43.80799300976822,303.7063417456669
7503.0,1975080306.0,19.4145433944435,60.0,41.4398648134883,-180.93641647880196,219.0773004998519,-39.55337416762896,303.7063417456669
7503.0,1975080312.0,17.762990277555144,40.0,57.43436099052307,181.4202822973569,181.43763970283314,44.997259241107805,130.58285314480128
7503.0,1975080318.0,23.97603336268878,35.0,63.95217374784219,193.44226288813664,203.77738917818036,43.50957639316992,130.58285314480128
7503.0,1975080400.0,17.441055805953713,25.0,83.84716432679616,207.0557617136086,273.46934345030047,37.130977939612805,319.3969232011467
7506.0,1975081600.0,15.27213262332137,15.0,126.49595057933435,142.8498674039028,227.61263635679268,32.11241377949439,319.3969232011467
7506.0,1975081606.0,9.210605621322932,15.0,126.49595057933435,165.7668590416826,171.425924796107,44.038502121078785,315.001414289998
7506.0,1975081612.0,9.222839594155795,15.0,126.49595057933435,170.06076221842224,170.6882672394949,44.89448730420392,315.001414289998
7513.0,1975100700.0,56.800337238696464,10.0,175.31944474510186,-117.64989357325952,223.02043003554027,-27.812976705757322,294.453453259418
7613.0,1976080918.0,23.82366703709218,55.0,44.44655669143675,-92.05958521662207,181.18216418169476,-26.935356776171968,294.453453259418
7613.0,1976081000.0,31.08031017285055,45.0,52.23889874427604,96.70411389975663,97.98024838350291,44.624437874815335,276.3501578777741
7613.0,1976081006.0,15.45188048659066,35.0,63.95217374784219,180.17318194231353,192.97974324172097,43.034387570394216,276.3501578777741
7701.0,1977061612.0,16.424577297295333,15.0,126.49595057933435,-27.103115971647224,188.77589348037716,-8.170291999944583,191.97461999167103
7701.0,1977061618.0,30.139000955109662,12.0,151.3872093946261,-49.35558782511414,92.20268034883335,-28.15989838469496,191.97461999167103
7701.0,1977061700.0,29.161488790760213,12.0,151.3872093946261,-73.5261158680641,113.52811443242442,-32.92898141181445,18.43223423786538
7704.0,1977072506.0,31.63969414559755,35.0,63.95217374784219,-76.03785994909595,176.33609350104618,-23.326181219607466,18.43223423786538
7704.0,1977072512.0,21.065886985556638,20.0,100.3462021112321,55.91603164087604,75.58298980861888,36.49390649760508,18.435628234600347
7705.0,1977073106.0,20.24847789964078,80.0,32.87325033719918,-110.6001472026483,274.10572898216276,-21.97380353175882,18.435628234600347
7705.0,1977073112.0,20.264752040778856,65.0,38.853919355861585,-113.56236817729636,173.96799838446256,-33.13559217919092,14.035627198268601
7705.0,1977073118.0,18.5907918949641,60.0,41.4398648134883,-117.88946354352412,121.03288937321724,-44.24622104137821,14.035627198268601
7705.0,1977080100.0,24.636935404658516,45.0,52.23889874427604,127.67746448596036,144.84999406187526,41.39443911776352,210.96183140938663
7705.0,1977080106.0,43.20315703251654,30.0,72.40148542303059,165.07294884852067,244.3362356135775,34.042861874987246,210.96183140938663
7707.0,1977082206.0,41.80243267230576,20.0,100.3462021112321,113.85964787572198,198.50340383273004,29.838168711736973,58.00733645410653
7707.0,1977082212.0,26.284510870878986,20.0,100.3462021112321,-98.56493523729063,135.06460787726553,-36.1205243073245,58.00733645410653
7707.0,1977082218.0,57.10320161278428,20.0,100.3462021112321,-115.65200292819058,265.0467716313189,-23.573839964322403,60.94953937757667
7707.0,1977082112.0,11.217057919115229,15.0,126.49595057933435,-143.33656815047786,157.43805985973097,-42.31571524184474,60.94953937757667
7707.0,1977082118.0,6.972003189213599,18.0,109.22843718657725,-123.45469661974663,138.43845232095646,-41.725492551814995,196.84600459669636
7707.0,1977082200.0,8.398064231902513,18.0,109.22843718657725,-91.6121364488588,159.14964752114403,-29.92624485890259,196.84600459669636
7707.0,1977082206.0,29.7713851414902,18.0,109.22843718657725,-10.755371699300104,201.1266594405078,-3.061011439249028,8.124327204945875
7707.0,1977082206.0,36.40171255965513,16.0,120.0918404217308,-23.892269087009872,25.02280243523548,-43.67600603456308,8.124327204945875
7707.0,1977082212.0,46.36106725887711,20.0,100.3462021112321,-139.6088410347424,209.76164222635657,-33.646125465291625,26.554400316285772
7803.0,1978062418.0,22.06447901648238,9.0,190.8380043790661,-85.9706215963036,173.96799838446256,-26.297427524498765,26.554400316285772
7811.0,1978081300.0,38.66492511241889,25.0,83.84716432679616,-45.84257810383701,297.2124682707618,-8.76830416070618,262.85828701329774
7811.0,1978081306.0,33.71382400162325,20.0,100.3462021112321,-73.26916328508709,77.09564348369172,-43.542252924506535,262.85828701329774
7811.0,1978081312.0,15.066916743766877,14.0,133.7202001013979,48.44786901299929,192.97974324172097,14.09293621385772,201.78353371056014
7815.0,1978091200.0,9.416870256953983,18.0,109.22843718657725,-293.8627153440524,296.95631945812784,-44.69999470410986,201.78353371056014
7815.0,1978091206.0,16.277173640613935,20.0,100.3462021112321,-277.91378792237447,290.63603043536773,-43.71812609408388,206.5406995356041
8004.0,1980052412.0,24.388274750695604,12.0,151.3872093946261,-119.51306472850811,181.9918957668034,-33.292683162630496,206.5406995356041
8004.0,1980052418.0,51.01595769574422,12.0,151.3872093946261,18.68972489866524,119.7033489865752,8.87415346307777,224.96300039029256
8012.0,1980082718.0,18.37166595049317,35.0,63.95217374784219,-62.55253819301369,188.77589348037532,-18.333065201949978,224.96300039029256
8012.0,1980082800.0,19.140372420791778,30.0,72.40148542303059,-59.237727179899814,93.5763174207642,-32.335523182052334,224.95772566527194
8012.0,1980082806.0,17.639977404521975,30.0,72.40148542303059,57.14004717358791,72.16645546809407,38.37152135234884,333.4621513846364
8012.0,1980082812.0,21.977144129406,20.0,100.3462021112321,39.348201270654435,156.8407064249821,14.083689684423703,312.27357296023575
8103.0,1981061312.0,27.798731661139666,30.0,72.40148542303059,-186.93621180485522,282.18038418759807,-33.52330303222806,312.27357296023575
8103.0,1981061318.0,28.440742501197587,26.0,81.24123960938374,-179.84786896866117,183.36744851209593,-44.44481762617539,89.93167885437443
8103.0,1981061400.0,51.03481691011023,25.0,83.84716432679616,-221.7301023062602,264.70188889756946,-39.951551188697835,352.4045760899194
8104.0,1981062006.0,13.958948483963583,45.0,52.23889874427604,29.973123177223936,271.90878700906694,6.290447218729795,352.4045760899194
8104.0,1981062012.0,17.01333079570719,30.0,72.40148542303059,111.82804822703348,188.77589348037532,30.641873369650696,218.61484939200318
8104.0,1981062018.0,19.193230854232063,30.0,72.40148542303059,-119.1527019570572,119.31884025293348,-44.96008319675827,333.46342056702116
8104.0,1981062100.0,34.89766572724505,30.0,72.40148542303059,-156.681684426456,165.29736058422188,-43.46721666822792,333.46342056702116
8107.0,1981071906.0,22.470904748981734,23.0,89.66835004458707,-2.114430304634115,295.7593545121275,-0.4096095922910026,350.54506104144235
8107.0,1981071912.0,17.646621951715908,23.0,89.66835004458707,-81.63769501703966,160.95935352259622,-26.893871782473,350.54506104144235
8107.0,1981071918.0,20.08569318386932,23.0,89.66835004458707,-32.129793226480686,93.60640111750634,-18.94445268706658,341.57211374351385
8107.0,1981072000.0,35.03843636006906,23.0,89.66835004458707,8.04499352818893,45.904809630777436,9.940355917503444,341.57211374351385
8108.0,1981072200.0,13.901096394533198,13.0,141.94028990686283,157.03861168104507,239.2356893614265,33.281615417257186,299.05048979874215
8108.0,1981072206.0,7.468246423329734,15.0,126.49595057933435,146.55774525733506,186.51666717379834,38.15892366820905,299.05048979874215
8108.0,1981072212.0,8.120111355388934,16.0,120.0918404217308,163.56058637009647,165.17342092231692,44.71889774283642,39.80681691276981
8108.0,1981072218.0,9.836668155952191,16.0,120.0918404217308,165.01269391002995,169.0031939470359,44.31551778969331,224.99066058398643
8108.0,1981072300.0,19.173918218590313,15.0,126.49595057933435,161.0429114475519,194.95097216011845,39.559048901743886,224.99066058398643
8209.0,1982072900.0,16.986995380990994,45.0,52.23889874427604,-245.13020598662268,276.17973389801926,-41.591456288809816,135.0069303008804
8209.0,1982072906.0,14.922041228135939,40.0,57.43436099052307,110.301395866561,243.3505412041107,24.382949973126518,135.0069303008804
8209.0,1982072912.0,29.21362209985524,30.0,72.40148542303059,152.2091811401239,166.03035744869103,42.513201054006025,170.53834077946274
8209.0,1982072900.0,17.530156512715184,45.0,52.23889874427604,-56.19928134733052,195.4287543425488,-16.043602915561117,170.53834077946274
8209.0,1982072906.0,10.24262157143643,35.0,63.95217374784219,-93.53640041277204,99.0039278178732,-43.37342085869198,26.561598632117065
8209.0,1982072912.0,20.097270428510633,30.0,72.40148542303059,97.77360979436358,97.78781196719979,44.99583903330898,26.561598632117065
8209.0,1982072918.0,15.414096255610703,30.0,72.40148542303059,128.81966426935657,146.54544456600726,41.31684250499293,44.993070847541446
8211.0,1982080918.0,5.803699214818408,72.0,35.7830559007621,280.6174910699599,295.10463481257256,43.558545820960255,44.993070847541446
8212.0,1982081506.0,27.635410291252068,18.0,109.22843718657725,151.51907320176537,299.2515658881963,26.854313598388785,44.99066234592237
8403.0,1984070306.0,17.940472340521424,15.0,126.49595057933435,-118.65010798031538,176.33609350104618,-33.93516759524668,44.99066234592237
8403.0,1984070312.0,22.30159025695659,20.0,100.3462021112321,-86.20278000736624,114.84393370750477,-36.89218754649733,26.556132950965775
8403.0,1984070318.0,31.548351329500417,25.0,83.84716432679616,-84.18531006720883,96.8836325675909,-40.98842836023528,26.556132950965775
8403.0,1984070400.0,57.83265253029402,12.0,151.3872093946261,-132.61214570912531,253.84375839526817,-27.583305439954792,63.42285584553539
8407.0,1984080706.0,17.491663971592516,25.0,83.84716432679616,27.311224419206756,173.96799838446256,8.922039146104746,63.42285584553539
8407.0,1984080712.0,23.5669578204884,23.0,89.66835004458707,23.114261828919417,72.16645546809175,17.759791547652117,167.79852304481926
8407.0,1984080718.0,29.195025384339257,22.0,92.93511238619287,10.916367214858388,77.28140257857953,8.040109562338452,315.01269626346516
8506.0,1985072918.0,12.42783522282277,42.0,55.22228941850776,231.79105179497708,280.5272281476605,39.56587909083476,315.01269626346516
8506.0,1985073000.0,11.374203991179142,42.0,55.22228941850776,243.42508392200418,251.17394478495902,44.10242301778376,315.0121190259165
8506.0,1985073006.0,11.062785015604511,45.0,52.23889874427604,244.35028183654484,249.74305482391034,44.37467105767304,315.0121190259165
8506.0,1985073012.0,14.827471507391872,45.0,52.23889874427604,248.27297677787885,252.02581070013298,44.570221800355924,270.0015161767609
8506.0,1985073018.0,64.67773724563223,35.0,63.95217374784219,-222.9563956332779,289.86964640287914,-37.5660766072061,0.0
8510.0,1985082218.0,16.741011176012503,55.0,44.44655669143675,-48.113169617906294,280.78859060565173,-9.723214048793178,0.0
8510.0,1985082300.0,19.214072106384396,55.0,44.44655669143675,-0.24728150733147533,183.36744851209593,-0.0772665936506993,284.0352602995009
8510.0,1985082306.0,15.136806830033345,55.0,44.44655669143675,-10.816847615802637,68.08581454199219,-9.027182202076409,284.0352602995009
8510.0,1985082312.0,20.80400464358378,45.0,52.23889874427604,1.712020309759287,26.553624344072496,3.688986325017164,326.3133483740304
8510.0,1985082318.0,14.506077061428215,35.0,63.95217374784219,15.54000182030319,151.31347602026278,5.863759179057073,326.3133483740304
8519.0,1985100400.0,32.20951882960467,48.0,49.594200154810714,223.4374378397228,298.95437044750105,36.77430824894804,0.0
8519.0,1985100406.0,12.461317605587267,45.0,52.23889874427604,-129.59541718763933,217.72500895446495,-30.762174989352207,0.0
8605.0,1986062400.0,58.584080511318554,35.0,63.95217374784219,-118.06815940814371,166.40378492737267,-35.35677127649235,11.310009561072476
8616.0,1986082118.0,21.65592993024183,45.0,52.23889874427604,204.4152342620665,271.0664431687157,37.02048908340694,189.45522717879896
8616.0,1986082200.0,29.22276849361406,45.0,52.23889874427604,-205.1948858952337,210.56043449957195,-44.26060784072778,285.2444759004281
8616.0,1986082206.0,16.858266720070258,35.0,63.95217374784219,-199.99477541623662,234.25900900142565,-40.488497642156034,285.2444759004281
8616.0,1986082212.0,36.300193447097705,30.0,72.40148542303059,-233.91487997228072,292.9515762487979,-38.60653472444154,286.6912091564055
8617.0,1986091906.0,17.99661168810043,64.0,39.341888886461795,12.601082025008168,254.39521486715262,2.835742028319245,286.6912091564055
8617.0,1986091912.0,11.615823462857449,50.0,47.99093740128585,26.508126981908116,146.5822764171469,10.250656116950848,300.24847914812426
8617.0,1986091918.0,22.931875101122586,35.0,63.95217374784219,-77.20230363940789,78.71459276905647,-44.44428686374126,300.24847914812426
8617.0,1986092000.0,22.302008054415527,30.0,72.40148542303059,-164.32052987434776,165.07120805957499,-44.86942411611895,126.89163202710847
8705.0,1987072106.0,25.006232569298394,20.0,100.3462021112321,118.66451261550947,203.71160090171534,30.22132599927574,126.89163202710847
8705.0,1987072112.0,16.761564620261183,15.0,126.49595057933435,-113.1031409591504,115.76235938615137,-44.334302738980796,96.35925194497983
8705.0,1987072118.0,29.698643468254172,12.0,151.3872093946261,-136.87469574369726,168.42059650788252,-39.10061253259291,96.35925194497983
8707.0,1987072700.0,22.709251488727315,40.0,57.43436099052307,92.62960120404658,149.9630211666864,31.70291816703352,111.82405582506215
8707.0,1987072706.0,24.148700965922178,40.0,57.43436099052307,81.63942161871249,94.59499728118567,40.79556053896962,111.82405582506215
8712.0,1987091006.0,16.454522661664935,35.0,63.95217374784219,212.38180714351165,224.43778567547432,43.41906958991659,111.82760297281602
8712.0,1987091012.0,15.346052314065377,30.0,72.40148542303059,176.8651578639135,204.73365780077586,40.82305380464515,111.82760297281602
8912.0,1989073006.0,7.599983135364269,14.0,133.7202001013979,144.62197878910163,186.94627279508555,37.725601697593866,9.46664000538127
8912.0,1989073012.0,31.567749168765786,12.0,151.3872093946261,-153.7576411310882,160.95935352259622,-43.689121552348325,166.8665259175852
8918.0,1989081818.0,10.569877689102364,10.0,175.31944474510186,186.80108959652483,273.87495762985907,34.29661058423334,166.8665259175852
8918.0,1989081900.0,14.956660916757242,10.0,175.31944474510186,114.73193167746903,235.39042516345197,25.98512296196545,278.112301761851
8918.0,1989081906.0,8.635723441525302,12.0,151.3872093946261,43.41867909578934,165.35152375962755,14.712811122266215,278.112301761851
8918.0,1989081912.0,3.3083668121023386,15.0,126.49595057933435,99.61386031723852,116.05566961550198,40.64042459955915,282.5092054206217
8918.0,1989081918.0,8.27091254861985,10.0,175.31944474510186,101.01905438792433,108.08124368449664,43.065617814593715,282.5092054206217
8921.0,1989091118.0,17.432515431079715,35.0,63.95217374784219,47.24034571037115,258.7597636207075,10.346233311527019,144.4790086178621
8921.0,1989091200.0,22.06956558446296,30.0,72.40148542303059,-30.833705866829497,156.58389618102925,-11.139868722328584,144.4790086178621
8921.0,1989091200.0,11.247838166712638,40.0,57.43436099052307,-185.3946701795303,287.85023648114895,-32.784224959004696,40.59931816874571
8921.0,1989091206.0,18.60880982155669,35.0,63.95217374784219,136.3539299718091,237.13564374061698,29.899071583936795,40.59931816874571
8921.0,1989091212.0,8.7057310221642,35.0,63.95217374784219,27.328973460484494,155.11938344485822,9.99184685964868,25.019926666435147
8921.0,1989091218.0,14.587545835693005,35.0,63.95217374784219,64.77561147739637,104.14941167557728,31.87950079953062,25.019926666435147
8921.0,1989091300.0,9.842544739153922,35.0,63.95217374784219,64.76235385877015,65.46358402965078,44.69148127018062,37.5581275999331
8921.0,1989091306.0,16.95194832612876,30.0,72.40148542303059,95.56422119788178,97.62799192980786,44.387962623596955,37.5581275999331
8921.0,1989091312.0,6.193946907219072,15.0,126.49595057933435,130.56888829826644,130.59672562490778,44.99389291224264,191.59171515849488
9003.0,1990051906.0,16.469272786351908,15.0,126.49595057933435,-240.68790090051525,241.23488766038994,-44.93496879567355,329.0321623754845
9005.0,1990062306.0,22.493675416217002,45.0,52.23889874427604,96.7834623268032,263.4386234552044,20.172587043676472,329.0321623754845
9005.0,1990062312.0,31.86907058460605,40.0,57.43436099052307,63.97219359694198,143.8427916683671,23.976478754965168,311.63018817572606
9005.0,1990062318.0,35.364715038030354,30.0,72.40148542303059,46.192766371533715,87.33944197367322,27.873817681516606,311.63018817572606
9006.0,1990062918.0,17.025677282729493,20.0,100.3462021112321,-113.03152704728946,209.95594534393342,-28.296170249135717,110.87733039760667
9006.0,1990063000.0,16.679238996683893,15.0,126.49595057933435,-135.16012274539284,135.39596950906332,-44.950054642515056,265.2170290688247
9006.0,1990063006.0,50.84534798986624,13.0,141.94028990686283,19.202236284658625,162.5621638313254,6.736699720185176,265.2170290688247
9012.0,1990081906.0,6.972003189213599,50.0,47.99093740128585,-76.43661498156207,144.84999406187526,-27.820385912252505,265.21573366744553
9012.0,1990081912.0,6.493653234771604,45.0,52.23889874427604,-3.2900860583939546,112.36037939117512,-1.6772299802298993,265.21573366744553
9012.0,1990081918.0,14.49582585193037,45.0,52.23889874427604,-45.5486529243318,73.4260986624292,-31.812704303640906,275.1797458571258
9012.0,1990082000.0,16.791751872777976,40.0,57.43436099052307,7.542341955442367,54.78046567344088,7.839370009505665,275.1797458571258
9012.0,1990082006.0,11.616612931454704,30.0,72.40148542303059,109.40030252814054,155.11938344486043,35.19398526463523,285.9313691756323
9012.0,1990082012.0,10.274708004555919,30.0,72.40148542303059,105.80075361103283,211.0919171502607,26.620350805132592,285.9313691756323
9012.0,1990082018.0,13.400261404244189,30.0,72.40148542303059,132.5880297233704,162.2892607878016,39.24833629540464,118.65745344752443
9012.0,1990082100.0,9.160763187918358,25.0,83.84716432679616,1.8521029476965556,127.03768203368553,0.8352652762511171,118.65745344752443
9012.0,1990082106.0,10.548628857808003,25.0,83.84716432679616,108.67912579983017,181.9918957668034,30.844155712618818,39.818281343739876
9012.0,1990082112.0,10.558332376514018,25.0,83.84716432679616,110.38141789592456,235.8985605633339,25.075786661097037,39.818281343739876
9012.0,1990082118.0,9.222839594155795,25.0,83.84716432679616,75.59916264623581,293.71900989857954,14.43383968240543,42.27621016593995
9012.0,1990082200.0,7.412995109637259,25.0,83.84716432679616,-184.10757811556786,241.06248259439428,-37.37019742590468,42.27621016593995
9012.0,1990082206.0,10.07449025553,25.0,83.84716432679616,189.11861174274904,212.95406316354868,41.60739356023015,218.64644858120528
9015.0,1990083012.0,16.969801068792723,55.0,44.44655669143675,272.75003281259416,285.71274849372696,43.67032220518941,218.64644858120528
9015.0,1990083018.0,44.5090352900142,55.0,44.44655669143675,-238.61122276584086,280.3033362996703,-40.40644635620182,51.33310360539864
9017.0,1990090312.0,22.531796006397002,10.0,175.31944474510186,52.92804883565945,255.4480815439712,11.70587009935182,51.33310360539864
9017.0,1990090318.0,12.461317605587267,12.0,151.3872093946261,75.94273326369674,126.73900525873664,30.93028117657156,75.96391268025886
9017.0,1990090400.0,11.397933752404134,15.0,126.49595057933435,79.91355145762437,82.94961875806555,43.93202560210994,75.96391268025886
9017.0,1990090406.0,8.640203445702378,20.0,100.3462021112321,94.82706403866814,97.62799192980786,44.16619484466301,89.99293221737136
9017.0,1990090418.0,17.393631473612327,10.0,175.31944474510186,-44.64036698535296,124.63777012797081,-19.705534919462597,89.99293221737136
9018.0,1990090718.0,19.05877311092058,40.0,57.43436099052307,-259.1276439092422,259.53631731666724,-44.954854668244884,293.6153153033491
9018.0,1990090718.0,10.849957035417132,40.0,57.43436099052307,279.8004809119817,281.3090101894231,44.84596205553571,293.6153153033491
9018.0,1990090800.0,16.299393052812817,40.0,57.43436099052307,223.65102617075732,278.8539739792144,38.730880797751894,32.907658165947815
9110.0,1991081712.0,10.23452498541568,30.0,72.40148542303059,-37.09405419464397,260.75024866214005,-8.096510582072295,32.907658165947815
9110.0,1991081718.0,17.6466219517155,30.0,72.40148542303059,-12.145459849673891,200.41683264901752,-3.467940190361576,177.70969527585396
9110.0,1991081800.0,16.065798911168695,25.0,83.84716432679616,-64.27241676304983,95.07779889293944,-34.058620872908605,177.70969527585396
9110.0,1991081806.0,10.004489043035003,20.0,100.3462021112321,49.493337238343685,75.77877168931903,33.14973063941279,155.58242256552612
9110.0,1991081812.0,11.459879760815754,15.0,126.49595057933435,35.40142208184737,128.32293495774462,15.422987734467025,155.58242256552612
9110.0,1991081818.0,11.475563672890297,10.0,175.31944474510186,35.07654466458236,195.4287543425488,10.175394037765733,309.457501766624
9110.0,1991081900.0,47.65816469862457,10.0,175.31944474510186,235.03281903214085,263.4386234552044,41.738480377984715,309.457501766624
9215.0,1992090412.0,27.704210398356086,35.0,63.95217374784219,-211.35772624171813,297.94574210603525,-35.35125204980919,275.68847883330585
9215.0,1992090418.0,16.464372684838516,30.0,72.40148542303059,147.46302124211135,220.22370166931898,33.806485613514226,275.68847883330585
9215.0,1992090500.0,27.23537059589548,30.0,72.40148542303059,129.72139534320593,156.6252194692858,39.632506503919394,270.0095825129888
9216.0,1992083000.0,10.044141542366315,35.0,63.95217374784219,-32.413774427711225,299.93698743194716,-6.167938363801544,270.0095825129888
9216.0,1992083006.0,18.68783813118893,35.0,63.95217374784219,34.00683562924317,240.17647439716077,8.058998011735492,88.9519533628571
9216.0,1992083012.0,17.186818965572527,35.0,63.95217374784219,-73.89836077744124,129.84397048340557,-29.645589910633888,270.00977490594227
9216.0,1992083018.0,21.413206547729356,35.0,63.95217374784219,76.67520284913701,77.09564348369221,44.84334212602256,258.6772066039381
9216.0,1992083100.0,4.065310766030387,32.0,68.73601561075849,134.11783698680688,138.75538421923042,44.02633792947978,240.23750193283593
9216.0,1992083106.0,7.597828425639829,28.0,76.53637190808041,-138.89344705242775,145.38339733979447,-43.692182684742036,89.95496290095664
9216.0,1992083112.0,24.148901547758943,24.0,86.64829809982032,132.85541098525235,139.48864711654122,43.60477473978836,11.307626004718832
9219.0,1992092206.0,35.252048280474156,35.0,63.95217374784219,112.35974285958191,278.8539739792144,21.94618075777142,11.307626004718832
9219.0,1992092212.0,19.194339881984494,30.0,72.40148542303059,91.03716696799823,113.38086645700072,38.762108152325446,206.55051277269507
9219.0,1992092218.0,33.39902400664267,30.0,72.40148542303059,81.89367689919659,101.74926457336213,38.82911662241874,206.55051277269507
9406.0,1994071012.0,36.67336368874371,60.0,41.4398648134883,-166.0393246213142,299.2515658881963,-29.02364423248266,278.2642452221752
9406.0,1994071018.0,25.42059116132481,40.0,57.43436099052307,166.56572666958138,166.8047740114689,44.958915376679904,26.56762589982917
9406.0,1994071100.0,48.70429564730879,30.0,72.40148542303059,175.8301999422431,209.74217730302632,39.97363844148379,26.56762589982917
9413.0,1994080312.0,28.54294545204495,25.0,83.84716432679616,-227.86825438007503,265.84618398294504,-40.601306656795046,125.33340218669562
9413.0,1994080318.0,18.679051603901694,20.0,100.3462021112321,192.12018631927026,225.28516194275454,40.45710311060426,125.33340218669562
9414.0,1994080718.0,16.272645894323297,65.0,38.853919355861585,121.11869267354292,221.3254567814148,28.68935190608375,291.7947650312844
9414.0,1994080800.0,16.76213207856344,50.0,47.99093740128585,141.84467288592217,148.53297924778084,43.680532136135156,291.7947650312844
9414.0,1994080806.0,17.399935465779745,50.0,47.99093740128585,-110.47548196533498,151.31741395465014,-36.13284531081105,296.55894523916743
9414.0,1994080812.0,20.99193237427176,50.0,47.99093740128585,-234.32131033895493,235.4943178231828,-44.85694763114966,296.55894523916743
9417.0,1994082100.0,13.748855879198324,60.0,41.4398648134883,190.23242968270358,266.62442766026874,35.50727365601698,299.0501754898802
9417.0,1994082106.0,16.111730243694502,55.0,44.44655669143675,198.46038111403197,222.3388803413679,41.75220066306469,299.0501754898802
9417.0,1994082112.0,29.38083073943693,55.0,44.44655669143675,199.53967224730866,208.15634921067897,43.78923092966506,292.6164537499319
9418.0,1994090106.0,24.503032242627906,50.0,47.99093740128585,-77.0231830601867,156.58389618102925,-26.19244462690348,292.6164537499319
9418.0,1994090112.0,27.282238645523126,40.0,57.43436099052307,78.66701853674898,78.71459276905647,44.982680297786054,121.00949160042731
9430.0,1994101000.0,15.195026583192382,60.0,41.4398648134883,-223.06499357224533,226.1530159482888,-44.6061425442131,0.0
9430.0,1994101006.0,49.86430911676936,50.0,47.99093740128585,-200.30595363367166,253.988617863917,-38.260776551084824,0.0
9607.0,1996072618.0,34.89564651105607,30.0,72.40148542303059,227.1126406435938,229.36145059293543,44.71773583839704,26.568139626040242
9608.0,1996073112.0,25.292731947875254,65.0,38.853919355861585,-94.3647058317205,264.93762123425745,-19.60473323292099,26.568139626040242
9608.0,1996073118.0,19.164523593200112,50.0,47.99093740128585,-52.979884408522025,138.43845232095646,-20.94166388807315,192.52138250345058
9608.0,1996080100.0,22.43589008210894,40.0,57.43436099052307,55.29013176396407,55.45125672600198,44.91663664407197,192.52138250345058
9608.0,1996080106.0,26.081979485926315,35.0,63.95217374784219,54.86962896294558,146.54544456600726,20.52693382380293,320.205594852333
9608.0,1996080112.0,26.788811205663606,30.0,72.40148542303059,249.3302290601194,295.8585581074645,40.121996702426635,320.205594852333
9610.0,1996080700.0,18.665383352666424,12.0,151.3872093946261,-68.70327591897097,256.02077834357243,-15.021444985616537,347.47248358946365
9610.0,1996080706.0,8.947066828842049,12.0,151.3872093946261,-94.10516552504782,151.31347602026278,-31.878385792214484,347.47248358946365
9610.0,1996080712.0,2.4922699765349887,10.0,175.31944474510186,-82.77510444722185,115.06107190025989,-35.731295785861164,16.700192367171926
9610.0,1996080800.0,58.989019526204366,10.0,175.31944474510186,-49.16209117562118,95.92505533602512,-27.135376295141278,16.700192367171926
9711.0,1997081806.0,14.851526904177932,50.0,47.99093740128585,275.1971351370356,280.3033362996703,44.47334781617266,135.0089241364022
9714.0,1997082900.0,22.538697880498006,40.0,57.43436099052307,-72.01280675630775,201.50769919696674,-19.665365419868557,135.0089241364022
9714.0,1997082906.0,25.123826783980572,35.0,63.95217374784219,57.91978427394955,88.02905824401589,33.343401092829595,282.9827400667227
9714.0,1997082912.0,29.623973154582973,20.0,100.3462021112321,23.337057677113005,96.8836325675909,13.543246112261812,282.9827400667227
9801.0,1998071000.0,10.12488152080163,12.0,151.3872093946261,208.23474844108927,222.9779652312344,43.04181288831016,253.28621497964548
9801.0,1998071006.0,5.014953418989628,10.0,175.31944474510186,195.2411390683813,205.4970735973849,43.53397180122642,253.28621497964548
9801.0,1998071012.0,6.99806646934787,10.0,175.31944474510186,182.1966797029676,195.5839673441033,42.970477686889225,300.95805562754623
9802.0,1998080406.0,27.94975132007241,30.0,72.40148542303059,-102.92231494410301,288.83216000624554,-19.61299291234612,300.95805562754623
9802.0,1998080412.0,18.672564258434992,25.0,83.84716432679616,83.5946589012444,143.12681790658795,30.287494620808676,270.01503132837223
9802.0,1998080418.0,15.278193555831047,12.0,151.3872093946261,65.0163044935399,77.63758171460452,39.943931289332255,270.01503132837223
9802.0,1998080500.0,8.675544447735154,12.0,151.3872093946261,85.41061241932117,145.06667646775657,30.488213883752064,93.54340597677073
9808.0,1998092806.0,11.622072097788012,15.0,126.49595057933435,-263.0571000854577,295.21713230529315,-41.70305413426918,320.19342975079445
9808.0,1998092812.0,20.40927385352103,20.0,100.3462021112321,-264.1288365074845,265.2210618678822,-44.88177986845344,320.19342975079445
9808.0,1998092818.0,13.930346921595595,25.0,83.84716432679616,-251.05098343444502,290.63603043536773,-40.820406269283566,314.9995306072677
9810.0,1998102706.0,11.237205720721212,15.0,126.49595057933435,38.13421007426908,258.5056977241123,8.391629120259966,314.9995306072677
9905.0,1999072718.0,25.999963661451044,15.0,126.49595057933435,218.36701680556146,219.53934015789991,44.846613279800785,333.4348452484073
9914.0,1999100900.0,11.24684333948691,40.0,57.43436099052307,243.97487466350844,286.104888403298,40.455762260417806,333.4348452484073
9914.0,1999100906.0,11.615823462857449,30.0,72.40148542303059,-171.90089000432312,252.85516713283232,-34.20940712911574,338.1998139766892
9914.0,1999100912.0,14.919736642977108,12.0,151.3872093946261,-188.59055301529915,205.9177937340531,-42.485122601687536,338.1998139766892
9914.0,1999100918.0,61.03130118058531,10.0,175.31944474510186,52.13224048118002,186.51666717380084,15.615914893260008,343.30695171838795
4.0,2000070906.0,29.840084131239262,30.0,72.40148542303059,135.61772926389662,196.12830180270666,34.66287173040978,343.30695171838795
4.0,2000070912.0,31.505229215958295,30.0,72.40148542303059,-126.33476899205381,133.27999039539563,-43.46758718017676,188.127213438698
10.0,2000082218.0,26.56513816814271,70.0,36.603799205979946,-231.93943053033072,275.80970642798013,-40.06182378151297,293.96786746282214
10.0,2000082300.0,22.444095921412515,55.0,44.44655669143675,225.1480962519454,225.28516194275454,44.98256504107071,293.96786746282214
20.0,2000110100.0,42.384609813156146,35.0,63.95217374784219,-263.30790596339983,280.1561340166734,-43.22431070342081,352.8791032425726
102.0,2001062306.0,26.165142529929252,40.0,57.43436099052307,-64.89043990979651,291.99702904763933,-12.529221179160755,352.8791032425726
102.0,2001062312.0,31.901333797830045,40.0,57.43436099052307,-59.40552637918344,141.78292266157038,-22.733162110914893,100.0464761646546
102.0,2001062318.0,35.29048723410846,30.0,72.40148542303059,-69.16787158496967,82.27314702718031,-40.054107552358865,100.0464761646546
105.0,2001071200.0,18.609536949041793,12.0,151.3872093946261,107.28422443983656,264.5944088825685,22.0709161861083,315.00437213132426
105.0,2001071206.0,37.709374565702575,10.0,175.31944474510186,163.84713338722906,166.03035744869103,44.62080559723838,315.00437213132426
108.0,2001072918.0,12.224557059482775,40.0,57.43436099052307,5.971396142934262,268.76466912028053,1.2727845429010476,279.4575056314169
108.0,2001073000.0,19.716372294094327,35.0,63.95217374784219,22.072407227634827,195.4287543425488,6.443878502597436,279.4575056314169
108.0,2001073006.0,9.985978590404253,30.0,72.40148542303059,-9.855002366595205,78.71459276905647,-7.136252601582254,300.95808433047637
108.0,2001073012.0,12.962820026868634,30.0,72.40148542303059,-6.433018945914305,20.631610749324917,-17.31768790633795,300.95808433047637
108.0,2001073018.0,10.51656351201304,25.0,83.84716432679616,8.963197561552429,58.33301413256687,8.73549960655586,324.46083565958094
108.0,2001073100.0,16.76041168374476,15.0,126.49595057933435,-80.35697150782327,121.08051923803505,-33.570860052407305,324.46083565958094
116.0,2001091600.0,8.569830944555973,50.0,47.99093740128585,-95.40226402488699,298.598352192998,-17.71869677378655,95.8431076364958
116.0,2001091606.0,8.709986575972808,50.0,47.99093740128585,-186.61655354915982,251.32979622384465,-36.5945006318725,341.5653806805211
116.0,2001091612.0,13.699239410663417,45.0,52.23889874427604,-194.61011650173685,223.2893469399998,-41.07411201552735,341.5653806805211
116.0,2001091618.0,12.535113051476918,30.0,72.40148542303059,-203.3880261944308,203.77738917817848,-44.94520937185513,234.94443999236304
116.0,2001091700.0,9.419992220168073,20.0,100.3462021112321,-139.52382359251348,219.86605833874515,-32.398621547902096,55.30633073250753
116.0,2001091712.0,12.613207892330811,15.0,126.49595057933435,-260.48366331526273,267.6595693405244,-44.221567547653194,55.30633073250753
116.0,2001091800.0,7.605609290770732,15.0,126.49595057933435,-45.17056961072862,299.07308684000327,-8.588765353490599,36.86497892801326
119.0,2001092700.0,5.025601345427678,25.0,83.84716432679616,-190.8988928299008,253.9764971026627,-36.92998776150757,36.86497892801326
119.0,2001092706.0,6.510376313515972,20.0,100.3462021112321,-95.58376872650148,233.96596147335828,-22.22183509399388,4.763921076988197
119.0,2001092712.0,5.8119992046561295,20.0,100.3462021112321,-78.29841685610144,198.50340383272984,-21.526442868700915,4.763921076988197
119.0,2001092718.0,14.64574497690804,20.0,100.3462021112321,-218.49857387961802,231.34046227747027,-43.36477903718214,3.365978682664604
119.0,2001092806.0,10.029894493022331,20.0,100.3462021112321,-71.8306067056038,215.66865334211553,-18.4208541068876,3.365978682664604
119.0,2001092812.0,7.601795523812104,20.0,100.3462021112321,11.246492441082902,159.98948141283896,4.021003780732082,172.64733028915617
119.0,2001092818.0,9.266243887046516,15.0,126.49595057933435,-38.51104276252806,114.50239026333436,-18.589540392559652,172.64733028915617
119.0,2001092900.0,11.244185440600992,12.0,151.3872093946261,-45.603795786382705,63.872920494880695,-35.52596352070943,314.99928838855516
119.0,2001092906.0,16.24490899975414,12.0,151.3872093946261,-35.15042953995906,46.93327336144499,-36.831183433375216,314.99928838855516
119.0,2001092912.0,18.550035706841772,12.0,151.3872093946261,-31.16750408025141,132.81347863938896,-13.20669927997437,311.98263124124185
208.0,2002070906.0,7.715444159276248,22.0,92.93511238619287,163.76794637369116,213.91284997854262,37.437038373561414,311.98263124124185
208.0,2002070912.0,5.397309635470234,22.0,92.93511238619287,175.43943947511886,186.8753695590958,43.19214382111724,322.4359192023136
208.0,2002070918.0,16.362309331308555,22.0,92.93511238619287,-163.35465827584795,177.4824440875559,-42.62643389771797,322.4359192023136
208.0,2002071000.0,15.57618741855026,22.0,92.93511238619287,-136.0439376935755,159.86183602203886,-40.39809828510817,108.82868272908195
208.0,2002071006.0,41.97623372351105,22.0,92.93511238619287,168.8295352209211,218.8896847622061,37.64298918444651,314.99986139795857
216.0,2002090706.0,18.131349688174744,50.0,47.99093740128585,139.09372264091593,198.9398432961169,34.96027554627514,314.99986139795857
216.0,2002090712.0,26.449596160343347,40.0,57.43436099052307,144.26077319747074,148.86911868330765,44.09931738604538,321.3430341172845
309.0,2003080400.0,11.597320800404686,22.0,92.93511238619287,261.779105931183,264.5944088825685,44.6935570758459,321.3430341172845
309.0,2003080406.0,11.57662534877196,15.0,126.49595057933435,256.51891122099164,258.867145946214,44.73894713258431,308.6679366255852
309.0,2003080412.0,13.923582772527112,12.0,151.3872093946261,258.48341010199607,271.0806229936146,43.63731108464464,308.6679366255852
309.0,2003080418.0,17.41954856332608,10.0,175.31944474510186,249.92852376519417,250.9138183757758,44.887283591690185,315.0169115271576
311.0,2003081918.0,45.332856656468635,20.0,100.3462021112321,156.63162123702833,234.6785008636769,33.720360710657616,315.0169115271576
311.0,2003082000.0,63.56098583789586,20.0,100.3462021112321,-115.23018753666551,188.95226749943257,-31.376406947796717,146.2996551910845
407.0,2004070118.0,14.921739886016303,25.0,83.84716432679616,119.29624056396688,249.44908190734827,25.558938111221543,146.2996551910845
407.0,2004070200.0,11.245424764423737,25.0,83.84716432679616,111.05735291918495,173.78516034700192,32.58059932614894,270.01064727495424
407.0,2004070206.0,13.39540729980167,25.0,83.84716432679616,99.29235321535877,127.03768203368553,38.01109948264416,270.01064727495424
407.0,2004070212.0,12.972741441865145,23.0,89.66835004458707,-95.52247139718703,98.05265509273886,-44.251140397857135,285.2469200539761
407.0,2004070218.0,16.679238996683953,23.0,89.66835004458707,-100.1218706383511,139.37995767641806,-35.69110999416688,285.2469200539761
407.0,2004070300.0,25.26566864108574,23.0,89.66835004458707,-214.32351170727844,223.26232768902676,-43.82974913077185,276.3339528477672
414.0,2004081206.0,27.0543679219362,60.0,41.4398648134883,271.8692935279281,296.4022061866227,42.52801243121228,276.3339528477672
414.0,2004081212.0,21.212564253179437,60.0,41.4398648134883,263.92384835765137,292.17733837121546,42.09150949879624,255.9521726133467
418.0,2004082412.0,13.514929897435008,45.0,52.23889874427604,-13.514658675988738,280.78859060565173,-2.7555813134195852,255.9521726133467
418.0,2004082418.0,11.708992026221905,45.0,52.23889874427604,-38.16135840851029,199.91117598518957,-10.807262409335399,249.43078616794054
418.0,2004082500.0,16.7271113972991,45.0,52.23889874427604,-38.40724887573905,132.1888212574956,-16.20113760085472,249.43078616794054
418.0,2004082506.0,24.471246382653792,42.0,55.22228941850776,-48.5768370172703,49.12178962537172,-44.680413515111645,98.37039341206352
418.0,2004082512.0,23.076017760128025,40.0,57.43436099052307,42.86894965916251,151.6563409626617,15.784094029584118,346.7576646733887
421.0,2004091118.0,9.418085680582662,14.0,133.7202001013979,-230.46678383892672,256.1414610423788,-41.97973090815883,346.7576646733887
421.0,2004091200.0,9.266243887046516,14.0,133.7202001013979,-210.23161539358225,232.98090260562856,-42.06169111606628,224.99538896723317
421.0,2004091206.0,13.079688450819939,14.0,133.7202001013979,197.82733548071585,212.31859495049815,42.976469572250416,224.99538896723317
421.0,2004091212.0,11.60452629876247,14.0,133.7202001013979,192.14558625335428,196.42941361265733,44.368370880856716,231.01756193057196
421.0,2004091218.0,16.22828938899301,14.0,133.7202001013979,196.78655002599635,196.84983580930788,44.990788432202486,231.01756193057196
421.0,2004091300.0,17.428268473868542,14.0,133.7202001013979,220.64144305331746,224.5760760782215,44.493658744829844,71.57439683857726
425.0,2004102500.0,23.776556375409125,55.0,44.44655669143675,121.61421892591133,271.08062299361274,24.162315359478352,71.57439683857726
425.0,2004102506.0,17.459007695741885,40.0,57.43436099052307,-138.33693804404408,154.8442237412604,-41.777418256621004,69.4622016221957
425.0,2004102512.0,43.444632825781134,30.0,72.40148542303059,-205.56657562156303,216.27745444833278,-43.54553749551484,69.4622016221957
505.0,2005071800.0,7.603868636501752,60.0,41.4398648134883,-225.97443850786857,284.9720758380299,-38.413377622325804,66.04155154128775
505.0,2005071806.0,13.947164002752997,60.0,41.4398648134883,-62.421329956909986,256.8565905321315,-13.659238847735608,66.04155154128775
505.0,2005071812.0,10.274708004555498,40.0,57.43436099052307,-116.67858635597523,177.22843961141712,-33.35896342575762,234.73167566325196
505.0,2005071818.0,8.726865515508868,40.0,57.43436099052307,-74.05675087771193,138.79041643461784,-28.083797612018085,234.73167566325196
505.0,2005071900.0,15.653527946600256,40.0,57.43436099052307,-29.14234963854731,97.98024838350277,-16.56410230029268,336.0471290151762
505.0,2005071906.0,12.456578323207978,35.0,63.95217374784219,23.605171713058276,26.553624344072496,41.63588978686126,336.0471290151762
505.0,2005071912.0,10.627162737716906,30.0,72.40148542303059,16.568320155793625,88.26544613199543,10.631286625739786,341.5689996483363
505.0,2005071918.0,18.527217498918333,20.0,100.3462021112321,43.014855123913954,151.31741395465238,15.868809467638975,341.5689996483363
509.0,2005080512.0,14.761775126347088,60.0,41.4398648134883,251.90354522822622,264.7182060216115,43.57908527920818,63.44294126508973
509.0,2005080518.0,13.490176133306742,60.0,41.4398648134883,260.0188076597959,261.4811134960826,44.83934085166407,63.44294126508973
513.0,2005083118.0,22.336743776240453,60.0,41.4398648134883,-157.29541329372753,283.1632098806885,-29.051901107380232,184.76131890725875
513.0,2005090100.0,22.538697880498006,50.0,47.99093740128585,-112.21454984844748,188.49746028785776,-30.76578991182928,184.76131890725875
513.0,2005090106.0,28.35337632749054,40.0,57.43436099052307,100.29193415320216,108.5299855259583,42.74084568585665,342.8963837966075
519.0,2005100200.0,15.693017612370197,50.0,47.99093740128585,-214.08304755133094,235.70004559271266,-42.24842827832404,342.8963837966075
519.0,2005100206.0,17.318323300149558,50.0,47.99093740128585,213.76022656177022,213.91284997854262,44.97955289274827,6.340378756427566
519.0,2005100212.0,20.742287208526665,40.0,57.43436099052307,227.5211859366877,237.13564374061858,43.81463216840881,6.340378756427566
519.0,2005100218.0,5.009546095658682,20.0,100.3462021112321,270.3180842917282,287.986714075153,43.187369765154116,176.42414977286592
601.0,2006051800.0,34.98925914768591,20.0,100.3462021112321,-71.01403358583127,281.87422567922357,-14.140551251726395,176.42414977286592
601.0,2006051806.0,62.816633435729564,14.0,133.7202001013979,39.72034986447595,95.05880917774101,22.677624659851585,331.38709366962763
604.0,2006071312.0,21.26015453933402,35.0,63.95217374784219,5.667451691926892,294.7253629357876,1.1016393137121994,331.38709366962763
604.0,2006071318.0,16.81408159144537,35.0,63.95217374784219,-26.53113220017428,167.18253943893473,-9.017390610944625,355.6016979811345
604.0,2006071400.0,26.329646974432134,35.0,63.95217374784219,1.0654065846623928,69.88330104365795,0.8734357303225704,355.6016979811345
604.0,2006071406.0,33.93197544730212,30.0,72.40148542303059,53.17215881857952,88.11605561510648,31.108178199177907,205.27054762308364
605.0,2006072500.0,17.531982164743457,35.0,63.95217374784219,238.34124225480676,259.5363173166678,42.562341347279286,319.4072214915103
608.0,2006081000.0,23.424349562554855,95.0,28.62612637867196,143.05018471362112,244.40079683304413,30.34085737577172,319.4072214915103
608.0,2006081006.0,20.141317115014356,90.0,29.899564757820535,135.2986992426544,162.5983121978843,39.763975993396,296.5624875976007
608.0,2006081012.0,23.301256025237276,60.0,41.4398648134883,130.8269841239227,147.53377365525685,41.56531461946942,296.5624875976007
708.0,2007080906.0,28.94043783435391,12.0,151.3872093946261,255.82027492498804,264.5944088825685,44.03409101504731,91.44966229703601
709.0,2007081800.0,22.365309176042675,60.0,41.4398648134883,-201.19370131932862,281.5066728399763,-35.553511192565914,345.9661522441985
709.0,2007081806.0,8.755847372551933,50.0,47.99093740128585,183.6030837695793,210.56043449957195,41.087560221357876,345.9661522441985
709.0,2007081812.0,13.950843597375924,40.0,57.43436099052307,165.78623533612668,187.48443158153466,41.48525801855497,30.96737814651308
709.0,2007081818.0,10.068791079063365,35.0,63.95217374784219,150.5083467063409,158.80673434686514,43.463222149251294,30.96737814651308
709.0,2007081900.0,8.7057310221642,20.0,100.3462021112321,156.4150666743662,181.9918957668034,40.67779723689353,288.43789827426605
709.0,2007081906.0,18.867657373119485,20.0,100.3462021112321,180.3176828541969,209.71553390023382,40.68961338709025,288.43789827426605
713.0,2007091806.0,22.468987336541915,75.0,34.626274653077736,100.00283179705241,249.10436840312747,21.872970225879136,263.66383087542783
713.0,2007091812.0,21.302044075917202,70.0,36.603799205979946,122.82571996744626,139.48864711653874,41.36529872768852,263.66383087542783
713.0,2007091818.0,19.681641468606585,60.0,41.4398648134883,142.17183618715137,146.2836915350135,44.1833195085911,233.13094111513666
716.0,2007100606.0,6.27485170554629,75.0,34.626274653077736,-237.75489485843565,257.08062489189916,-42.763458230739744,233.13094111513666
716.0,2007100612.0,25.988556699539952,70.0,36.603799205979946,61.24235221021533,248.83649716757628,13.826543206974845,270.0002962680667
716.0,2007100618.0,11.165471069356974,50.0,47.99093740128585,30.212713822463627,104.14941167557728,16.17692106851461,270.0002962680667
716.0,2007100700.0,18.53248777409315,40.0,57.43436099052307,-45.02595387496116,45.07050907920066,-44.97166564739105,270.00078126260155
716.0,2007100706.0,11.3742039911789,35.0,63.95217374784219,108.13766384226118,121.9543345157649,41.56360292435075,270.00078126260155
716.0,2007100712.0,4.054672311450633,25.0,83.84716432679616,80.54162010920346,169.08932396845216,25.46966851636109,270.00078147669905
716.0,2007100718.0,8.5993911424752,20.0,100.3462021112321,-156.3092989802909,191.3197048119841,-39.24902007216082,85.42064315590663
716.0,2007100800.0,11.339489611255885,15.0,126.49595057933435,-109.53983833539341,227.27938103034526,-25.732261718375327,192.33062234075402
807.0,2008071712.0,15.039421837415409,35.0,63.95217374784219,12.842674308614312,278.91512256279003,2.636327729308589,341.57333795724827
807.0,2008071718.0,10.548628857808003,30.0,72.40148542303059,58.01036899654952,188.77589348037532,17.08206471657823,341.57333795724827
807.0,2008071800.0,19.459403392741418,25.0,83.84716432679616,51.47059547722916,129.67168583477243,21.649617947866343,155.5864112912808
807.0,2008071806.0,18.560393212563525,25.0,83.84716432679616,47.213328695700625,51.19956666336542,42.6804886535077,155.5864112912808
807.0,2008071812.0,9.266243887046574,20.0,100.3462021112321,-38.42930853060353,108.08124368449664,-19.573324379492007,9.45427063271502
807.0,2008071818.0,15.621808178936034,15.0,126.49595057933435,-91.3394339850608,161.68631215270003,-29.46286686906031,9.45427063271502
808.0,2008072800.0,17.531982164743457,50.0,47.99093740128585,-123.74477497737274,278.8539739792144,-23.9298253849276,354.2908434344866
808.0,2008072806.0,18.712351799180375,40.0,57.43436099052307,-114.51818327774743,190.10571003979234,-31.064428755269912,354.2908434344866
808.0,2008072812.0,23.51139562768662,35.0,63.95217374784219,99.09608834386434,117.97480110599952,40.02947775587787,306.87207971499623
808.0,2008072818.0,16.09021158815572,25.0,83.84716432679616,65.79333591371851,115.76235938615137,29.61165947076446,306.87207971499623
808.0,2008072900.0,11.384432257420691,20.0,100.3462021112321,100.77989041446008,201.1293826392427,26.614073242245542,330.2544063697303
813.0,2008091306.0,2.5070287911613316,65.0,38.853919355861585,56.9048806480028,294.7253629357876,10.92806303276056,330.2544063697303
813.0,2008091312.0,11.541615744650002,65.0,38.853919355861585,-32.86954141032721,279.9536585124021,-6.696476211075179,338.1982979052225
813.0,2008091318.0,2.5043205361156238,60.0,41.4398648134883,-208.64583551322508,211.5009527041362,-44.61065120185933,338.1982979052225
813.0,2008091400.0,16.76352356416911,50.0,47.99093740128585,146.9635349494577,211.0919171502607,34.845881101432006,281.3112709296923
813.0,2008091406.0,5.351377358496993,40.0,57.43436099052307,-82.66811050101242,151.3134760202603,-28.649400865350852,281.3112709296923
813.0,2008091412.0,11.424462046120203,35.0,63.95217374784219,60.9928201907876,127.03768203368553,25.64640602404765,236.31034687481724
813.0,2008091418.0,8.675544447735154,35.0,63.95217374784219,-43.41260946264592,75.05890268670649,-30.04425333066201,236.31034687481724
813.0,2008091500.0,12.415733351731879,30.0,72.40148542303059,-37.43282134235894,120.27655249492531,-17.287339665491846,195.94486563619432
813.0,2008091506.0,11.380010110238464,30.0,72.40148542303059,-14.05439916280855,192.02132183392965,-4.18612067124618,168.69205977091335
813.0,2008091512.0,52.25082624889031,30.0,72.40148542303059,-193.6253084965038,260.09966333034043,-36.66500605124911,109.06967887134562
815.0,2008092812.0,12.216290966606877,60.0,41.4398648134883,58.38775862554309,237.13564374061698,13.832274925014119,220.56248269119325
815.0,2008092818.0,15.656191011735741,50.0,47.99093740128585,73.71671408592762,166.66600784851346,23.859903987478805,220.56248269119325
815.0,2008092900.0,18.641308694489748,30.0,72.40148542303059,-89.03716846696355,90.65135808474793,-44.4853106846757,350.5405991024625
815.0,2008092906.0,16.331270850071615,25.0,83.84716432679616,-63.297119747779945,151.31741395465014,-22.699895053698796,350.5405991024625
903.0,2009062106.0,11.247442103973114,30.0,72.40148542303059,-148.28424415457138,290.98173627813037,-27.003383348971344,336.36682209787966
903.0,2009062112.0,13.920644859890507,30.0,72.40148542303059,-98.55576893607159,233.80843739773502,-22.85657016655754,336.36682209787966
903.0,2009062118.0,17.903468601740357,20.0,100.3462021112321,-63.17209463443474,160.88004137391394,-21.438239743968012,353.993123239966
903.0,2009062200.0,31.54320134680791,15.0,126.49595057933435,-65.37153556231706,75.05890268670649,-41.05379481558785,353.993123239966
903.0,2009062206.0,24.55740772404705,15.0,126.49595057933435,-120.096558195332,169.67247588366791,-35.29139542522183,209.75342971113972
908.0,2009080718.0,11.119492664455889,50.0,47.99093740128585,-145.53609948010322,249.44908190734827,-30.26057311595573,32.00524018646006
908.0,2009080800.0,12.512467448560072,40.0,57.43436099052307,5.28703685046127,196.7052324828327,1.5396234181883865,32.00524018646006
908.0,2009080806.0,7.663438066329001,40.0,57.43436099052307,-33.47332057915622,121.65927752763156,-15.38370271313399,0.0
908.0,2009080812.0,5.806123640940718,40.0,57.43436099052307,26.112158507728825,78.71459276905647,18.352340560165846,0.0
908.0,2009080818.0,5.804916603229796,40.0,57.43436099052307,25.471480245907756,46.88621568217226,28.51353426667133,128.061478734508
908.0,2009080900.0,8.93758458949297,35.0,63.95217374784219,21.223616594610718,25.107365656054164,40.208316407426565,128.061478734508
908.0,2009080906.0,8.927988855873584,35.0,63.95217374784219,23.54206725705661,46.96803980239384,26.621672216970627,284.0360873197411
908.0,2009080912.0,9.412349174540308,35.0,63.95217374784219,19.970538674204906,97.62799192980786,11.56079363349479,284.0360873197411
908.0,2009080918.0,9.411054498555302,25.0,83.84716432679616,-77.03381893028701,153.4513397908975,-26.657022761240043,326.31601545926384
908.0,2009081000.0,57.76837244371623,23.0,89.66835004458707,-159.69731987056315,205.33459904864526,-37.873702572598276,326.31601545926384
1008.0,2010083006.0,13.448118880209739,10.0,175.31944474510186,-10.996863411839374,265.9895801446679,-2.3674432728996173,290.55147784617145
1008.0,2010083012.0,11.447597114049847,14.0,133.7202001013979,-72.01585552731441,185.46483456086315,-21.221153762368054,290.55147784617145
1008.0,2010083018.0,9.141700468714154,15.0,126.49595057933435,-63.35913750976476,126.73900525873664,-26.56130238934724,246.02358637267275
1008.0,2010083100.0,12.290904381857063,15.0,126.49595057933435,-58.6038725723879,86.21650412261562,-34.20508977383266,246.02358637267275
1008.0,2010083106.0,8.583352369577629,15.0,126.49595057933435,-64.28553845869324,64.68769663998175,-44.82134361606689,198.42429670277014
1008.0,2010083112.0,16.836253358988554,15.0,126.49595057933435,47.34587678631159,88.06577418617682,28.263341133574695,198.42429670277014
1008.0,2010083118.0,9.266243887046516,14.0,133.7202001013979,141.49888075203646,181.1821641816967,37.988974243002914,80.54258223097011
1010.0,2010090918.0,20.661306417739524,40.0,57.43436099052307,172.20760987060618,222.14021510141833,37.783570211783534,80.54258223097011
1010.0,2010091000.0,24.321257174961122,25.0,83.84716432679616,-147.73676220170918,164.29058233486103,-41.96316458442967,344.0574373930192
1010.0,2010091006.0,21.424462861640862,15.0,126.49595057933435,-159.4121911072419,162.5621638313254,-44.439475901934735,344.0574373930192
1011.0,2010091900.0,33.13090254537611,60.0,41.4398648134883,-264.639072634216,288.5098096274411,-42.52897554175395,248.18772073093243
1011.0,2010091912.0,14.693870639028821,40.0,57.43436099052307,281.8345091861678,289.0567730028031,44.275197967552884,248.18772073093243
1011.0,2010091918.0,25.150543100982627,40.0,57.43436099052307,276.82576857250183,278.8539739792144,44.790873978570524,210.94878287631778
1013.0,2010102312.0,8.143087135931612,20.0,100.3462021112321,-149.57188912725118,288.157027245147,-27.432193468126368,210.94878287631778
1111.0,2011082906.0,8.997125185819796,25.0,83.84716432679616,185.29771122889682,287.2834249457556,32.822002292992565,210.94008117283644
1111.0,2011082912.0,3.8657803407652285,20.0,100.3462021112321,238.30554154897794,246.62387702733744,44.01726156736549,210.94008117283644
1111.0,2011082918.0,8.763996696659138,20.0,100.3462021112321,226.56879802801203,240.40428341187072,43.302936250239,68.1926388354108
1111.0,2011083000.0,4.073760234460587,20.0,100.3462021112321,188.41914592977497,224.43778567547432,40.01400157804587,68.1926388354108
1111.0,2011083006.0,3.706497554818571,18.0,109.22843718657725,-123.84878944414682,210.41944990877346,-30.480237899326358,0.0
1111.0,2011083018.0,4.0709872181204485,18.0,109.22843718657725,170.63640915206446,183.39927703887503,42.93540040229081,0.0
1111.0,2011083100.0,13.580292905458565,14.0,133.7202001013979,129.01451060169364,173.78516034700192,36.58942925685264,300.9670225755629
1111.0,2011083106.0,22.55497601534753,14.0,133.7202001013979,219.7086189858107,232.98090260562856,43.320641362596945,300.9670225755629
1205.0,2012062006.0,22.654217942656555,18.0,109.22843718657725,105.04953912080157,239.04545403149692,23.723291540165533,73.34341896377734
1205.0,2012062012.0,37.1449788448487,15.0,126.49595057933435,127.64105528531277,131.306266799046,44.189073952826526,327.99646750049936
1209.0,2012080118.0,5.404767598620882,50.0,47.99093740128585,-246.2742775576353,286.104888403298,-40.72131623123483,327.99646750049936
1209.0,2012080200.0,16.764339292789806,40.0,57.43436099052307,-207.3968006282492,273.547786595548,-37.1684558558627,177.61431193965026
1209.0,2012080206.0,17.91280723271753,35.0,63.95217374784219,91.84512524697101,215.42892115708366,23.09030161110343,177.61431193965026
1209.0,2012080212.0,16.23518125046432,35.0,63.95217374784219,51.17778306723863,126.73900525873664,21.9890788916147,302.46441909806384
1209.0,2012080218.0,16.240193003372962,30.0,72.40148542303059,56.65194153593834,57.33534008733367,44.6564933997559,302.46441909806384
1209.0,2012080300.0,29.501337568276313,25.0,83.84716432679616,121.01790663446357,124.6377701279707,44.15577814536529,314.9987628574337
1307.0,2013071218.0,26.28158195135929,60.0,41.4398648134883,-54.909600685078054,270.24399067502355,-11.48530820288944,314.9987628574337
1307.0,2013071300.0,22.35170224858477,50.0,47.99093740128585,-8.238558123988371,121.65927752763156,-3.8740575426908617,321.3395188292239
1307.0,2013071306.0,23.612239336954357,35.0,63.95217374784219,0.13935975060059957,15.169114643058005,0.5263656514974749,321.3395188292239
1307.0,2013071312.0,24.955377543362633,25.0,83.84716432679616,125.42181290456433,156.8407064249821,38.6485013496099,306.870778125509
1312.0,2013082106.0,28.915979361317326,35.0,63.95217374784219,18.570639166708343,267.2429066480399,3.975078522156885,306.870778125509
1312.0,2013082112.0,23.65131095235583,45.0,52.23889874427604,-11.466789292842202,95.05880917774101,-6.878262688174156,18.431189424024215
1312.0,2013082118.0,20.771506761767217,54.0,45.10795202575687,28.858319528657777,49.299436347242676,30.34334659849001,18.431189424024215
1315.0,2013082900.0,18.6076944798709,20.0,100.3462021112321,229.49128811951044,251.30732766850062,42.4020095398184,176.0108825337797
1315.0,2013082906.0,11.242713013579463,16.0,120.0918404217308,225.6960105865667,226.2107598685699,44.9347366524711,259.6505610694484
1315.0,2013082912.0,12.933242174862286,16.0,120.0918404217308,-135.03041161681122,232.92332390201958,-30.101746020470788,259.6505610694484
1315.0,2013082918.0,46.59961903053506,16.0,120.0918404217308,-241.79898547848865,298.6881991985936,-38.991431684507255,288.44396851232864
1323.0,2013100606.0,23.764086736079182,55.0,44.44655669143675,162.68626610020755,285.89961627328796,29.641296910644158,288.44396851232864
1323.0,2013100612.0,27.010018091833686,55.0,44.44655669143675,123.87433872059974,193.6458406399555,32.60685723248407,333.44949156752705
1323.0,2013100618.0,23.412707121272046,45.0,52.23889874427604,133.48794082276373,135.74903646719838,44.51883209645695,333.44949156752705
1323.0,2013100700.0,16.95194832612835,15.0,126.49595057933435,131.51080906626618,175.91177108630393,36.781616274157095,80.13788093217613
1323.0,2013100706.0,27.848628161547293,10.0,175.31944474510186,242.33366754095536,251.39101857083864,43.94903009941243,279.457598565422
1407.0,2014061606.0,25.31288838718534,12.0,151.3872093946261,-56.985630820546355,257.1682705576789,-12.494223278610782,279.457598565422
1407.0,2014061612.0,29.97828034314149,12.0,151.3872093946261,-60.90923571767231,115.06107190025989,-27.89515145976646,286.69161779033783
1407.0,2014061618.0,63.56647007254187,12.0,151.3872093946261,-52.70434799117569,108.08124368449664,-25.99554746417983,286.69161779033783
1410.0,2014072218.0,23.999516152005413,50.0,47.99093740128585,-113.100559076677,288.83216000624554,-21.384259338199186,251.5512247487655
1410.0,2014072300.0,12.999980368359642,35.0,63.95217374784219,95.88391438863856,164.6454310899043,30.215070491385386,251.5512247487655
1410.0,2014072306.0,19.886861879991756,30.0,72.40148542303059,105.8757191957618,107.7803965185227,44.48923960922465,224.9830649778866
1410.0,2014072312.0,17.439164341074115,22.0,92.93511238619287,108.51924315049904,136.63432222152503,38.45769931967154,224.9830649778866
1416.0,2014092112.0,33.527167020676856,28.0,76.53637190808041,-205.64421251871428,265.1004297310164,-37.80151678955959,218.63453988629223
1416.0,2014092118.0,26.156278682878483,25.0,83.84716432679616,193.39619956205914,195.07861661091977,44.75186346808508,218.63453988629223
1513.0,2015080800.0,12.426030251125026,55.0,44.44655669143675,-211.17642467041318,233.96596147335828,-42.06924052626223,218.62291561760534
1513.0,2015080806.0,17.01708687420636,45.0,52.23889874427604,83.07907303664736,212.00367584631778,21.399002200922368,218.62291561760534
1513.0,2015080812.0,23.934505650800862,35.0,63.95217374784219,122.15998247077557,122.1766067960912,44.99610167400951,94.16143359954398
1513.0,2015080818.0,16.018688805006605,25.0,83.84716432679616,82.2217215794903,178.0247429625937,24.79011773684751,94.16143359954398
1521.0,2015092812.0,15.343619607945476,50.0,47.99093740128585,-196.13678589415682,222.30130403900046,-41.422010131115634,280.5919416265312
1521.0,2015092818.0,21.967607916091918,35.0,63.95217374784219,127.07887620016139,198.50340383273004,32.62675690756741,280.5919416265312
1521.0,2015092900.0,29.43188904962764,28.0,76.53637190808041,100.57515122830182,121.65927752763156,39.58037879529877,319.4100922345402
1521.0,2015092906.0,59.98414219408428,15.0,126.49595057933435,201.65057088599104,258.98462722957106,37.905032993780566,319.4100922345402
1601.0,2016070806.0,8.71310840242494,45.0,52.23889874427604,293.2932223351008,298.04530460441117,44.5395727072899,262.8410170084794
1601.0,2016070818.0,20.379663467985306,25.0,83.84716432679616,182.2616744842616,292.22167773704103,31.952215474954258,262.8410170084794
1601.0,2016070900.0,10.02269692984588,20.0,100.3462021112321,201.00506925682413,205.05016032488086,44.42924271703941,100.02174890917983
1601.0,2016070906.0,12.517044789506604,18.0,109.22843718657725,187.37723593246176,196.12830180270856,43.69281641574132,315.0226312464597
1601.0,2016070912.0,33.32117849664969,15.0,126.49595057933435,220.83195653828753,223.2893469399998,44.682977013988506,315.0226312464597
1614.0,2016091412.0,17.97652733621156,75.0,34.626274653077736,256.71628680448026,289.018839485557,41.61256365038591,330.9518378924782
1614.0,2016091418.0,22.530517560896055,70.0,36.603799205979946,248.50917673522343,248.83649716757628,44.9622916663428,330.9518378924782
1616.0,2016091706.0,9.41588501184547,70.0,36.603799205979946,250.53891111468408,273.469343450298,42.49435370052569,281.30026161799924
1616.0,2016091712.0,7.412995109637378,65.0,38.853919355861585,-255.22434871510683,255.34748448551696,-44.9861818467921,281.30026161799924
1616.0,2016091718.0,44.75531989707051,65.0,38.853919355861585,-213.9820150087672,257.23185859532634,-39.75586341795162,288.4254067151326
1617.0,2016092706.0,19.456145143271534,60.0,41.4398648134883,-235.91690335166138,255.08982544978292,-42.76383981642233,288.4254067151326
1617.0,2016092712.0,22.69010439682064,50.0,47.99093740128585,-183.20114295427888,244.96582010701334,-36.79149541407687,333.4370839254698
1617.0,2016092718.0,25.336192717888935,40.0,57.43436099052307,179.61530010857155,181.057822484843,44.77084512778482,333.4370839254698
1617.0,2016092800.0,64.03407164960568,25.0,83.84716432679616,111.91208287205629,241.90499890064592,24.826593706505673,14.03602575533494
1709.0,2017072912.0,26.28158195135929,45.0,52.23889874427604,-74.55933779061534,211.5009527041362,-19.418819644702506,14.03602575533494
1709.0,2017072918.0,20.09727042851028,35.0,63.95217374784219,-65.57938261239872,88.02905824401546,-36.685162311998695,355.60143539243313
1709.0,2017073000.0,21.334409938858396,28.0,76.53637190808041,44.21216336689668,87.42323004738982,26.826890746803134,355.60143539243313
1709.0,2017073006.0,11.440187574187453,20.0,100.3462021112321,111.4975639803282,206.3500392571147,28.383779302022816,146.32919941054934
1709.0,2017073012.0,40.046381511354475,18.0,109.22843718657725,74.71928539216594,265.3488550658292,15.72662904683371,356.98723031196994
1710.0,2017073018.0,22.845510606051093,20.0,100.3462021112321,76.10045698068956,83.36856542662147,42.39044018556595,356.98723031196994
1710.0,2017073100.0,22.778888875758387,22.0,92.93511238619287,70.3296156851856,120.27655249492531,30.316216262216113,343.2998197205397
1808.0,2018071018.0,35.34426379682965,60.0,41.4398648134883,52.236389818733336,216.27745444833278,13.578316350488622,343.2998197205397
1808.0,2018071100.0,29.923818747998027,50.0,47.99093740128585,57.98900593591131,58.03637340750769,44.97660894475624,356.8210131221056
