7004.0,1970080100.0,11.625138097540178,9.0,190.8380043790661,-63.94022548033103,90.47740336151492,-35.24878314345611,18.419144951715857
7004.0,1970080106.0,9.862343101827404,12.0,151.3872093946261,-59.30212209435742,59.88353997163684,-44.720498878172414,18.419144951715857
7004.0,1970080112.0,9.417601682599662,12.0,151.3872093946261,-70.54327512978928,87.63675897982755,-38.832352774576734,21.78994553716059
7004.0,1970080118.0,9.167072501430924,13.0,141.94028990686283,119.12135465468806,129.89428582412336,42.52281085353658,21.78994553716059
7004.0,1970080200.0,35.184927749632294,11.0,162.3711905190999,-116.73081568188519,123.64470984463789,-43.352462186001546,11.306256496400282
7010.0,1970090618.0,17.672814346895972,28.0,76.53637190808041,31.49661823755483,275.82544403525804,6.514411089401904,11.306256496400282
7010.0,1970090700.0,11.897714172326973,28.0,76.53637190808041,99.27055964685664,170.9441611820349,30.144558732984425,291.8011483867924
7010.0,1970090706.0,8.590076090508862,25.0,83.84716432679616,106.21815613201326,123.2805934135766,40.748079724980485,291.8011483867924
7010.0,1970090712.0,13.536878838558389,22.0,92.93511238619287,108.94286569776433,110.17554877183694,44.677677511790925,89.97580631745714
7010.0,1970090718.0,11.878704301232942,20.0,100.3462021112321,122.82359165941007,129.4444246074865,43.49660402046359,89.97580631745714
7010.0,1970090800.0,15.55228941271807,15.0,126.49595057933435,126.480679223541,163.79548301699958,37.674839369894606,253.28315320862413
7010.0,1970090806.0,12.212947414184441,14.0,133.7202001013979,160.0048701350092,231.29983295982706,34.674085301541496,253.28315320862413
7010.0,1970090812.0,16.92335187431334,14.0,133.7202001013979,90.41538471094086,186.27933195363485,25.890790433324288,278.12342402717906
7010.0,1970090818.0,51.724571127759646,14.0,133.7202001013979,69.76176178382255,278.33623209630815,14.070666987957432,278.12342402717906
7114.0,1971072000.0,2.514114904536584,13.0,141.94028990686283,-78.61132819820945,86.74352611318389,-42.18444609313336,281.3070751674472
7114.0,1971072006.0,5.812761998369727,18.0,109.22843718657725,-60.21949458157985,80.49098864289427,-36.80207285340413,281.3070751674472
7114.0,1971072012.0,5.811615957549233,20.0,100.3462021112321,-58.06815120590989,60.8789592535746,-43.64631035894407,277.11735292767696
7114.0,1971072018.0,14.620435646446198,20.0,100.3462021112321,-52.22468364105821,57.97294267660867,-42.013976081581156,277.11735292767696
7114.0,1971072100.0,12.204497019490328,18.0,109.22843718657725,-59.71497953616339,122.50669987193713,-25.98657445968161,261.8593352270141
7114.0,1971072106.0,50.746851148444215,15.0,126.49595057933435,-156.77540717052827,189.85134341599257,-39.549206495248065,261.8593352270141
7115.0,1971072518.0,33.69916421897357,60.0,41.4398648134883,-99.70141987333007,241.25239007136065,-22.453645890896766,257.4552382026677
7115.0,1971072600.0,21.483577251214044,50.0,47.99093740128585,49.20098128678612,105.35705412110312,25.03223398351359,257.4552382026677
7115.0,1971072606.0,27.59458634507634,35.0,63.95217374784219,4.895794856642054,56.57376172289589,4.945955040889612,153.4526881899474
7122.0,1971091812.0,14.062415637335407,34.0,65.46204349166737,-2.113824230718075,218.72324591773997,-0.5537108599928896,153.4526881899474
7122.0,1971091818.0,15.430847329776427,30.0,72.40148542303059,27.009632768496946,134.36603324159117,11.36585829872707,246.00000780289028
7122.0,1971091900.0,15.393503308518381,25.0,83.84716432679616,26.801188043896836,48.1075073539241,29.122630131573338,246.00000780289028
7122.0,1971091906.0,20.297116958397115,20.0,100.3462021112321,52.44840447099571,61.087885769333404,40.648495306983705,99.54696366817969
7122.0,1971091912.0,5.011354670990271,12.0,151.3872093946261,136.12890802295288,159.99586123522468,40.39205670095245,99.54696366817969
7123.0,1971092212.0,19.948967729379135,70.0,36.603799205979946,124.42666115800687,292.12350255668053,23.071024494934036,44.96154109311913
7123.0,1971092218.0,20.648872398170514,60.0,41.4398648134883,136.61907408450077,193.45231918737196,35.230340382105226,44.96154109311913
7123.0,1971092300.0,20.359023996542515,60.0,41.4398648134883,134.90214221438555,145.63477915919074,42.809076086050375,18.415911747324248
7204.0,1972071412.0,18.723502990131095,23.0,89.66835004458707,-36.263011727139556,188.31862097243564,-10.899577928476019,18.415911747324248
7204.0,1972071418.0,20.663502650929725,23.0,89.66835004458707,-56.71180383186325,80.54787554009117,-35.14844633954741,18.41992241363482
7204.0,1972071500.0,45.58105866447906,20.0,100.3462021112321,78.34045045826689,85.30391203456908,42.56339659882008,18.41992241363482
7301.0,1973070218.0,15.212356595537342,30.0,72.40148542303059,-150.67258119192462,245.8614217332574,-31.501441430875328,29.73624882165659
7301.0,1973070300.0,17.434826039308135,32.0,68.73601561075849,-138.4463950960832,180.3158209919684,-37.51703566035625,29.73624882165659
7301.0,1973070306.0,17.42431383778766,32.0,68.73601561075849,-136.6508143404477,137.77895734283686,-44.76446626682536,26.561885682967784
7301.0,1973070312.0,17.413513185281946,22.0,92.93511238619287,-143.47817072123053,165.65842206944674,-40.896115790650626,26.561885682967784
7301.0,1973070318.0,31.34172870126901,20.0,100.3462021112321,212.76591751030406,240.53367364808727,41.494614747911385,169.5278197692039
7304.0,1973071718.0,32.5529670933199,25.0,83.84716432679616,-170.9734952400559,212.60936782835066,-38.80510226534007,169.5278197692039
7304.0,1973071800.0,44.69694474163301,23.0,89.66835004458707,-29.503099857068072,198.50281691194704,-8.453876717467315,284.71047662864885
7310.0,1973082000.0,13.082663139381737,15.0,126.49595057933435,-58.02420759220601,76.71958760777727,-37.10077874582169,284.71047662864885
7310.0,1973082006.0,8.143087135931612,15.0,126.49595057933435,-44.72968314077537,60.43465795976908,-36.50636382421888,340.02837620962964
7310.0,1973082012.0,13.591045421109918,15.0,126.49595057933435,48.22322839375718,99.72733442853698,25.80612415884504,340.02837620962964
7310.0,1973082018.0,9.861428403646313,12.0,151.3872093946261,22.068750183535577,51.23970029868594,23.301366655141354,291.78615760302773
7310.0,1973082100.0,4.0743095235897115,10.0,175.31944474510186,19.108867747619044,23.743963481634946,38.82670964096998,291.78615760302773
7310.0,1973082106.0,5.0220768770857465,10.0,175.31944474510186,6.692305570311542,42.82291049636695,8.882260147460714,107.67922889855825
7315.0,1973100912.0,15.690549013253543,35.0,63.95217374784219,96.9080387854822,238.32787936621577,22.12746831121914,284.0326825886664
7315.0,1973100918.0,18.014312714888447,35.0,63.95217374784219,103.35684523148954,155.31205301047,33.64291485623065,284.0326825886664
7315.0,1973101000.0,26.241945958081942,35.0,63.95217374784219,91.71054047283566,97.46836966497985,43.2566899159129,296.56922673866796
7410.0,1974071900.0,26.813326257227967,15.0,126.49595057933435,249.63405919970373,296.8428199338844,40.062619839268464,296.56922673866796
7412.0,1974081006.0,12.972741441865262,16.0,120.0918404217308,-14.443556277230849,260.5357146840951,-3.173110392452409,296.565531222213
7412.0,1974081012.0,13.084505999702706,16.0,120.0918404217308,40.02858705305306,182.84140572599858,12.348665464479058,296.565531222213
7412.0,1974081018.0,8.155131648913974,17.0,114.3717338112809,69.24325471218471,107.11160665493988,32.88100870280079,265.21309959944347
7412.0,1974081100.0,11.24764044829292,17.0,114.3717338112809,55.1544439622149,74.25799149038768,36.60278101487597,265.21309959944347
7412.0,1974081106.0,11.618967028142523,20.0,100.3462021112321,49.10378921200942,54.13733845206843,42.2087389770666,224.97672621284923
7412.0,1974081112.0,17.71468831991411,20.0,100.3462021112321,23.588263490552514,104.09389894775093,12.767916241744079,224.97672621284923
7420.0,1974092706.0,17.670484230836788,20.0,100.3462021112321,-284.79152151232233,290.9178034220465,-44.39032279980385,88.84155320798357
7420.0,1974092712.0,28.54653581674584,26.0,81.24123960938374,-276.5432261401507,279.83004251758234,-44.66152486764948,289.97441205167047
7420.0,1974092800.0,10.5602545200011,26.0,81.24123960938374,242.6145895019824,291.56350220640917,39.76437602141682,289.97441205167047
7420.0,1974092806.0,5.007731406627528,24.0,86.64829809982032,210.36268162524595,263.2624755262094,38.62697523434056,294.4362185337135
7420.0,1974092812.0,2.502499755044885,24.0,86.64829809982032,210.88768117275825,247.71535680492653,40.40876986378321,294.4362185337135
7420.0,1974092900.0,5.5597463322280625,20.0,100.3462021112321,-221.31917884231322,231.38729524838564,-43.72596145206344,322.12218932217695
7420.0,1974092906.0,6.956131835671148,15.0,126.49595057933435,149.90489732227914,243.78804961840552,31.587294451742366,322.12218932217695
7420.0,1974092912.0,6.4893718898043495,12.0,151.3872093946261,213.8291463501233,214.07230645794996,44.9674409929358,197.90106899101568
7420.0,1974092918.0,5.559746332227886,10.0,175.31944474510186,-165.3986193865448,218.9356553778641,-37.06983597322391,29.029647400497353
7503.0,1975080300.0,24.372391554740286,110.0,25.439523650053392,3.3568963097870275,277.8462234321096,0.6922053168816295,29.029647400497353
7503.0,1975080306.0,19.4145433944435,60.0,41.4398648134883,10.467273007689187,131.62130540497972,4.546916184172513,10.301058238698056
7503.0,1975080312.0,17.762990277555144,40.0,57.43436099052307,10.900673088471722,18.478875744529972,30.53631840685671,10.301058238698056
7503.0,1975080318.0,23.97603336268878,35.0,63.95217374784219,10.972023328613869,93.08216550716638,6.722695819076695,213.62811166553618
7503.0,1975080400.0,21.001662422840695,25.0,83.84716432679616,230.93675549397722,236.42692682444562,44.32697128642323,213.62811166553618
7506.0,1975081518.0,20.74228720852628,15.0,126.49595057933435,-94.24074149667736,236.31791684735657,-21.741518609362807,14.01831825160107
7506.0,1975081600.0,15.27213262332137,15.0,126.49595057933435,-32.9715119292396,134.58281016669886,-13.765787989782675,14.01831825160107
7506.0,1975081606.0,9.210605621322932,15.0,126.49595057933435,-22.60573015674492,52.14158912416319,-23.43890688561517,18.424598725891705
7506.0,1975081612.0,9.222839594155795,15.0,126.49595057933435,-22.465260075213912,24.763876299835605,-42.21364440218075,18.424598725891705
7506.0,1975081618.0,40.99460539054673,15.0,126.49595057933435,-51.233832003032624,68.08819428004283,-36.960099383411965,18.43223423786538
7511.0,1975092206.0,17.227902994544202,60.0,41.4398648134883,-172.60361904310238,294.161932677748,-30.402874470015412,18.43223423786538
7511.0,1975092212.0,17.121754314936464,45.0,52.23889874427604,-189.19904338588924,222.173909951694,-40.41707907065321,18.435628234600347
7511.0,1975092218.0,14.077667857783583,40.0,57.43436099052307,-164.04702938484746,193.61104405124274,-40.27467380160535,18.435628234600347
7511.0,1975092300.0,19.39661539084351,30.0,72.40148542303059,162.19696462886515,162.24605342032672,44.99133104923141,222.69679254582698
7511.0,1975092306.0,19.497264857097687,30.0,72.40148542303059,128.55826027641476,190.3043376416131,34.040614013555576,222.69679254582698
7613.0,1976080918.0,23.82366703709218,55.0,44.44655669143675,85.0104991357448,208.79733708529196,22.153381164488568,58.00733645410653
7613.0,1976081000.0,31.08031017285055,45.0,52.23889874427604,93.19442744069885,102.28153358809082,42.338402834473094,58.00733645410653
7613.0,1976081006.0,61.742275711929864,35.0,63.95217374784219,147.0682805092992,179.014842317527,39.404554195994024,160.84035311392103
7701.0,1977061600.0,23.266684614000223,25.0,83.84716432679616,-104.06166617565843,296.4691134423031,-19.34124663398347,160.84035311392103
7701.0,1977061606.0,27.863021985662982,20.0,100.3462021112321,-89.4978794147789,171.00380667612285,-27.626110163330782,8.124327204945875
7701.0,1977061612.0,16.424577297295333,15.0,126.49595057933435,-88.90630939447753,89.85916142278714,-44.694606109009214,8.124327204945875
7701.0,1977061618.0,57.650035110896646,12.0,151.3872093946261,-23.12165493015161,129.65163167628748,-10.111642394277725,26.554400316285772
7704.0,1977072500.0,35.211726770776984,50.0,47.99093740128585,-84.57662471757558,219.18431207866738,-21.10009956461041,26.554400316285772
7704.0,1977072506.0,31.63969414559755,35.0,63.95217374784219,70.11122268214326,78.33738497189833,41.82824353975513,262.85828701329774
7704.0,1977072512.0,21.065886985556638,20.0,100.3462021112321,119.98606335700434,173.9579013040242,34.595658253867946,262.85828701329774
7704.0,1977072518.0,59.159263903510215,14.0,133.7202001013979,-169.26861163408998,282.067434279021,-30.96796095609513,201.78353371056014
7705.0,1977073112.0,20.264752040778856,65.0,38.853919355861585,50.578198476278125,212.30385124212827,13.400073248741222,201.78353371056014
7705.0,1977073118.0,18.5907918949641,60.0,41.4398648134883,65.74043663456602,99.72733442853698,33.39294208970763,206.5406995356041
7705.0,1977080100.0,24.636935404658516,45.0,52.23889874427604,59.4619201624287,80.61979045207555,36.41099541304985,206.5406995356041
7705.0,1977080106.0,62.70132013990811,30.0,72.40148542303059,129.61308616532105,210.71287899774822,31.59638179067781,224.96300039029256
7707.0,1977082118.0,21.579493030933392,20.0,100.3462021112321,113.3979747003991,244.04615273174073,24.92230974077227,224.96300039029256
7707.0,1977082200.0,20.66694636666817,20.0,100.3462021112321,-53.965337140944975,140.59863887509186,-20.998073601610376,224.95772566527194
7707.0,1977082206.0,41.80243267230576,20.0,100.3462021112321,-46.091864432944476,50.15702071255513,-42.58149979448024,158.26034517696357
7707.0,1977082212.0,30.892275384759515,20.0,100.3462021112321,-67.06994339065453,270.98926962351584,-13.901370524719223,339.48167992443064
7707.0,1977082112.0,11.217057919115229,15.0,126.49595057933435,-41.05406389200134,102.41382505351226,-21.844095538069325,339.48167992443064
7707.0,1977082118.0,6.972003189213599,18.0,109.22843718657725,-29.305593801610836,165.78284620426052,-10.024669521817824,336.0604320656594
7707.0,1977082200.0,8.398064231902513,18.0,109.22843718657725,-78.07938424416635,207.0581313613999,-20.66091737981266,336.0604320656594
7707.0,1977082206.0,29.7713851414902,18.0,109.22843718657725,168.14423008818977,254.03693780898155,33.50013314238262,312.27357296023575
7707.0,1977082206.0,57.023322520259235,16.0,120.0918404217308,-146.14459769085366,179.94339597644225,-39.08246219605598,312.27357296023575
7803.0,1978062412.0,37.219533983717376,12.0,151.3872093946261,211.89845176906357,266.6641172100542,38.47159475929575,106.69672174123829
7811.0,1978081300.0,38.66492511241889,25.0,83.84716432679616,125.48678921992563,255.5898485834922,26.149624627840105,344.06001077105384
7811.0,1978081306.0,33.71382400162325,20.0,100.3462021112321,110.74557046756817,132.07386916644708,39.98024841711597,344.06001077105384
7811.0,1978081312.0,15.066916743766877,14.0,133.7202001013979,122.87310933562377,179.014842317527,34.46512122485446,220.65361378468106
7815.0,1978091106.0,10.58098232682026,13.0,141.94028990686283,-269.02208252860254,269.2414677201237,-44.97664741582449,0.0
7908.0,1979080118.0,29.465573806022707,85.0,31.30746122196499,249.66332037797298,299.0882720808155,39.85337135421685,0.0
7907.0,1979072812.0,25.739200149850035,35.0,63.95217374784219,-216.29902804651292,253.67081091899553,-40.45343335927008,351.88309695235495
7907.0,1979072818.0,18.63476468819009,30.0,72.40148542303059,214.2079345494847,215.5094930112022,44.82645903140951,351.88309695235495
7907.0,1979072900.0,27.850512890674064,30.0,72.40148542303059,211.63701478018896,246.7584135314616,40.618664663225985,333.46342056702116
8004.0,1980052406.0,22.423807118326284,22.0,92.93511238619287,-141.35205172188822,206.46075556944763,-34.39724561224068,333.46342056702116
8004.0,1980052412.0,24.388274750695604,12.0,151.3872093946261,-142.95564580578466,149.0565523752437,-43.80311386850956,350.54506104144235
8004.0,1980052418.0,51.01595769574422,12.0,151.3872093946261,-167.72095147387046,244.0380568998919,-34.49971963479859,350.54506104144235
8012.0,1980082718.0,18.37166595049317,35.0,63.95217374784219,118.00933152270764,205.8323004438101,29.82683589703292,341.57211374351385
8012.0,1980082800.0,19.140372420791778,30.0,72.40148542303059,127.09859023083204,136.9348057701276,42.86650800182817,341.57211374351385
8012.0,1980082806.0,17.639977404521975,30.0,72.40148542303059,130.57604712444012,151.25535525752713,40.80345702474844,299.05048979874215
8015.0,1980091806.0,17.966633620561296,70.0,36.603799205979946,-169.5117663183763,205.33364317390655,-39.54114067644549,299.05048979874215
8015.0,1980091812.0,17.587997065981284,55.0,44.44655669143675,164.78624525084638,166.5423378472769,44.696326374494426,137.747481468314
8015.0,1980091818.0,21.268216554293804,50.0,47.99093740128585,162.52960262270042,175.99423104373673,42.72228757087852,44.94696056078402
8103.0,1981061300.0,24.101851830489025,40.0,57.43436099052307,-212.6107301201845,255.8051861527663,-39.73143288375595,44.94696056078402
8103.0,1981061306.0,22.63469874796588,36.0,62.518215535955406,-202.84049092918067,203.56482055919594,-44.897882764668914,26.549369810104825
8103.0,1981061312.0,27.798731661139666,30.0,72.40148542303059,-241.12520795639344,243.56591917380146,-44.711483743047566,26.549369810104825
8103.0,1981061318.0,24.150943777890504,26.0,81.24123960938374,-252.43404115922993,271.7434982861695,-42.89031334088403,329.0500066649432
8104.0,1981062006.0,13.958948483963583,45.0,52.23889874427604,183.6446169098445,251.05380320730282,36.18528579736638,329.0500066649432
8104.0,1981062012.0,17.01333079570719,30.0,72.40148542303059,205.81863155613,205.8323004438101,44.9980974910694,315.01269626346516
8104.0,1981062018.0,6.940086109459376,30.0,72.40148542303059,-183.37102863073014,233.9340408233923,-38.091400707481846,315.01269626346516
8107.0,1981071912.0,17.646621951715908,23.0,89.66835004458707,60.535987108517155,259.90351502036384,13.111406133669476,315.0121190259165
8107.0,1981071918.0,20.08569318386932,23.0,89.66835004458707,149.98433132288343,159.24803872872556,43.28409734096229,315.0121190259165
8107.0,1981072000.0,35.03843636006906,23.0,89.66835004458707,173.28828537118653,174.30769029994113,44.83196746605626,270.0015161767609
8205.0,1982070200.0,43.99863645636312,14.0,133.7202001013979,124.90038462201805,294.9281990269849,22.952376360209655,0.0
8209.0,1982072900.0,16.986995380990994,45.0,52.23889874427604,-48.67757466697482,121.89818374234962,-21.76829762622664,0.0
8209.0,1982072906.0,14.922041228135939,40.0,57.43436099052307,20.262072040691088,50.67606237421512,21.793267615428217,284.0352602995009
8209.0,1982072912.0,29.21362209985524,30.0,72.40148542303059,-34.090878419496946,46.31081069240369,-36.3579806462998,284.0352602995009
8209.0,1982072900.0,17.530156512715184,45.0,52.23889874427604,109.74878596617829,149.15860932930403,36.34510674192787,326.3133483740304
8209.0,1982072906.0,10.24262157143643,35.0,63.95217374784219,93.08223216339299,114.89115006584723,39.013615190317125,326.3133483740304
8209.0,1982072912.0,20.097270428510633,30.0,72.40148542303059,91.42263331636458,97.15818173597695,43.257927534457494,0.0
8209.0,1982072918.0,15.414096255610703,30.0,72.40148542303059,18.90745836649798,182.63346322967305,5.910592649344298,0.0
8212.0,1982081418.0,26.716845398223583,22.0,92.93511238619287,-83.3922324727664,275.0101195636525,-16.86905204912883,11.310009561072476
8212.0,1982081500.0,16.302048751955237,20.0,100.3462021112321,-106.4328395180258,132.2438631611186,-38.82789417334174,159.6953749893439
8212.0,1982081506.0,22.37951006994332,18.0,109.22843718657725,106.33060462262698,107.84626164641699,44.59454397399457,282.07405910485187
8212.0,1982081512.0,40.287190342271124,15.0,126.49595057933435,149.2797365380517,179.66178800660754,39.72295754114023,282.07405910485187
8304.0,1983072500.0,30.23627223181742,65.0,38.853919355861585,162.6445929721746,216.12644693627627,36.963058990694975,285.2444759004281
8304.0,1983072506.0,26.2728851237536,60.0,41.4398648134883,150.00239316264177,158.30329136568136,43.45772691756422,285.2444759004281
8402.0,1984062318.0,30.98768447696615,28.0,76.53637190808041,-229.65306731228748,292.5755815002749,-38.12964001562624,286.6912091564055
8403.0,1984070306.0,26.293330130798765,25.0,83.84716432679616,58.43125987989902,217.10761130526572,15.063372437364032,286.6912091564055
8403.0,1984070306.0,17.940472340521424,15.0,126.49595057933435,-58.81592347006611,78.33738497189833,-36.89932230678619,300.24847914812426
8403.0,1984070312.0,22.30159025695659,20.0,100.3462021112321,-134.51264036248168,168.2484153573515,-38.641926973627676,300.24847914812426
8403.0,1984070318.0,27.257932749132703,25.0,83.84716432679616,-223.6780299222403,272.60640397616044,-39.36944040456894,195.24273244599104
8407.0,1984080706.0,17.491663971592516,25.0,83.84716432679616,190.1069138442227,212.30385124212827,41.84277003886345,195.24273244599104
8407.0,1984080712.0,23.5669578204884,23.0,89.66835004458707,198.13347561292696,198.16536202213555,44.995389951990674,65.56211509720005
8407.0,1984080718.0,40.498045826614394,22.0,92.93511238619287,-236.21108395941988,252.76013459316465,-43.06158536327992,65.56211509720005
8510.0,1985082300.0,19.214072106384396,55.0,44.44655669143675,179.60476683569127,271.7434982861695,33.46210837581311,96.35925194497983
8510.0,1985082306.0,15.136806830033345,55.0,44.44655669143675,170.06152390586718,206.74317731989436,39.439819297843016,96.35925194497983
8510.0,1985082312.0,20.80400464358378,45.0,52.23889874427604,157.5476144938893,177.42476023530372,41.60407028401155,111.82405582506215
8510.0,1985082318.0,14.506077061428215,35.0,63.95217374784219,159.17456521535067,163.2186216310942,44.28132720418052,111.82405582506215
8510.0,1985082400.0,16.86390183684679,20.0,100.3462021112321,82.41055862895521,196.2127939200289,22.782699918244866,111.82760297281602
8510.0,1985082406.0,52.03653318821245,15.0,126.49595057933435,182.04930861864406,290.51160998835076,32.07334469441256,111.82760297281602
8516.0,1985091712.0,13.943627736265709,10.0,175.31944474510186,182.27602629259897,203.38182887997186,41.867512757555225,142.20967694574006
8605.0,1986062318.0,40.91049000809103,45.0,52.23889874427604,-218.84916532332323,225.9938374014861,-44.079845339446386,142.20967694574006
8616.0,1986082112.0,19.374184605906326,45.0,52.23889874427604,44.97183915448233,185.50921525048523,13.626968076166614,275.6891461469579
8616.0,1986082118.0,21.65592993024183,45.0,52.23889874427604,54.962090394349744,78.67349262922723,34.938535698131545,275.6891461469579
8616.0,1986082200.0,29.22276849361406,45.0,52.23889874427604,-54.15715743842945,92.23809795325539,-30.419121456362532,270.035925094122
8616.0,1986082206.0,28.259939662410105,35.0,63.95217374784219,-238.5344831053082,253.26058735740412,-43.284871816180285,270.035925094122
8617.0,1986091900.0,15.509875618883122,64.0,39.341888886461795,114.87582387475352,254.76146046982265,24.27133879111381,299.7784441202268
8617.0,1986091906.0,17.99661168810043,64.0,39.341888886461795,137.7896737643583,176.5287294547262,37.97385330467781,299.7784441202268
8617.0,1986091912.0,11.615823462857449,50.0,47.99093740128585,138.28742882695084,138.3358225493435,44.98997641736208,296.576213912315
8617.0,1986091918.0,22.931875101122586,35.0,63.95217374784219,-49.950393027611675,159.8839836675513,-17.3496654674444,296.576213912315
8617.0,1986092000.0,52.32742957597818,30.0,72.40148542303059,-259.2078005959766,293.83127103130977,-41.417625611862164,285.2460998222042
8705.0,1987072100.0,30.838322917010245,25.0,83.84716432679616,228.38108429480815,299.99973672713594,37.28096445998341,285.2460998222042
8705.0,1987072106.0,25.006232569298394,20.0,100.3462021112321,224.60586275021305,225.49426789822627,44.88691005420635,76.9211360845166
8705.0,1987072112.0,46.46915654111541,15.0,126.49595057933435,-236.96121135199422,264.67049502069415,-41.838291559949376,278.112301761851
8707.0,1987072618.0,33.091217102289086,40.0,57.43436099052307,226.09240010974833,270.74130549288094,39.864800274469985,278.112301761851
8707.0,1987072700.0,22.709251488727315,40.0,57.43436099052307,231.1925965380751,231.1955156207472,44.999638288457774,282.5092054206217
8712.0,1987090912.0,16.56371656140962,55.0,44.44655669143675,-93.41553022880282,288.9020328407865,-17.91844460437218,282.5092054206217
8712.0,1987090918.0,14.661418153427732,45.0,52.23889874427604,-59.95983116798488,197.13030931578336,-16.91784314323498,188.59370441265952
8712.0,1987091000.0,18.008470825586468,35.0,63.95217374784219,49.97690348534733,115.68304249217358,23.365107927771493,188.59370441265952
8712.0,1987091006.0,16.454522661664935,35.0,63.95217374784219,42.77481643755373,46.31667105644355,42.72339066739203,18.40878007908648
8712.0,1987091012.0,15.346052314065377,30.0,72.40148542303059,4.245426352576565,121.38908854890607,2.0030293661148533,18.40878007908648
8802.0,1988060118.0,24.96635624427482,30.0,72.40148542303059,-274.3314283216261,294.07032804856686,-43.01108752524574,23.191319734464336
8802.0,1988060200.0,55.43298842452116,30.0,72.40148542303059,-212.02535821238814,272.0594293391214,-37.930523935700364,23.191319734464336
8912.0,1989073006.0,7.599983135364269,14.0,133.7202001013979,246.77513656169873,248.50405410028657,44.79999305929007,40.59931816874571
8912.0,1989073012.0,37.150364018392246,12.0,151.3872093946261,240.25705824019332,259.90351502036384,42.750561101278265,40.59931816874571
8921.0,1989091112.0,16.449333471585742,65.0,38.853919355861585,58.431911733874294,281.6351614883736,11.721080719209178,163.3377658219622
8921.0,1989091118.0,17.432515431079715,35.0,63.95217374784219,157.37634867845165,186.30847645560664,40.18806345939464,163.3377658219622
8921.0,1989091200.0,46.61106176716013,30.0,72.40148542303059,-143.45132695358942,157.32058721091175,-42.35983472329324,0.0
8921.0,1989091112.0,8.579338760198064,35.0,63.95217374784219,-222.4847135026385,256.4126587349156,-40.94759618236387,0.0
8921.0,1989091118.0,26.44610400818135,40.0,57.43436099052307,-221.8013350416825,283.85372063717176,-38.0038230796368,329.0321623754845
8921.0,1989091200.0,11.247838166712638,40.0,57.43436099052307,-210.16504915529666,212.50686385558956,-44.682555850811084,329.0321623754845
8921.0,1989091206.0,18.60880982155669,35.0,63.95217374784219,208.49256456984918,209.95811796643292,44.799331953686526,311.63018817572606
8921.0,1989091212.0,8.7057310221642,35.0,63.95217374784219,201.00184322758284,225.80068276453093,41.67463753687452,311.63018817572606
8921.0,1989091218.0,14.587545835693005,35.0,63.95217374784219,208.83148668273583,211.45675587063437,44.642114927089104,119.55788709774046
8921.0,1989091300.0,9.842544739153922,35.0,63.95217374784219,196.8099246519006,247.68722997260235,38.47032086718521,119.55788709774046
8921.0,1989091306.0,16.95194832612876,30.0,72.40148542303059,285.7647656786115,290.35069424603716,44.54393030404802,265.21573366744553
8921.0,1989091312.0,6.193946907219072,15.0,126.49595057933435,247.95029654640635,295.7938066753773,39.97155075946908,265.21573366744553
9003.0,1990051818.0,27.691066757954236,30.0,72.40148542303059,148.04250229005004,284.2985843282435,27.507297724859193,275.1797458571258
9003.0,1990051900.0,47.574191016226166,20.0,100.3462021112321,-149.60925090455547,164.50417595846457,-42.285128622237366,275.1797458571258
9003.0,1990051906.0,42.028968724333645,15.0,126.49595057933435,-234.6742113190119,251.84126900688173,-42.97911459073158,285.9313691756323
9005.0,1990062300.0,27.798731661139723,45.0,52.23889874427604,-199.9940806306139,288.12660110290204,-34.765240477949675,285.9313691756323
9005.0,1990062306.0,22.493675416217002,45.0,52.23889874427604,180.97442148900498,196.12648693367754,42.699070368872775,159.49586413704722
9005.0,1990062312.0,31.86907058460605,40.0,57.43436099052307,188.76026252173514,188.78238941408623,44.99664202829136,159.49586413704722
9006.0,1990062818.0,11.633363544836868,50.0,47.99093740128585,237.8644946217033,270.30008940603204,41.347826908648216,41.5908515168046
9006.0,1990062900.0,9.421390564099662,50.0,47.99093740128585,223.57716373263221,240.14710360348153,42.9535600383074,41.5908515168046
9006.0,1990062906.0,13.408348840752273,45.0,52.23889874427604,-179.9281539844687,222.21073727302436,-38.997733628383635,10.295893197593998
9006.0,1990062912.0,17.94503156430255,30.0,72.40148542303059,-146.11910413092002,185.62715917285178,-38.20856427258701,10.295893197593998
9006.0,1990062918.0,17.025677282729493,20.0,100.3462021112321,-150.33351963884215,150.3350435797483,-44.9997095959045,39.818281343739876
9006.0,1990063000.0,16.679238996683893,15.0,126.49595057933435,-79.80386333555688,188.41331352672663,-22.955448843914557,39.818281343739876
9006.0,1990063006.0,50.84534798986624,13.0,141.94028990686283,-164.12117303751396,283.183504418458,-30.094765552898732,215.51832168175733
9012.0,1990081906.0,6.972003189213599,50.0,47.99093740128585,104.96175730324657,174.9077475828144,30.967877263460363,215.51832168175733
9012.0,1990081912.0,6.493653234771604,45.0,52.23889874427604,145.34982355461435,145.3589503070439,44.998201208763824,51.33310360539864
9012.0,1990081918.0,14.49582585193037,45.0,52.23889874427604,142.203949837524,153.24313004787064,42.86017739706852,51.33310360539864
9012.0,1990082000.0,16.791751872777976,40.0,57.43436099052307,130.32390903803085,152.19361821048994,40.57355563086083,75.96391268025886
9012.0,1990082006.0,11.616612931454704,30.0,72.40148542303059,107.10780659117269,129.73592205019708,39.542510343834365,75.96391268025886
9012.0,1990082012.0,10.274708004555919,30.0,72.40148542303059,-52.16009353997973,102.31543754359627,-27.012346323539667,89.99293221737136
9012.0,1990082018.0,13.400261404244189,30.0,72.40148542303059,20.580001024189865,61.087885769333404,18.618243422647943,89.99293221737136
9012.0,1990082100.0,9.160763187918358,25.0,83.84716432679616,139.47881203168265,139.63667805695178,44.96759385869605,293.6153153033491
9012.0,1990082106.0,10.548628857808003,25.0,83.84716432679616,145.76225729110433,149.0565523752437,44.359805603958606,293.6153153033491
9012.0,1990082112.0,10.558332376514018,25.0,83.84716432679616,140.9395674758239,143.9953282266144,44.38555970126691,153.47866876429754
9012.0,1990082118.0,9.222839594155795,25.0,83.84716432679616,-57.73090679595378,165.35264368889122,-19.246040105845896,153.47866876429754
9012.0,1990082200.0,7.412995109637259,25.0,83.84716432679616,-114.72104751318882,115.87360630928812,-44.71362647112566,354.29075889833246
9012.0,1990082206.0,10.07449025553,25.0,83.84716432679616,10.3719751801792,130.1766764556817,4.555483012621453,354.29075889833246
9012.0,1990082212.0,15.22356023055309,20.0,100.3462021112321,107.07845267954151,190.44979834029627,29.346426357362006,253.78858659155503
9017.0,1990090318.0,12.461317605587267,12.0,151.3872093946261,246.91811373626493,248.76449496493515,44.78657842611125,87.83531181964236
9017.0,1990090400.0,11.397933752404134,15.0,126.49595057933435,247.35170654204313,257.8541250141598,43.809084228086064,309.457501766624
9018.0,1990090712.0,23.25571573646721,50.0,47.99093740128585,-4.937050979726433,278.04046888504274,-1.0172708368549475,309.457501766624
9018.0,1990090718.0,16.297315872152492,40.0,57.43436099052307,-129.68211044727073,138.58963874849664,-43.09828522596788,275.68847883330585
9018.0,1990090712.0,10.068593784261608,25.0,83.84716432679616,-59.869054993309376,145.9590088801493,-22.302319482811345,275.68847883330585
9018.0,1990090718.0,10.849957035417132,40.0,57.43436099052307,-86.09739584842374,93.67475750252879,-42.586422573142855,270.0095825129888
9018.0,1990090800.0,16.299393052812817,40.0,57.43436099052307,81.64061498355113,89.25540916912512,42.44869916664275,270.0095825129888
9018.0,1990090806.0,32.28152906853861,35.0,63.95217374784219,14.381685483183983,95.89905579998008,8.528911644346636,88.6793036568757
9107.0,1991071900.0,25.65837835140104,70.0,36.603799205979946,210.11527567174946,211.21281990501532,44.85074693376915,258.6772066039381
9110.0,1991081718.0,17.6466219517155,30.0,72.40148542303059,166.98458569558576,271.3533917683865,31.607178036253604,240.23750193283593
9110.0,1991081800.0,16.065798911168695,25.0,83.84716432679616,77.03752685271532,204.01052358073184,20.68731147451312,135.07144949111577
9110.0,1991081806.0,10.004489043035003,20.0,100.3462021112321,29.969243579955165,121.28260028239131,13.879892679976438,30.92897702100983
9110.0,1991081812.0,11.459879760815754,15.0,126.49595057933435,23.95023638254135,64.60053220116853,20.341941433366603,30.92897702100983
9110.0,1991081818.0,11.475563672890297,10.0,175.31944474510186,22.156233854324554,24.250298005321305,42.41631841360143,245.72342380155206
9110.0,1991081900.0,8.776110464112804,10.0,175.31944474510186,2.77324948625546,80.54787554009117,1.971904895773807,83.3379823048333
9110.0,1991081906.0,44.63144275753294,10.0,175.31944474510186,122.05385590883428,133.190544161592,42.50168549195706,83.3379823048333
9119.0,1991092300.0,10.935169939634838,60.0,41.4398648134883,-170.60687754889537,256.4126587349156,-33.63822899686821,289.65241867765235
9119.0,1991092306.0,10.20521031714563,50.0,47.99093740128585,-141.748034726742,212.71528164306636,-33.67847590942267,289.65241867765235
9119.0,1991092312.0,10.25814853795615,35.0,63.95217374784219,-171.20963551724452,171.38894970417854,-44.97001171159727,291.81300216173224
9119.0,1991092318.0,9.323126151160247,25.0,83.84716432679616,135.83622263661124,179.56936286059153,37.10588179612051,291.81300216173224
9119.0,1991092400.0,7.097411829943112,20.0,100.3462021112321,156.5136252271211,220.1957664056369,35.40495107598264,356.18833323962497
9119.0,1991092406.0,7.412995109637259,20.0,100.3462021112321,154.23428043794277,251.35462410101243,31.53378888016808,356.18833323962497
9119.0,1991092412.0,18.04149608440019,15.0,126.49595057933435,270.30455319620427,288.82572956239335,43.102772480741244,51.342904223415594
9119.0,1991100106.0,13.943627736265709,40.0,57.43436099052307,255.79890427410308,261.6716310037605,44.34978324762844,51.342904223415594
9119.0,1991100112.0,23.015142270900807,40.0,57.43436099052307,234.144047518066,250.8007446755187,43.032799971616946,26.56762589982917
9212.0,1992081800.0,9.422534699992129,25.0,83.84716432679616,-124.46036104301571,248.63733185512731,-26.591166905507517,26.56762589982917
9212.0,1992081806.0,5.036024279340003,25.0,83.84716432679616,200.09169225824226,200.5859425572727,44.92932362744093,125.33340218669562
9212.0,1992081812.0,3.877104200919335,25.0,83.84716432679616,173.59794821383326,202.2538246786631,40.640061817566504,125.33340218669562
9212.0,1992081818.0,13.135858031934546,20.0,100.3462021112321,164.49396113245626,213.54902760107066,37.60657970411761,291.7947650312844
9215.0,1992090412.0,27.704210398356086,35.0,63.95217374784219,-23.439817854816862,231.76133427620613,-5.7751281880779155,291.7947650312844
9215.0,1992090418.0,16.464372684838516,30.0,72.40148542303059,22.027772752962697,69.12473701494575,17.67536406950405,296.55894523916743
9215.0,1992090500.0,27.23537059589548,30.0,72.40148542303059,40.11004798762748,40.14524472694781,44.97487238014868,296.55894523916743
9215.0,1992090506.0,15.18948377875053,25.0,83.84716432679616,16.28403949499305,166.11816094558353,5.59863739111289,299.0501754898802
9216.0,1992082918.0,9.420927500143291,35.0,63.95217374784219,229.20099592445743,276.759421064428,39.63018425720859,299.0501754898802
9216.0,1992083000.0,10.044141542366315,35.0,63.95217374784219,132.35712887223738,248.1737426509481,28.072091402910708,163.47587824078983
9216.0,1992083006.0,18.68783813118893,35.0,63.95217374784219,167.97332873639536,200.45421661392018,39.96178098368444,299.0813465106917
9216.0,1992083012.0,17.186818965572527,35.0,63.95217374784219,106.83030613657317,170.9441611820349,32.00302242375259,299.0813465106917
9216.0,1992083018.0,21.413206547729356,35.0,63.95217374784219,115.78961436772977,116.82678413836727,44.744536253302236,306.894500740157
9216.0,1992083100.0,4.065310766030387,32.0,68.73601561075849,4.819250536743869,168.18963663899873,1.6412853388831854,306.894500740157
9216.0,1992083106.0,7.597828425639829,28.0,76.53637190808041,-128.93338386249508,192.57004280583962,-33.80389864005669,311.6434429639421
9216.0,1992083112.0,63.93159721596154,24.0,86.64829809982032,-91.40511357742773,229.97939834082302,-21.675304249943405,311.6434429639421
9219.0,1992092206.0,35.252048280474156,35.0,63.95217374784219,178.2644430850601,193.4721046496993,42.65734839607414,127.60961326701545
9219.0,1992092212.0,19.194339881984494,30.0,72.40148542303059,205.41213448109775,219.1144605550169,43.15132196075813,41.946778626424646
9315.0,1993091300.0,7.808907280527186,60.0,41.4398648134883,288.9660809401422,289.0193523463088,44.99471919782464,41.946778626424646
9315.0,1993091306.0,6.343178889384595,65.0,38.853919355861585,289.9335815795789,290.48818596609135,44.94525277521871,44.981897211764924
9406.0,1994071012.0,36.67336368874371,60.0,41.4398648134883,21.35530841730847,202.83230871635232,6.010274095566256,44.981897211764924
9406.0,1994071018.0,25.42059116132481,40.0,57.43436099052307,23.85125865204322,29.069927366855307,39.36815172563964,0.0
9406.0,1994071100.0,42.95854685412144,30.0,72.40148542303059,96.42748294270334,171.58249044657904,29.335510443298737,0.0
9407.0,1994071112.0,25.575896311075766,12.0,151.3872093946261,108.69760540011835,148.07686096533544,36.28097974617259,175.60516521603245
9413.0,1994080312.0,28.54294545204495,25.0,83.84716432679616,-32.06253634480087,120.81625048863879,-14.862710577896797,175.60516521603245
9413.0,1994080318.0,18.679051603901694,20.0,100.3462021112321,9.796115707156918,64.0411288657732,8.696892987635165,320.205594852333
9413.0,1994080400.0,16.362309331308907,18.0,109.22843718657725,87.70296222631151,175.49126961624015,26.55390442707335,320.205594852333
9414.0,1994080718.0,16.272645894323297,65.0,38.853919355861585,250.1527475590821,257.51932426508546,44.16866781003304,347.47248358946365
9414.0,1994080800.0,19.480876935104742,50.0,47.99093740128585,-100.63877479872353,257.75711627971884,-21.327678912548482,347.47248358946365
9418.0,1994090106.0,24.503032242627906,50.0,47.99093740128585,105.63235286493521,157.32058721091175,33.87924663226097,104.04227420210319
9418.0,1994090112.0,27.282238645523126,40.0,57.43436099052307,102.42271587263401,119.10973698293202,40.69230723626883,104.04227420210319
9502.0,1995060800.0,21.19285823031972,12.0,151.3872093946261,73.24009930453445,268.0578081475943,15.281659649154507,253.28621497964548
9502.0,1995060806.0,39.64536918079293,12.0,151.3872093946261,128.97321267304952,149.0325669906331,40.87300665990628,253.28621497964548
9504.0,1995073106.0,54.85452148381946,30.0,72.40148542303059,95.81195448468733,266.7341046285107,19.75849071817453,300.95805562754623
9607.0,1996072612.0,24.021881377052477,35.0,63.95217374784219,-53.79535747456428,132.2438631611186,-22.135954196929408,300.95805562754623
9607.0,1996072618.0,34.89564651105607,30.0,72.40148542303059,46.24153609081474,55.975122356570836,39.56040876940833,270.01503132837223
9607.0,1996072700.0,59.43927648650699,20.0,100.3462021112321,-89.16233619812814,242.09155350552558,-20.218755851337328,270.01503132837223
9608.0,1996073118.0,19.164523593200112,50.0,47.99093740128585,128.4303130142831,165.78284620426052,37.76458589350385,168.72069118409908
9608.0,1996080100.0,22.43589008210894,40.0,57.43436099052307,135.71815766653413,137.4310689781293,44.640704447229865,49.89965138799314
9608.0,1996080106.0,54.48759878915954,35.0,63.95217374784219,163.8205785032889,182.63346322967305,41.8918205702933,49.89965138799314
9610.0,1996080612.0,22.618978403014506,17.0,114.3717338112809,-108.99482587562912,282.3199281247738,-21.110003091879317,293.96786746282214
9610.0,1996080618.0,12.972741441865145,15.0,126.49595057933435,-165.4870820745404,166.08874017896866,-44.89603454188809,293.96786746282214
9610.0,1996080700.0,18.665383352666424,12.0,151.3872093946261,-152.93473482796318,176.26544140029037,-40.94617557509536,352.8791032425726
9610.0,1996080706.0,8.947066828842049,12.0,151.3872093946261,-153.5876020366066,163.2186216310942,-43.258724623235636,352.8791032425726
9610.0,1996080712.0,2.4922699765349887,10.0,175.31944474510186,-170.73430446750737,192.1466142654523,-41.623095795933395,100.0464761646546
9610.0,1996080800.0,63.976228798233656,10.0,175.31944474510186,-108.73198130200893,198.50281691194704,-28.71218239269823,100.0464761646546
9714.0,1997082818.0,20.09524712611213,50.0,47.99093740128585,97.05002418541703,239.68267893641055,22.04354006035283,315.00437213132426
9714.0,1997082900.0,22.538697880498006,40.0,57.43436099052307,95.42564958970385,138.99849983937594,34.47048917056421,315.00437213132426
9714.0,1997082906.0,25.123826783980572,35.0,63.95217374784219,91.41968925372156,106.77087295186897,40.57090231280392,279.4575056314169
9801.0,1998070906.0,8.737859171424267,12.0,151.3872093946261,144.0719192790289,168.99233493874013,40.448760912311954,279.4575056314169
9801.0,1998070912.0,13.777637020651875,12.0,151.3872093946261,147.4355710532305,149.0325669906331,44.69136568029079,300.95808433047637
9801.0,1998070918.0,18.720585362095594,12.0,151.3872093946261,7.7304025854204195,158.6345458589519,2.7898673531044125,300.95808433047637
9801.0,1998071000.0,10.12488152080163,12.0,151.3872093946261,-16.422812265386614,46.69832756324582,-19.375692838465138,324.46083565958094
9801.0,1998071006.0,5.014953418989628,10.0,175.31944474510186,19.423465158260857,23.743963481634946,39.28447166648718,324.46083565958094
9801.0,1998071012.0,6.99806646934787,10.0,175.31944474510186,5.2421803130772835,47.06312233321414,6.355758037574747,143.87563395624744
9802.0,1998080406.0,27.94975132007241,30.0,72.40148542303059,61.63654522131613,176.30534411653804,19.269683493915508,301.6216925564628
9802.0,1998080412.0,18.672564258434992,25.0,83.84716432679616,61.51263439424218,62.18402317576372,44.68901855067729,301.6216925564628
9802.0,1998080418.0,15.278193555831047,12.0,151.3872093946261,123.8218966760551,140.13829006598877,41.4628282524379,288.4378935396496
9802.0,1998080500.0,8.675544447735154,12.0,151.3872093946261,90.67937005359154,202.62954554838336,24.109139822610402,288.4378935396496
9808.0,1998092800.0,16.679238996683775,15.0,126.49595057933435,-266.5976741536703,295.90574316219636,-42.01741974064301,292.61532228674037
9808.0,1998092806.0,11.622072097788012,15.0,126.49595057933435,-258.8528355525066,263.6430917930587,-44.4747255210017,292.61532228674037
9808.0,1998092812.0,34.42208332571615,20.0,100.3462021112321,-263.47040081413013,282.04679868537823,-43.04967088279559,135.1004372266252
9809.0,1998101518.0,22.092047234787064,50.0,47.99093740128585,-283.8425080572595,287.963910956428,-44.587036985124584,135.1004372266252
9810.0,1998102618.0,11.49707577940194,30.0,72.40148542303059,-75.1202554504356,225.3872198437057,-18.432931373231035,315.01992452205235
9810.0,1998102700.0,11.481763349658658,25.0,83.84716432679616,-74.13372813132278,161.83652523245544,-24.61146686873948,315.01992452205235
9810.0,1998102706.0,11.237205720721212,15.0,126.49595057933435,-54.32699400116124,105.64338301540887,-27.214443637735354,312.2771377888673
9903.0,1999060600.0,28.965983363921612,40.0,57.43436099052307,-228.5639309467487,250.6020879995361,-42.36666598371684,312.2771377888673
9903.0,1999060606.0,33.681120132008935,40.0,57.43436099052307,204.18262580187013,236.35091119643664,40.823606151281766,127.79328590358405
9905.0,1999072712.0,25.517250297362704,20.0,100.3462021112321,-190.74270344800988,205.90286704642818,-42.811167305164496,28.04190928565741
9905.0,1999072718.0,61.18068354661484,15.0,126.49595057933435,164.76434407866023,208.45160252900595,38.323554308070996,28.04190928565741
9914.0,1999100806.0,5.817960638864317,45.0,52.23889874427604,-97.34314315327545,281.415703582768,-19.080766832348715,312.279950089189
9914.0,1999100812.0,14.923953775011585,45.0,52.23889874427604,-139.79965283921953,248.63733185512731,-29.34745135039697,312.279950089189
9914.0,1999100818.0,14.825990219274518,45.0,52.23889874427604,-149.72390022654483,179.16555110388205,-39.88460968934649,36.86497892801326
9914.0,1999100900.0,11.24684333948691,40.0,57.43436099052307,145.5649622173198,145.90136641072823,44.933870467903375,36.86497892801326
9914.0,1999100906.0,11.615823462857449,30.0,72.40148542303059,-163.00662312789584,163.0749420472963,-44.98799568542563,4.763921076988197
9914.0,1999100912.0,14.919736642977108,12.0,151.3872093946261,-152.40106803227388,178.67142533011543,-40.46312821243935,4.763921076988197
4.0,2000070900.0,37.22000980399573,30.0,72.40148542303059,-213.1149004625218,256.31599714303445,-39.741956722259275,160.35293738033118
4.0,2000070906.0,29.840084131239262,30.0,72.40148542303059,214.6754212358054,215.6499101833086,44.870251634389,160.35293738033118
4.0,2000070912.0,57.40665045496803,30.0,72.40148542303059,-100.14998588472608,296.34435799682876,-18.672753321940863,314.99928838855516
10.0,2000082218.0,26.56513816814271,70.0,36.603799205979946,-39.23245404541981,115.6250840430678,-18.742457962926338,314.99928838855516
10.0,2000082300.0,22.444095921412515,55.0,44.44655669143675,43.08520644653459,64.0411288657732,33.9316405316978,311.98263124124185
10.0,2000082306.0,19.27240857987091,40.0,57.43436099052307,31.49475993177621,185.17565077380252,9.652525807855948,311.98263124124185
20.0,2000103118.0,34.3277483905277,40.0,57.43436099052307,-251.0629669068574,275.0101195636525,-42.393662039719814,117.65687097763515
20.0,2000110100.0,55.46933531025383,35.0,63.95217374784219,-163.1139769973643,252.08511678403485,-32.90525540362953,117.65687097763515
102.0,2001062300.0,22.499931258318792,50.0,47.99093740128585,51.471913334213475,227.22624547712778,12.763399294029346,285.2469200539761
102.0,2001062306.0,26.165142529929252,40.0,57.43436099052307,-22.842798528449826,99.25261002065474,-12.96082283081985,285.2469200539761
102.0,2001062312.0,31.901333797830045,40.0,57.43436099052307,-24.93676654545511,63.64285735570902,-21.396412728517927,276.3339528477672
105.0,2001071106.0,12.674385018660567,15.0,126.49595057933435,-82.76449192271639,283.85372063717176,-16.255335095293503,276.3339528477672
105.0,2001071112.0,12.650199050549979,14.0,133.7202001013979,-83.5877657821198,212.54002789742785,-21.468727433657058,255.9521726133467
105.0,2001071118.0,15.097677431996026,14.0,133.7202001013979,-59.88904846304007,145.9590088801493,-22.309037250132288,255.9521726133467
105.0,2001071200.0,18.609536949041793,12.0,151.3872093946261,21.37963966437513,72.38110164753091,16.455875260865575,249.43078616794054
105.0,2001071206.0,52.59033715190776,10.0,175.31944474510186,-23.124809793025996,46.31081069240369,-26.53476089706343,249.43078616794054
108.0,2001072912.0,15.083181451648082,45.0,52.23889874427604,61.152827037903,276.759421064428,12.459885505819557,275.7001147745882
108.0,2001072918.0,12.224557059482775,40.0,57.43436099052307,137.5545945490303,189.59836872977746,35.961078852268095,275.7001147745882
108.0,2001073000.0,19.716372294094327,35.0,63.95217374784219,140.66482407505035,149.15860932930403,43.321326935985695,150.80399776584466
108.0,2001073006.0,9.985978590404253,30.0,72.40148542303059,159.88262011894076,159.8839836675513,44.99975567936233,150.80399776584466
108.0,2001073012.0,12.962820026868634,30.0,72.40148542303059,149.6372535783038,175.83114048179988,40.39871937531121,336.83020142859874
108.0,2001073018.0,10.51656351201304,25.0,83.84716432679616,143.35982519161902,230.6646135632472,31.861267978487117,336.83020142859874
108.0,2001073100.0,54.9235756097502,15.0,126.49595057933435,-239.07641878818785,284.6749253366715,-40.02429737326547,89.90199369321448
116.0,2001091612.0,13.699239410663417,45.0,52.23889874427604,-106.86430228896864,286.2307069749654,-20.473129548635704,5.1950663283703555
116.0,2001091618.0,12.535113051476918,30.0,72.40148542303059,-122.75032920983672,213.36821626688018,-29.91173611995565,5.1950663283703555
116.0,2001091700.0,9.419992220168073,20.0,100.3462021112321,-159.08528342026966,160.0298352194388,-44.830410186113276,234.08343547959205
116.0,2001091712.0,8.156204991232922,15.0,126.49595057933435,-165.26955939576123,165.49770440204415,-44.96048053923488,63.42675959659608
116.0,2001091718.0,6.813543627643718,15.0,126.49595057933435,-109.87532442885947,173.45818676276463,-32.35179829094617,63.42675959659608
116.0,2001091800.0,7.760912832653439,15.0,126.49595057933435,-141.765547136627,145.66067198273512,-44.22359012829334,71.57439683857726
116.0,2001091812.0,10.590147655979502,15.0,126.49595057933435,-114.45222330156636,145.9590088801493,-38.101395648518185,71.57439683857726
116.0,2001091900.0,11.985239382502003,12.0,151.3872093946261,-193.3280793211102,194.25565308169027,-44.86287876461087,69.4622016221957
116.0,2001091912.0,18.918096055942005,12.0,151.3872093946261,196.6806101995392,200.8992055804108,44.39207517385812,69.4622016221957
116.0,2001091918.0,55.326904067262824,15.0,126.49595057933435,195.62418601292546,246.805092694467,38.40126609262463,191.2901456931947
119.0,2001092606.0,9.879162605772125,40.0,57.43436099052307,75.77257742742906,277.8313039988846,15.255196175054298,191.2901456931947
119.0,2001092612.0,11.50913173162941,40.0,57.43436099052307,11.713368842531782,221.01313972805517,3.0337530754304987,324.48964761582874
119.0,2001092618.0,8.156204991232922,30.0,72.40148542303059,43.08674735518681,152.0651998788768,15.819754578718218,324.48964761582874
119.0,2001092700.0,5.025601345427678,25.0,83.84716432679616,-105.34326557321143,105.78248607450364,-44.880803528236946,336.0471290151762
119.0,2001092706.0,6.510376313515972,20.0,100.3462021112321,58.18401922953399,109.99809271960629,27.876816824012085,336.0471290151762
119.0,2001092712.0,5.8119992046561295,20.0,100.3462021112321,-78.85228358023907,79.65013960458485,-44.71159181141549,341.5689996483363
119.0,2001092718.0,14.64574497690804,20.0,100.3462021112321,-67.6866245729033,83.81149223834852,-38.9245344358167,341.5689996483363
119.0,2001092806.0,10.029894493022331,20.0,100.3462021112321,95.57657455562573,149.93665080081647,32.5153259318721,63.44294126508973
119.0,2001092812.0,7.601795523812104,20.0,100.3462021112321,112.16498734618459,112.16698532575542,44.999489703604915,63.44294126508973
119.0,2001092818.0,9.266243887046516,15.0,126.49595057933435,-101.24414144071348,122.50669987193713,-39.57160684015036,171.88195985265426
119.0,2001092900.0,11.244185440600992,12.0,151.3872093946261,-81.97156309249088,161.9274983679496,-26.849621061869303,171.88195985265426
208.0,2002070812.0,9.024974778315766,18.0,109.22843718657725,56.74631189839367,270.4289292048096,11.85089834456801,342.6518581949881
208.0,2002070818.0,16.32510852842353,15.0,126.49595057933435,18.59219323029336,217.75272017942015,4.880200166997717,342.6518581949881
208.0,2002070900.0,17.08535151612097,22.0,92.93511238619287,29.929845996122904,120.42333076078704,13.95740975539657,342.8963837966075
208.0,2002070906.0,7.715444159276248,22.0,92.93511238619287,-31.41143176710836,31.77798722824082,-44.66763667647762,342.8963837966075
208.0,2002070912.0,5.397309635470234,22.0,92.93511238619287,-22.137732562866514,57.97294267660867,-20.900015905026827,161.5848968137178
208.0,2002070918.0,16.362309331308555,22.0,92.93511238619287,-41.5766042057585,88.44146143629764,-25.17836220411283,161.5848968137178
208.0,2002071000.0,15.57618741855026,22.0,92.93511238619287,-19.003001875906556,180.05678016471867,-6.024633545386239,340.5606783223982
208.0,2002071006.0,56.89953732192987,22.0,92.93511238619287,-217.47349954116694,273.1845442905448,-38.52217770887974,340.5606783223982
309.0,2003080312.0,17.120076065408927,22.0,92.93511238619287,12.410327084548085,281.4269535279949,2.5249855377387718,331.38709366962763
309.0,2003080318.0,22.783882134406312,22.0,92.93511238619287,-65.90841805378706,178.81288060958428,-20.233319544862997,331.38709366962763
309.0,2003080400.0,11.597320800404686,22.0,92.93511238619287,69.8800420978208,72.38110164753091,43.99280020122475,184.9575039075639
309.0,2003080406.0,11.57662534877196,15.0,126.49595057933435,65.16110544484025,83.19969722230402,38.06766414374824,319.4611189638114
309.0,2003080412.0,13.923582772527112,12.0,151.3872093946261,125.55947338469541,134.94439846326657,42.93675178272024,319.4611189638114
309.0,2003080418.0,17.41954856332608,10.0,175.31944474510186,137.16536678736549,180.4332240855654,37.24210295014566,330.29515642694076
407.0,2004070112.0,13.40966724701235,30.0,72.40148542303059,188.99816850951697,244.3067819757547,37.725894376024115,330.29515642694076
407.0,2004070118.0,14.921739886016303,25.0,83.84716432679616,195.68268687939562,201.7001174508894,44.132456102904676,336.0554144677994
407.0,2004070200.0,11.245424764423737,25.0,83.84716432679616,197.57002575455965,199.16415087638632,44.76977998032601,336.0554144677994
407.0,2004070206.0,13.39540729980167,25.0,83.84716432679616,210.32632289644073,220.33109765855136,43.6691782123249,319.4072214915103
407.0,2004070212.0,20.05072488677693,23.0,89.66835004458707,-256.9355846447614,260.26073574932104,-44.631639878098085,319.4072214915103
418.0,2004082418.0,11.708992026221905,45.0,52.23889874427604,129.9695152645235,294.69299794574744,23.799091205226844,296.5624875976007
418.0,2004082500.0,16.7271113972991,45.0,52.23889874427604,131.46701619785313,234.98101645703446,29.22611002625953,296.5624875976007
418.0,2004082506.0,24.471246382653792,42.0,55.22228941850776,84.16633138379517,165.32493017792174,26.980481834834293,151.03355563354526
418.0,2004082512.0,23.076017760128025,40.0,57.43436099052307,84.76209610819865,85.30391203456908,44.81746110723917,65.20524438015553
418.0,2004082518.0,12.224557059482954,30.0,72.40148542303059,150.60336789270954,165.36249484735436,42.32559257878262,65.20524438015553
418.0,2004082600.0,36.41771792742944,25.0,83.84716432679616,117.55832794400375,205.08263036095005,29.822378716123556,15.424966292822491
421.0,2004091100.0,18.904488376265423,10.0,175.31944474510186,-160.11540926771931,188.389512880315,-40.361768493202405,15.424966292822491
421.0,2004091106.0,15.527358807654444,10.0,175.31944474510186,-262.6019458839641,263.9258088056488,-44.85593998122508,345.9661522441985
421.0,2004091112.0,20.66566523636487,12.0,151.3872093946261,-257.75156888667175,262.8458355080129,-44.43935436690322,345.9661522441985
421.0,2004091118.0,9.418085680582662,14.0,133.7202001013979,-252.2132121681981,261.01472939801664,-44.017511866922746,307.39669028288836
421.0,2004091200.0,9.266243887046516,14.0,133.7202001013979,-271.5589739000101,279.7976533606765,-44.14391809088637,307.39669028288836
421.0,2004091206.0,22.302523580933155,14.0,133.7202001013979,-263.05355138622093,298.73647958848204,-41.36565561852465,270.00078147669905
425.0,2004102500.0,23.776556375409125,55.0,44.44655669143675,239.1112033622651,260.65080142524204,42.532095809189904,143.4298977152202
428.0,2004120318.0,30.692492325319737,25.0,83.84716432679616,226.62504320070227,296.8386810144635,37.3603572447206,302.0204571829013
428.0,2004120400.0,31.599644760552597,20.0,100.3462021112321,-213.858747520362,222.173909951694,-43.90749932468909,302.0204571829013
505.0,2005071800.0,7.603868636501752,60.0,41.4398648134883,-235.3410532005109,235.68518264506625,-44.95813999354905,341.57333795724827
505.0,2005071806.0,13.947164002752997,60.0,41.4398648134883,115.91653168629581,240.373355257036,25.745008590590118,341.57333795724827
505.0,2005071812.0,10.274708004555498,40.0,57.43436099052307,64.13949202075209,173.75560321412118,20.26093157042961,186.8246561678779
505.0,2005071818.0,8.726865515508868,40.0,57.43436099052307,103.89928920091911,119.76319350561289,40.942926481411305,186.8246561678779
505.0,2005071900.0,15.653527946600256,40.0,57.43436099052307,95.55561797222232,108.29849278877901,41.42310767673322,89.98073256946037
505.0,2005071906.0,12.456578323207978,35.0,63.95217374784219,151.01096081710628,177.42476023530372,40.401995234469645,89.98073256946037
505.0,2005071912.0,10.627162737716906,30.0,72.40148542303059,212.66402405749517,229.43417583826835,42.82763546575623,12.08007124016611
513.0,2005083118.0,22.336743776240453,60.0,41.4398648134883,30.54166241301359,218.72324591773997,7.9491605951418265,12.08007124016611
513.0,2005090100.0,22.538697880498006,50.0,47.99093740128585,59.54720031304705,88.33617533491714,33.98381363634721,9.45427063271502
513.0,2005090106.0,28.35337632749054,40.0,57.43436099052307,90.27922337601319,95.67567031982682,43.33773194185833,9.45427063271502
513.0,2005090112.0,56.38284718051968,25.0,83.84716432679616,-23.850225787381543,223.34974217254995,-6.095187048217924,354.2908434344866
519.0,2005100200.0,15.693017612370197,50.0,47.99093740128585,-20.3433614200753,119.18024725682233,-9.686691144444017,354.2908434344866
519.0,2005100206.0,17.318323300149558,50.0,47.99093740128585,-21.839272591550387,31.77798722824082,-34.49861262082549,306.87207971499623
519.0,2005100212.0,20.742287208526665,40.0,57.43436099052307,38.50306054459805,84.28529820375495,24.551784641256997,306.87207971499623
519.0,2005100218.0,26.144531537484525,20.0,100.3462021112321,198.00602213514216,201.91362152705878,44.44018296644788,330.2544063697303
601.0,2006051718.0,24.47768396273256,50.0,47.99093740128585,-159.60582957460937,273.77845138025214,-30.241090839201277,330.2544063697303
601.0,2006051800.0,34.98925914768591,20.0,100.3462021112321,-142.90102200006513,177.59488180578748,-38.82175764710907,338.1982979052225
601.0,2006051806.0,41.94603175530839,14.0,133.7202001013979,-157.94909168830458,187.55183914190044,-40.10282016615081,338.1982979052225
604.0,2006071318.0,16.81408159144537,35.0,63.95217374784219,153.22510064134676,216.32551338157904,35.31024845603148,281.3112709296923
604.0,2006071400.0,26.329646974432134,35.0,63.95217374784219,167.5647527936894,168.2208390006804,44.88805081653445,281.3112709296923
605.0,2006072418.0,23.981446008610806,35.0,63.95217374784219,-60.54230267252102,188.50388040038584,-17.80560106377101,236.31034687481724
605.0,2006072500.0,17.531982164743457,35.0,63.95217374784219,-52.2054621946856,71.51955166045286,-36.12745264925906,236.31034687481724
605.0,2006072506.0,20.604719453485096,35.0,63.95217374784219,16.13860091094869,74.16067710437514,12.277103927247056,195.94486563619432
605.0,2006072512.0,5.389795049233512,20.0,100.3462021112321,46.375546086092676,196.3679048141317,13.287879409255964,168.69205977091335
609.0,2006080818.0,25.626516473520308,20.0,100.3462021112321,-151.33711609853594,256.86081195488765,-30.505718712459604,186.15266907503246
609.0,2006080900.0,22.294964451782665,15.0,126.49595057933435,-162.4421823965438,167.136916667448,-44.18389767680912,50.160820957111966
609.0,2006080906.0,22.548825675684018,12.0,151.3872093946261,152.30877410534646,191.0214848831402,38.56670223982423,50.160820957111966
609.0,2006080912.0,50.27329443280173,12.0,151.3872093946261,213.56623545198858,291.02739477995067,36.2725436090548,51.02991955563567
707.0,2007080718.0,24.101971299501656,30.0,72.40148542303059,-229.27924432071282,250.63595396598402,-42.45196121595584,51.02991955563567
707.0,2007080800.0,49.74147570521543,30.0,72.40148542303059,187.25872752964898,235.79484323069605,38.455181684992546,195.2163216174926
708.0,2007080900.0,38.14497046546861,20.0,100.3462021112321,-67.83473556780812,240.36893454355894,-15.759645301890627,195.2163216174926
708.0,2007080906.0,28.94043783435391,12.0,151.3872093946261,71.66678955858225,72.38110164753091,44.715881071594744,0.0
709.0,2007081800.0,22.365309176042675,60.0,41.4398648134883,-8.172153201940654,179.59963719745488,-2.605278881782747,0.0
709.0,2007081806.0,8.755847372551933,50.0,47.99093740128585,3.133726955133804,46.06721120530088,3.8915562854625696,350.5405991024625
709.0,2007081812.0,13.950843597375924,40.0,57.43436099052307,1.6807657343587765,7.332075374081886,12.911109434606802,350.5405991024625
709.0,2007081818.0,10.068791079063365,35.0,63.95217374784219,31.521225047505446,90.87624314033411,19.129553367171326,336.36682209787966
709.0,2007081900.0,8.7057310221642,20.0,100.3462021112321,15.955791706338745,149.0565523752437,6.1099729038059785,336.36682209787966
709.0,2007081906.0,58.168404130771904,20.0,100.3462021112321,-160.6563496649306,201.0965284087685,-38.62141546654543,212.67805200929968
713.0,2007091812.0,33.61554350174368,70.0,36.603799205979946,-272.10806180317877,294.5579114741906,-42.731274907356315,341.5983446960177
716.0,2007100606.0,6.27485170554629,75.0,34.626274653077736,-128.0951949436444,271.9738848507181,-25.219658875066802,341.5983446960177
716.0,2007100612.0,25.988556699539952,70.0,36.603799205979946,203.385490842065,240.33036742009892,40.24039072724104,348.70614717916834
716.0,2007100618.0,11.165471069356974,50.0,47.99093740128585,206.3984209666119,211.45675587063437,44.306441318354246,348.70614717916834
716.0,2007100700.0,41.80243267230551,40.0,57.43436099052307,-203.91117138767592,213.73815239515105,-43.652121207630785,15.932651025805075
807.0,2008071712.0,15.039421837415409,35.0,63.95217374784219,174.57338410673077,261.17932242329687,33.758938052789944,15.932651025805075
807.0,2008071718.0,10.548628857808003,30.0,72.40148542303059,196.01223417965502,205.8323004438101,43.60011437155711,36.863851335102716
807.0,2008071800.0,19.459403392741418,25.0,83.84716432679616,199.18504536949536,199.61475158347773,44.93826390296146,36.863851335102716
807.0,2008071806.0,18.560393212563525,25.0,83.84716432679616,228.65702760323026,233.17189563059304,44.439890769954,32.00524018646006
807.0,2008071812.0,64.41548821433953,20.0,100.3462021112321,-147.74745373922352,285.9451057606085,-27.325338256006166,32.00524018646006
808.0,2008072800.0,17.531982164743457,50.0,47.99093740128585,56.64702559435406,193.4721046496993,16.319592525873325,0.0
808.0,2008072806.0,18.712351799180375,40.0,57.43436099052307,61.760722140921956,98.46530253686426,32.09730837747916,0.0
808.0,2008072812.0,23.51139562768662,35.0,63.95217374784219,55.04148668298723,75.37531184463711,36.13812562563099,128.061478734508
808.0,2008072818.0,16.09021158815572,25.0,83.84716432679616,109.44668747503349,202.84611502665595,28.349313631926247,128.061478734508
813.0,2008091312.0,11.541615744650002,65.0,38.853919355861585,144.87776542584635,291.3481647502495,26.43963294739095,284.0360873197411
813.0,2008091318.0,2.5043205361156238,60.0,41.4398648134883,-129.9536870015353,235.36201246922803,-28.905014224523413,284.0360873197411
813.0,2008091400.0,16.76352356416911,50.0,47.99093740128585,222.98829814150022,223.32093266906404,44.957297430334826,326.31601545926384
813.0,2008091406.0,5.351377358496993,40.0,57.43436099052307,56.25676276470797,251.4658466037437,12.6103043812297,326.31601545926384
813.0,2008091412.0,11.424462046120203,35.0,63.95217374784219,219.35989526275873,220.33109765855136,44.87344360305132,290.55147784617145
813.0,2008091418.0,8.675544447735154,35.0,63.95217374784219,-54.284976629775805,230.45330366394265,-13.254811663929532,290.55147784617145
813.0,2008091500.0,46.452821254186055,30.0,72.40148542303059,-260.17736398984107,281.4186623395323,-42.754020986139324,246.02358637267275
815.0,2008092806.0,14.636008369674443,75.0,34.626274653077736,70.38010009605955,293.8171693366704,13.470650589727775,246.02358637267275
815.0,2008092812.0,12.216290966606877,60.0,41.4398648134883,186.03235607272413,209.95811796643292,41.54238981809978,198.42429670277014
815.0,2008092818.0,15.656191011735741,50.0,47.99093740128585,189.32912104835583,189.58128523752876,44.961869768126384,198.42429670277014
903.0,2009062018.0,18.846638926477265,30.0,72.40148542303059,-102.77815745134285,298.49405288086,-18.99972760272805,80.54258223097011
903.0,2009062100.0,16.765796083331143,30.0,72.40148542303059,-115.0297805075136,194.71801716387031,-30.572494639237824,80.54258223097011
903.0,2009062106.0,11.247442103973114,30.0,72.40148542303059,-107.25001246919493,124.76204651837841,-40.68355750190447,344.0574373930192
903.0,2009062112.0,13.920644859890507,30.0,72.40148542303059,-102.57595207300196,105.87252331422863,-44.093954157093734,344.0574373930192
903.0,2009062118.0,17.903468601740357,20.0,100.3462021112321,-117.7546153205461,120.77048951691246,-44.275599707480644,248.18772073093243
903.0,2009062200.0,59.79234882188886,15.0,126.49595057933435,-131.39520812546007,185.04733877265673,-35.377139205660946,248.18772073093243
908.0,2009080712.0,10.135857726673033,60.0,41.4398648134883,82.71121158614454,258.04368097754565,17.7723081742714,210.94878287631778
908.0,2009080718.0,11.119492664455889,50.0,47.99093740128585,-200.2355205970734,201.7001174508894,-44.79122317338751,210.94878287631778
908.0,2009080800.0,12.512467448560072,40.0,57.43436099052307,167.46468401545178,203.43241887532778,39.46106324603598,210.94008117283644
908.0,2009080806.0,7.663438066329001,40.0,57.43436099052307,148.04468264075425,176.65531836670738,39.96444148338377,210.94008117283644
908.0,2009080812.0,5.806123640940718,40.0,57.43436099052307,143.29724333404315,159.8839836675513,41.86852721964674,68.1926388354108
908.0,2009080818.0,5.804916603229796,40.0,57.43436099052307,145.53199863897726,180.10116638384645,38.94018519429104,68.1926388354108
908.0,2009080900.0,8.93758458949297,35.0,63.95217374784219,184.43556117067513,204.3244147385129,42.071316977212604,0.0
908.0,2009080906.0,8.927988855873584,35.0,63.95217374784219,186.89373712858784,236.12224250095286,38.36205959950569,0.0
1006.0,2010090100.0,12.246980371426394,20.0,100.3462021112321,99.29903149282075,215.73992038500117,24.715288723049678,300.9670225755629
1006.0,2010090106.0,7.5553201727417445,20.0,100.3462021112321,130.62745946420847,152.74964906043638,40.53618637942346,300.9670225755629
1006.0,2010090112.0,11.281503964843113,20.0,100.3462021112321,131.1047785793357,132.23592474349692,44.75389485248606,263.6452456257317
1006.0,2010090118.0,16.247499991128183,20.0,100.3462021112321,100.34736742721286,135.11699892488693,36.600171703035095,263.6452456257317
1008.0,2010083018.0,9.141700468714154,15.0,126.49595057933435,69.43340178162926,248.76449496493515,15.595108405902241,81.01154952221323
1008.0,2010083100.0,12.290904381857063,15.0,126.49595057933435,88.36823653235945,196.79977356929857,24.181325202593854,314.9987628574337
1008.0,2010083106.0,8.583352369577629,15.0,126.49595057933435,98.42790315106103,135.89827912232766,35.9149236299504,314.9987628574337
1008.0,2010083112.0,16.836253358988554,15.0,126.49595057933435,89.61683848118578,108.11927693885896,39.65432091896088,321.3395188292239
1008.0,2010083118.0,48.45339942479481,14.0,133.7202001013979,69.38377106084562,96.59951754851407,35.688254237532995,321.3395188292239
1010.0,2010090906.0,17.02637276136257,25.0,83.84716432679616,95.45891786419185,231.05366227905938,22.44777571188808,159.30088941736932
1010.0,2010090912.0,22.30363072465539,35.0,63.95217374784219,78.76935512319622,142.07348755199135,29.00516240623148,296.56787686503213
1010.0,2010090918.0,20.661306417739524,40.0,57.43436099052307,71.75959905840587,74.29823943644655,44.00423875707799,296.56787686503213
1010.0,2010091000.0,24.321257174961122,25.0,83.84716432679616,-117.49639771035152,159.51945106542024,-36.37404946943033,229.33135046229614
1011.0,2010091900.0,22.407747900324363,60.0,41.4398648134883,-136.30759782543194,228.51009318993627,-30.816321900701727,229.33135046229614
1011.0,2010091906.0,12.062441754559188,50.0,47.99093740128585,-95.45467489177976,152.0651998788768,-32.11739734829724,315.0389639845912
1011.0,2010091912.0,14.693870639028821,40.0,57.43436099052307,-86.79023412864738,108.07405034766097,-38.76664691480557,315.0389639845912
1011.0,2010091918.0,25.531227959939145,40.0,57.43436099052307,72.36406146582897,89.25540916912512,39.033503015677674,288.44396851232864
1011.0,2010092000.0,29.315606086201015,35.0,63.95217374784219,207.68328991950992,214.8182065617883,44.032519979109885,288.44396851232864
1013.0,2010102212.0,9.422986887386577,50.0,47.99093740128585,172.32799613813455,249.6363324328483,34.617945963602935,333.44949156752705
1013.0,2010102218.0,11.630407885366877,45.0,52.23889874427604,183.74589181008224,209.8215652699155,41.20942826398081,333.44949156752705
1013.0,2010102300.0,12.229452370429742,45.0,52.23889874427604,181.37493796188278,181.51048620378535,44.97859836382766,288.4129533972131
1013.0,2010102306.0,7.603280926101589,35.0,63.95217374784219,-174.61381805807034,187.626651121672,-42.942637535576885,288.4129533972131
1013.0,2010102312.0,8.143087135931612,20.0,100.3462021112321,-164.23607713306745,176.19577747966787,-42.98797131065783,119.18344913069049
1111.0,2011082818.0,15.544529597941851,35.0,63.95217374784219,-4.910737205449172,281.4269535279949,-0.9996766870536765,270.09341878152287
1111.0,2011082900.0,12.592180397349502,30.0,72.40148542303059,-35.932043366542764,188.1984410112463,-10.80918560933531,289.6470811609935
1111.0,2011082906.0,8.997125185819796,25.0,83.84716432679616,-20.5301356047381,114.94594153936987,-10.126639906516845,289.6470811609935
1111.0,2011082912.0,3.8657803407652285,20.0,100.3462021112321,-44.90662952149969,62.4802590721991,-35.70605246364372,65.01221831035974
1111.0,2011082918.0,8.763996696659138,20.0,100.3462021112321,41.115293688890304,49.02055415785884,39.98776486548148,286.69161779033783
1111.0,2011083000.0,4.073760234460587,20.0,100.3462021112321,45.8071704576747,46.31667105644355,44.68312289354799,286.69161779033783
1111.0,2011083006.0,3.706497554818571,18.0,109.22843718657725,-53.79200175478457,54.13733845206843,-44.81667387473109,251.5512247487655
1111.0,2011083018.0,4.0709872181204485,18.0,109.22843718657725,32.69179817837326,66.94706735011745,26.027324745623424,251.5512247487655
1111.0,2011083100.0,13.580292905458565,14.0,133.7202001013979,50.530550486497965,89.10422846355851,29.557349584579036,224.9830649778866
1111.0,2011083106.0,41.087528157950864,14.0,133.7202001013979,155.02638720723613,162.1656852146339,43.710615347352544,224.9830649778866
1205.0,2012062000.0,31.579821692984122,20.0,100.3462021112321,-24.139249256533482,245.8767068531273,-5.607115099710463,218.63453988629223
1205.0,2012062006.0,22.654217942656555,18.0,109.22843718657725,-8.457814280098889,60.04428642082324,-8.017909467791327,218.63453988629223
1205.0,2012062012.0,37.1449788448487,15.0,126.49595057933435,-63.10123249286292,77.09845956766138,-39.29860907656965,218.62291561760534
1209.0,2012080118.0,5.404767598620882,50.0,47.99093740128585,-99.01794065603838,271.3062102515692,-20.05043732205674,218.62291561760534
1209.0,2012080200.0,16.764339292789806,40.0,57.43436099052307,-241.9828805926463,241.9962513290797,-44.99841710785467,233.0829059936058
1209.0,2012080206.0,17.91280723271753,35.0,63.95217374784219,241.61874708401643,260.33551293460465,42.86455623844539,233.0829059936058
1209.0,2012080212.0,16.23518125046432,35.0,63.95217374784219,233.78901985300234,248.76449496493515,43.22246404421392,120.70233964514733
1214.0,2012082318.0,14.209067776595164,65.0,38.853919355861585,-238.946036063946,279.8505967345324,-40.49183612967066,120.70233964514733
1214.0,2012082400.0,10.295204460150476,55.0,44.44655669143675,-222.9666804658548,251.81097794503467,-41.52336694066643,288.46114717503
1214.0,2012082406.0,7.106910743813271,40.0,57.43436099052307,-206.5442172359252,231.8656027522145,-41.694420560405675,288.46114717503
1214.0,2012082412.0,10.449815340941191,40.0,57.43436099052307,-211.4804312386053,215.83661692146816,-44.41593154328763,301.00969358531944
1214.0,2012082418.0,11.993885812979435,35.0,63.95217374784219,203.4016153498727,211.6343042064316,43.86362492626551,301.00969358531944
1214.0,2012082500.0,8.768230097386699,35.0,63.95217374784219,169.41415357439854,240.06866343676194,35.21025216522423,270.02051029487984
1214.0,2012082800.0,45.26776229145872,35.0,63.95217374784219,175.96144219182372,289.8644392623552,31.25973358801583,270.02051029487984
1307.0,2013071300.0,22.35170224858477,50.0,47.99093740128585,164.94558587892575,176.65531836670738,43.03672753696448,248.13248233851647
1307.0,2013071306.0,23.612239336954357,35.0,63.95217374784219,188.84941437100593,190.55637005870506,44.74222665844898,248.13248233851647
1307.0,2013071312.0,58.06545267884223,25.0,83.84716432679616,132.45726842216726,227.01055073246684,30.262923605422667,255.91348813114126
1308.0,2013071806.0,16.679238996683775,15.0,126.49595057933435,-151.54690205498247,200.5859425572727,-37.07181476067508,255.91348813114126
1308.0,2013071812.0,23.783723408421228,15.0,126.49595057933435,148.0679254457481,150.02339472508785,44.624146957705634,180.0
1312.0,2013082112.0,23.65131095235583,45.0,52.23889874427604,151.24990103414893,243.0489961851613,31.89409103616868,180.0
1312.0,2013082118.0,20.771506761767217,54.0,45.10795202575687,161.88956088353996,163.24641296360647,44.76089558656782,323.182190798633
1407.0,2014061600.0,21.43532060288496,12.0,151.3872093946261,-203.4739057489562,266.675666254725,-37.34368213856338,323.182190798633
1407.0,2014061606.0,25.31288838718534,12.0,151.3872093946261,-176.98258913097825,213.4451484842715,-39.66454778964616,336.83020142859874
1407.0,2014061612.0,57.28092764905378,12.0,151.3872093946261,-68.60677721159279,192.1466142654523,-19.649324581144562,336.83020142859874
1410.0,2014072218.0,23.999516152005413,50.0,47.99093740128585,55.31679319088661,176.30534411653804,17.419542592957306,141.4204551270481
1410.0,2014072300.0,12.999980368359642,35.0,63.95217374784219,57.48352171336827,60.43465795976908,43.566358785891225,141.4204551270481
1410.0,2014072306.0,19.886861879991756,30.0,72.40148542303059,77.98344961313786,86.23764921155613,42.12257959124433,11.288216040912591
1410.0,2014072312.0,17.439164341074115,22.0,92.93511238619287,56.428904746509566,178.24148714707295,17.567100501972227,11.288216040912591
1416.0,2014092100.0,22.726626004575582,28.0,76.53637190808041,-250.51015450824968,282.52515786062605,-41.56284757475021,315.0479185174187
1416.0,2014092106.0,28.54653581674584,28.0,76.53637190808041,-232.01996695368413,241.52302229590745,-43.8503432609366,315.0479185174187
1510.0,2015070806.0,9.029141361747802,35.0,63.95217374784219,234.50089107915034,284.2985843282435,39.5171817418774,296.59883653260613
1510.0,2015070812.0,13.22372771766202,45.0,52.23889874427604,253.25391646808504,254.53275145734645,44.855703788035136,296.59883653260613
1510.0,2015070818.0,53.44820493163172,55.0,44.44655669143675,86.18185724474749,268.9260590581881,17.768926491464622,293.21073977617345
1513.0,2015080800.0,12.426030251125026,55.0,44.44655669143675,-16.17029534419351,109.99809271960629,-8.362880635939336,293.21073977617345
1513.0,2015080806.0,17.01708687420636,45.0,52.23889874427604,22.385830144395086,38.24943393755864,30.33869407693728,89.8761156499827
1513.0,2015080812.0,23.934505650800862,35.0,63.95217374784219,67.25045348606638,73.72925898574073,42.36879005242709,280.5919416265312
1513.0,2015080818.0,16.018688805006605,25.0,83.84716432679616,99.98979052095319,189.3488198910571,27.83727518377844,280.5919416265312
1521.0,2015092812.0,15.343619607945476,50.0,47.99093740128585,-8.862626115974054,141.57401360340026,-3.5820790593486107,319.4100922345402
1521.0,2015092818.0,21.967607916091918,35.0,63.95217374784219,31.168747124697212,50.15702071255513,31.85778577866461,319.4100922345402
1521.0,2015092900.0,29.43188904962764,28.0,76.53637190808041,86.74289416585492,98.41113168434931,41.39404086105771,262.8410170084794
1601.0,2016070800.0,15.118296584444343,60.0,41.4398648134883,-35.832689188918515,217.95653661187887,-9.336077952125398,262.8410170084794
1601.0,2016070806.0,5.437624300041512,45.0,52.23889874427604,-127.32523643323633,129.38392541028344,-44.5405241468478,270.017432957976
1601.0,2016070812.0,5.034302883490705,35.0,63.95217374784219,-68.04384658454384,129.71006222772976,-27.680792687405532,270.017432957976
1601.0,2016070818.0,20.379663467985306,25.0,83.84716432679616,-39.74491051162816,104.76567354228122,-20.775222112586455,103.6260864091183
1601.0,2016070900.0,10.02269692984588,20.0,100.3462021112321,26.570067812684677,44.09558505093002,31.071325547817423,348.70412714844025
1601.0,2016070906.0,12.517044789506604,18.0,109.22843718657725,7.997901671442737,98.34906545646459,4.64915289757845,348.70412714844025
1601.0,2016070912.0,57.03550797811038,15.0,126.49595057933435,71.35038247230554,173.27079980544954,22.381147954794,315.0226312464597
1614.0,2016091406.0,24.065901052053558,85.0,31.30746122196499,-98.45391300796727,197.13030931578336,-26.539179495995857,315.0226312464597
1614.0,2016091412.0,17.97652733621156,75.0,34.626274653077736,93.78150010544536,98.36174014199395,43.634462846335055,330.9518378924782
1614.0,2016091418.0,22.530517560896055,70.0,36.603799205979946,76.67805719456804,114.73893396106392,33.75412615460052,330.9518378924782
1617.0,2016092706.0,19.456145143271534,60.0,41.4398648134883,-78.88947839805199,211.76354683345693,-20.432157875763032,281.30026161799924
1617.0,2016092712.0,22.69010439682064,50.0,47.99093740128585,6.771978089362841,115.40705363533753,3.3582119779795883,281.30026161799924
1617.0,2016092718.0,25.336192717888935,40.0,57.43436099052307,11.497839631106418,22.136908493130235,27.447220642006954,288.4254067151326
1617.0,2016092800.0,15.2357717347609,25.0,83.84716432679616,50.19216805181399,171.24447737986827,16.335987809145887,288.4254067151326
1709.0,2017072912.0,26.28158195135929,45.0,52.23889874427604,104.71984847917201,235.36201246922803,23.985762545598618,333.4370839254698
1709.0,2017072918.0,20.09727042851028,35.0,63.95217374784219,121.07567595418789,123.2805934135766,44.48301291234797,333.4370839254698
1709.0,2017073000.0,21.334409938858396,28.0,76.53637190808041,145.6286449170095,163.99155985416775,41.605885128958825,14.03602575533494
1709.0,2017073006.0,11.440187574187453,20.0,100.3462021112321,247.36245650369028,251.9577053097917,44.472721212140364,14.03602575533494
1709.0,2017073012.0,12.470397668003384,18.0,109.22843718657725,253.99092111853895,268.18433277961367,43.44300856541677,136.16674516662835
1710.0,2017073006.0,28.00898354193804,25.0,83.84716432679616,-121.32326457110888,293.22751176247317,-22.477389425286507,136.16674516662835
1710.0,2017073012.0,38.90760901844077,20.0,100.3462021112321,61.13296495781524,152.0651998788768,21.90102062801091,356.98723031196994
1710.0,2017073018.0,22.845510606051093,20.0,100.3462021112321,89.53856448409346,110.17554877183694,39.10041490612234,356.98723031196994
1717.0,2017090612.0,15.186809051560637,12.0,151.3872093946261,-198.74358877505162,286.503623569506,-34.74850852435636,343.2998197205397
1717.0,2017090618.0,13.059377077271142,10.0,175.31944474510186,146.78654633992903,228.0518143301219,32.76753517511641,343.2998197205397
1806.0,2018061400.0,10.962651553454286,16.0,120.0918404217308,226.30755814768335,284.2985843282435,38.5205155297939,209.40984385899029
1806.0,2018061406.0,11.338302418890985,16.0,120.0918404217308,178.1911324069482,250.18450849468053,35.45994728333711,296.6235009809096
1806.0,2018061412.0,6.334198858272152,16.0,120.0918404217308,-186.483327301806,206.44761627745444,-42.091380220824924,296.6235009809096
1806.0,2018061418.0,4.081809430541147,16.0,120.0918404217308,-136.91790955811766,191.40850719169535,-35.576814545213104,303.7572482956215
1806.0,2018061500.0,27.882726450675737,18.0,109.22843718657725,-173.8198224381858,174.08232722461776,-44.95676826508599,303.7572482956215
1806.0,2018061506.0,61.0459831424296,18.0,109.22843718657725,161.27852367152465,239.68267893641055,33.93595992608377,73.53637387577517
1808.0,2018071100.0,29.923818747998027,50.0,47.99093740128585,241.98417963647327,249.44174175670688,44.1305830223379,301.4128438338264
